city,latitude,longitude,date,mean_temperature_c,max_temperature_c,min_temperature_c,mean_humidity,max_humidity,mean_wind_speed,max_solar_radiation,mean_utci_c,max_utci_c,min_utci_c,mean_wbgt_c,max_wbgt_c,max_heat_index_c,max_thermal_stress,mean_thermal_stress,precipitation_mm,nighttime_min_temperature_c,nighttime_mean_utci_c,nighttime_max_utci_c,utci_3day_mean,utci_3day_max,utci_5day_mean,temperature_3day_mean,night_temp_3day_mean,hot_day,hot_night,consecutive_hot_days,consecutive_hot_nights,persistence_score,environmental_heat_risk,risk_category
Ahmedabad,23.0225,72.5714,2020-04-01,29.646666666666665,38.73,20.98,31.00583333333333,65.1,3.78,1003.65,26.837500000000002,37.7,18.1,21.328729944812284,26.524693490580304,39.10348888888889,44.311669843721596,13.048610735603718,0.0,20.98,22.008333333333336,33.1,26.837500000000002,37.7,26.837500000000002,29.646666666666665,20.98,1,0,1,0,12.0,39.08000000000001,MODERATE
Ahmedabad,23.0225,72.5714,2020-04-02,30.2825,39.27,20.84,21.71291666666667,37.76,2.29625,1006.67,27.795833333333334,38.3,16.8,20.31681887428579,25.067671369260665,39.54604444444445,41.723993828884446,14.894131570630023,0.0,20.84,22.275000000000002,34.5,27.31666666666667,38.3,27.31666666666667,29.96458333333333,20.91,1,0,2,0,24.0,43.73999999999999,MODERATE
Ahmedabad,23.0225,72.5714,2020-04-03,30.866249999999997,40.72,21.47,19.607083333333332,33.95,3.0504166666666666,1012.4,27.583333333333332,39.7,15.3,20.300650556954427,25.573490491661087,41.103183333333334,48.234109156142694,16.114216373785386,0.0,21.47,21.599999999999998,35.9,27.405555555555555,39.7,27.405555555555555,30.265138888888885,21.096666666666668,1,0,3,0,36.0,51.57000000000001,HIGH
Ahmedabad,23.0225,72.5714,2020-04-04,31.323333333333334,41.15,20.94,18.462500000000002,33.98,2.9625,1016.7,28.55,40.4,16.1,20.467241782124468,25.92953679995606,41.57775,51.4396248926218,17.638934171841807,0.0,20.94,22.425,35.8,27.976388888888888,40.4,27.691666666666666,30.824027777777776,21.083333333333332,1,0,4,0,48.0,56.13999999999999,HIGH
Ahmedabad,23.0225,72.5714,2020-04-05,31.977500000000003,41.16,22.07,17.38083333333333,27.78,2.4541666666666666,1030.7,29.183333333333334,40.1,17.8,20.834072189091472,25.95170161405411,41.593188888888875,50.78969509937006,18.114388759277276,0.0,22.07,24.066666666666666,37.5,28.438888888888886,40.4,27.99,31.38902777777778,21.493333333333336,1,0,5,0,60.0,59.37,HIGH
Ahmedabad,23.0225,72.5714,2020-04-06,31.782916666666665,41.15,22.51,20.38083333333333,41.68,2.68625,1017.65,29.379166666666666,40.5,18.3,21.157640730420738,26.059857533989124,41.589761111111116,52.11632139423791,18.7025527622902,0.0,22.51,24.075,37.4,29.037499999999998,40.5,28.498333333333335,31.694583333333338,21.840000000000003,1,0,6,0,72.0,64.01,HIGH
Ahmedabad,23.0225,72.5714,2020-04-07,30.74875,40.67,21.83,30.55666666666667,73.48,3.59125,1019.78,28.004166666666666,40.0,17.2,21.640423304875807,26.131071582788117,41.093355555555554,50.64830653580396,16.197070764223525,0.0,21.83,22.508333333333336,35.5,28.855555555555554,40.5,28.54,31.50305555555555,22.136666666666667,1,0,7,0,84.0,64.83,HIGH
Ahmedabad,23.0225,72.5714,2020-04-08,31.161666666666665,40.24,21.74,36.23458333333333,78.03,3.5845833333333332,1022.65,28.962500000000002,39.8,20.2,23.07706958682333,27.26872014259659,40.739422222222224,53.248914050978165,17.55387825904384,0.0,21.74,23.900000000000002,35.1,28.781944444444445,40.5,28.815833333333337,31.231111111111108,22.026666666666667,1,0,8,0,96.0,67.13999999999999,HIGH
Ahmedabad,23.0225,72.5714,2020-04-09,31.72375,40.46,23.31,31.67375,75.64,2.686666666666667,999.25,29.925,40.3,19.7,22.918335676963437,27.29970709057858,40.97437222222223,54.800749291059404,19.797148101036885,0.0,23.31,24.791666666666668,36.6,28.963888888888892,40.3,29.090833333333336,31.211388888888887,22.293333333333333,1,0,9,0,100.0,71.21,SEVERE
Ahmedabad,23.0225,72.5714,2020-04-10,32.583333333333336,41.35,22.77,22.67375,54.15,2.3241666666666667,997.67,30.370833333333334,40.7,18.1,22.180580270846466,26.62351274997139,41.84187777777778,54.52651892624268,20.495496707379775,0.0,22.77,25.258333333333336,37.6,29.75277777777778,40.7,29.328333333333337,31.822916666666668,22.606666666666666,1,0,10,0,100.0,71.87,SEVERE
Ahmedabad,23.0225,72.5714,2020-04-11,34.87208333333333,43.62,25.06,16.516666666666666,26.77,3.0241666666666664,976.03,32.46666666666667,43.2,20.9,22.87160788574033,27.641055472978685,44.295533333333324,65.80584564781894,26.61609994322578,0.0,25.06,27.633333333333336,40.0,30.920833333333334,43.2,29.945833333333336,33.05972222222223,23.713333333333335,1,1,11,1,100.0,81.66000000000001,SEVERE
Ahmedabad,23.0225,72.5714,2020-04-12,34.818333333333335,44.25,26.39,16.059583333333332,26.59,3.6670833333333337,1027.8,32.574999999999996,44.1,21.2,22.606640284132308,27.407684072059258,44.943622222222224,68.07620197463189,26.85123889608671,0.0,26.39,27.616666666666664,41.2,31.804166666666664,44.1,30.860000000000003,34.09125,24.74,1,1,12,2,100.0,85.69,EXTREME
Ahmedabad,23.0225,72.5714,2020-04-13,35.13166666666667,44.11,25.79,16.152083333333334,27.45,4.123333333333333,975.85,32.895833333333336,44.0,19.9,22.857644618891328,27.3169090831374,44.79040555555555,67.42064512380833,27.61142298313977,0.0,25.79,27.849999999999998,40.8,32.645833333333336,44.1,31.64666666666667,34.94069444444444,25.74666666666667,1,1,13,3,100.0,84.78999999999999,SEVERE
Ahmedabad,23.0225,72.5714,2020-04-14,35.51958333333334,43.6,27.08,19.138333333333332,29.82,3.580416666666667,1007.62,33.69166666666667,43.6,24.1,23.982319694887256,28.29977393037234,44.32105555555555,68.96110923073056,29.611300044553378,0.0,27.08,29.558333333333334,41.1,33.05416666666667,44.1,32.4,35.156527777777775,26.419999999999998,1,1,14,4,100.0,84.88000000000001,SEVERE
Ahmedabad,23.0225,72.5714,2020-04-15,34.6475,43.4,27.83,22.422083333333333,39.66,3.26,979.5,32.90416666666667,43.4,25.3,23.90783170481244,28.187593947378108,44.103405555555554,67.87310200235794,26.56248191976822,0.0,27.83,28.15833333333333,38.1,33.16388888888889,44.0,32.906666666666666,35.099583333333335,26.899999999999995,1,1,15,5,100.0,85.02999999999999,EXTREME
Ahmedabad,23.0225,72.5714,2020-04-16,35.026666666666664,43.52,26.71,24.264583333333334,43.59,4.279166666666667,955.08,33.71666666666667,44.3,24.6,24.51840194004231,28.581240664016608,44.25995,71.09798812491027,29.880529818566558,0.0,26.71,28.775000000000002,39.3,33.4375,44.3,33.156666666666666,35.06458333333334,27.206666666666667,1,1,16,6,100.0,86.60999999999999,EXTREME
Ahmedabad,23.0225,72.5714,2020-04-17,34.44083333333334,42.61,27.08,25.15041666666667,40.34,4.276666666666666,822.17,32.74583333333333,43.2,24.0,24.27282308832359,28.30792770388224,43.290022222222234,67.08901982662259,26.932615341401938,0.0,27.08,27.974999999999998,38.5,33.12222222222223,44.3,33.19083333333333,34.705000000000005,27.206666666666667,1,1,17,7,100.0,83.68,SEVERE
Ahmedabad,23.0225,72.5714,2020-04-18,35.160833333333336,42.82,26.4,23.542083333333334,42.35,4.070833333333334,977.05,33.30416666666667,42.9,23.7,24.49211432913093,27.8807333208748,43.475588888888886,65.21879899644082,28.676323013685018,0.0,26.4,28.400000000000002,38.8,33.25555555555556,44.3,33.2725,34.87611111111111,26.73,1,1,18,8,100.0,82.1,SEVERE
Ahmedabad,23.0225,72.5714,2020-04-19,33.7875,41.52,25.36,29.60625,59.3,4.502916666666667,962.6,31.78333333333333,41.7,23.0,24.515761896663903,28.36548887872563,42.15577777777778,62.26603668448606,24.926533940468445,0.0,25.36,27.183333333333334,37.5,32.611111111111114,43.2,32.89083333333333,34.46305555555556,26.28,1,1,19,9,100.0,77.46000000000001,SEVERE
Ahmedabad,23.0225,72.5714,2020-04-20,33.334583333333335,41.46,24.94,32.930416666666666,62.96,4.30375,1018.85,31.395833333333332,41.6,22.7,24.60001857759279,28.244717637854453,42.09029999999999,61.76315550964406,23.655568342853247,0.0,24.94,26.59166666666667,36.1,32.16111111111111,42.9,32.589166666666664,34.09430555555556,25.566666666666666,1,0,20,0,100.0,76.74,SEVERE
Ahmedabad,23.0225,72.5714,2020-04-21,34.566250000000004,42.17,26.36,29.5,63.12,3.546666666666667,963.4,33.166666666666664,42.4,23.5,25.15420874295539,29.080661896969175,42.90106666666667,67.06900018366116,29.05030175757362,0.0,26.36,29.091666666666665,38.9,32.11527777777778,42.4,32.479166666666664,33.89611111111111,25.55333333333333,1,1,21,1,100.0,80.55999999999999,SEVERE
Ahmedabad,23.0225,72.5714,2020-04-22,34.83291666666667,42.31,27.26,30.52208333333333,58.04,3.48625,959.03,33.34583333333333,42.5,25.1,25.508279725395145,29.00438972833819,43.03809444444445,67.20933826714017,29.525631999270825,0.0,27.26,28.583333333333332,37.3,32.63611111111111,42.5,32.59916666666666,34.24458333333334,26.186666666666667,1,1,22,2,100.0,81.76,SEVERE
Ahmedabad,23.0225,72.5714,2020-04-23,35.23041666666666,43.58,26.48,32.76291666666666,62.4,4.84375,1021.28,33.854166666666664,44.2,25.2,25.935123499556838,29.155221259729156,44.35258333333333,72.75357682266572,31.39267027804355,0.0,26.48,29.025000000000002,39.6,33.455555555555556,44.2,32.70916666666666,34.876527777777774,26.700000000000003,1,1,23,3,100.0,86.08000000000001,EXTREME
Ahmedabad,23.0225,72.5714,2020-04-24,34.20166666666667,42.86,25.17,34.28,70.15,4.6812499999999995,1011.95,32.59166666666667,43.3,24.1,25.286318718930804,29.019036112737002,43.593222222222224,69.43538853144773,27.823241994478806,0.0,25.17,27.7,38.3,33.263888888888886,44.2,32.87083333333333,34.755,26.303333333333338,1,1,24,4,100.0,82.07,SEVERE
Ahmedabad,23.0225,72.5714,2020-04-25,33.08875,40.31,24.53,35.19958333333333,75.34,3.877083333333333,1003.0,31.445833333333336,40.1,23.3,24.77088551406105,28.18322156909295,40.906505555555555,56.8922782338489,23.172687997450776,0.03,24.53,26.558333333333334,34.6,32.63055555555555,44.2,32.880833333333335,34.17361111111111,25.393333333333334,1,0,25,0,100.0,71.83,SEVERE
Ahmedabad,23.0225,72.5714,2020-04-26,34.209583333333335,43.2,25.6,32.055416666666666,63.92,3.5541666666666667,1001.75,32.583333333333336,43.5,23.2,25.008040252549645,29.17636187014179,43.96252222222222,70.68044309834806,28.067511702308718,0.18,25.6,27.25,38.7,32.20694444444444,43.5,32.76416666666667,33.833333333333336,25.099999999999998,1,1,26,1,100.0,83.1,SEVERE
Ahmedabad,23.0225,72.5714,2020-04-27,34.290416666666665,43.14,25.24,31.129583333333333,73.32,3.17,1013.45,32.84583333333334,43.2,23.2,24.82752715444072,28.644065521687573,43.863099999999996,68.56340429453134,28.08706168608836,0.01,25.24,27.733333333333334,39.0,32.291666666666664,43.5,32.664166666666674,33.86291666666667,25.123333333333335,1,1,27,2,100.0,81.84,SEVERE
Ahmedabad,23.0225,72.5714,2020-04-28,35.071666666666665,43.43,25.44,25.551666666666666,64.89,2.2716666666666665,1023.1,33.645833333333336,42.9,23.7,24.619579155050804,28.549919930939744,44.155466666666676,67.81457621794,30.138531081116394,0.0,25.44,28.808333333333334,39.5,33.025,43.5,32.6225,34.523888888888884,25.426666666666666,1,1,28,3,100.0,81.13999999999999,SEVERE
Ahmedabad,23.0225,72.5714,2020-04-29,36.12166666666666,44.26,27.05,23.114166666666666,36.76,3.203333333333333,998.67,34.704166666666666,44.5,24.4,25.263351825890748,29.32332781036861,45.08961666666666,74.95008488038118,34.5106543276534,0.0,27.05,29.816666666666666,40.8,33.731944444444444,44.5,33.045,35.161249999999995,25.91,1,1,29,4,100.0,87.55,EXTREME
Ahmedabad,23.0225,72.5714,2020-04-30,36.485,45.13,28.4,24.41416666666667,44.15,3.7704166666666663,1016.35,34.875,45.5,24.5,25.700394961782226,29.897171705665773,46.04087222222222,79.99879531023404,35.89728279651033,0.03,28.4,29.583333333333332,41.6,34.40833333333333,45.5,33.73083333333334,35.89277777777777,26.963333333333335,1,1,30,5,100.0,91.9,EXTREME
Ahmedabad,23.0225,72.5714,2020-05-01,36.10458333333333,44.67,27.98,28.91125,63.39,4.51625,1009.1,34.56666666666667,45.2,24.4,26.033773992214577,29.663354943212163,45.53826666666667,77.89973431192321,34.87733789337941,0.0,27.98,29.441666666666666,41.1,34.71527777777777,45.5,34.1275,36.237083333333324,27.810000000000002,1,1,31,6,100.0,90.58000000000001,EXTREME
Ahmedabad,23.0225,72.5714,2020-05-02,35.36708333333333,44.42,26.22,32.23,69.94,5.309583333333333,1044.55,33.9,45.7,23.7,25.725565488293768,29.39942578191235,45.24968888888889,77.81903172701786,32.757421797416846,0.0,26.22,28.325,41.0,34.447222222222216,45.7,34.33833333333333,35.98555555555556,27.53333333333333,1,1,32,7,100.0,90.32000000000001,EXTREME
Ahmedabad,23.0225,72.5714,2020-05-03,35.0225,44.16,25.54,35.95291666666667,76.6,4.64375,1009.22,33.704166666666666,44.5,23.9,25.89150210861779,28.704542333066836,44.93862222222221,72.96242893156764,30.91460784673856,0.0,25.54,28.474999999999998,38.9,34.05694444444444,45.7,34.35,35.49805555555556,26.58,1,1,33,8,100.0,86.03999999999999,EXTREME
Ahmedabad,23.0225,72.5714,2020-05-04,35.80291666666667,44.14,26.35,35.95041666666666,77.14,3.9270833333333335,1012.97,35.045833333333334,44.8,26.7,26.94880610801376,30.123687937122302,45.02498333333334,77.90079709539079,37.245789005563566,0.1,26.35,30.416666666666668,39.4,34.21666666666666,45.7,34.41833333333334,35.3975,26.036666666666665,1,1,34,9,100.0,87.75,EXTREME
Ahmedabad,23.0225,72.5714,2020-05-05,35.93,44.23,28.44,30.34875,59.52,3.3091666666666666,1017.62,35.07083333333333,44.7,27.3,26.27471375628683,30.03046092283512,45.08560000000001,77.28629367505853,36.094669284557106,0.65,28.44,30.599999999999998,39.2,34.606944444444444,44.8,34.457499999999996,35.585138888888885,26.776666666666667,1,1,35,10,100.0,89.54,EXTREME
Ahmedabad,23.0225,72.5714,2020-05-06,35.72833333333333,44.88,25.58,26.10166666666667,66.36,4.165,1012.72,34.44583333333333,45.4,24.3,24.94426909839976,28.894309594917083,45.703466666666664,76.27396369608815,33.712264395576184,0.0,25.58,29.425,41.9,34.854166666666664,45.4,34.43333333333334,35.82041666666667,26.790000000000003,1,1,36,11,100.0,88.77999999999999,EXTREME
Ahmedabad,23.0225,72.5714,2020-05-07,35.07,44.71,24.83,28.143333333333334,65.95,3.15625,1047.68,33.895833333333336,44.7,24.4,24.618807611291682,28.40425533218645,45.4867,72.69383846032747,30.47672628488125,0.0,24.83,28.808333333333334,40.3,34.47083333333333,45.4,34.4325,35.57611111111111,26.28333333333333,1,0,37,0,100.0,85.93,EXTREME
Ahmedabad,23.0225,72.5714,2020-05-08,35.49666666666666,44.51,25.55,29.239583333333332,68.63,3.341666666666667,1034.62,34.391666666666666,44.8,25.5,25.442799191024644,29.225122123109568,45.341116666666665,75.57997754444435,32.96857623451144,0.0,25.55,29.558333333333334,41.1,34.24444444444444,45.4,34.57,35.431666666666665,25.319999999999997,1,1,38,1,100.0,86.94999999999999,EXTREME
Ahmedabad,23.0225,72.5714,2020-05-09,35.99375,44.41,26.99,30.22791666666667,65.13,3.124166666666667,1039.18,34.891666666666666,44.8,25.8,26.20145236419245,30.003276829204506,45.29404444444444,77.72482799549933,35.59206204548617,0.0,26.99,29.983333333333334,40.9,34.39305555555555,44.8,34.53916666666667,35.52013888888889,25.790000000000003,1,1,39,2,100.0,88.38999999999999,EXTREME
Ahmedabad,23.0225,72.5714,2020-05-10,34.86,43.54,26.95,34.22,70.11,3.2550000000000003,1028.12,34.012499999999996,44.0,26.3,25.81223416819343,29.447762070335145,44.33756666666667,72.96686008660623,31.84407957894273,0.0,26.95,29.458333333333332,39.6,34.43194444444443,44.8,34.3275,35.45013888888889,26.496666666666666,1,1,40,3,100.0,85.95,EXTREME
Ahmedabad,23.0225,72.5714,2020-05-11,34.42916666666667,42.67,26.57,38.852916666666665,74.05,3.8008333333333333,1023.05,33.68333333333333,43.4,26.1,26.336779394204456,29.970033503831235,43.4985888888889,72.75669954531013,31.509808574582465,0.0,26.57,29.383333333333336,38.2,34.195833333333326,44.8,34.175,35.09430555555556,26.83666666666667,1,1,41,4,100.0,83.76999999999998,SEVERE
Ahmedabad,23.0225,72.5714,2020-05-12,34.62166666666666,42.8,26.98,40.00208333333333,76.71,3.5187500000000003,1018.7,33.925000000000004,43.4,26.7,26.734204415375576,30.224853640130206,43.645244444444444,73.29936710366157,33.26693986985875,0.0,26.98,29.758333333333336,38.9,33.87361111111111,44.0,34.18083333333333,34.636944444444445,26.833333333333332,1,1,42,5,100.0,84.17999999999999,SEVERE
Ahmedabad,23.0225,72.5714,2020-05-13,35.86375,43.59,27.23,34.307916666666664,68.27,3.07625,1012.0,35.27916666666667,44.4,26.3,27.014549951210693,30.567336611260906,44.50014444444446,77.9195267419953,38.281809344501276,0.0,27.23,30.558333333333334,39.7,34.29583333333333,44.4,34.358333333333334,34.97152777777778,26.926666666666666,1,1,43,6,100.0,87.42999999999999,EXTREME
Ahmedabad,23.0225,72.5714,2020-05-14,35.797916666666666,43.21,28.07,31.946250000000003,58.68,3.4175,1021.65,34.75,43.9,26.0,26.65209128938341,30.318819012740754,44.0813611111111,75.40322882706987,36.2251227499657,0.0,28.07,29.733333333333334,38.8,34.65138888888888,44.4,34.33,35.42777777777778,27.426666666666666,1,1,44,7,100.0,86.76999999999998,EXTREME
Ahmedabad,23.0225,72.5714,2020-05-15,36.61833333333333,44.05,28.31,30.594166666666666,53.1,4.117083333333333,1004.15,35.4375,44.9,25.7,27.115163744980023,30.945311292136083,45.0077111111111,80.72251113745067,39.549224529916074,0.0,28.31,30.474999999999998,40.9,35.15555555555555,44.9,34.614999999999995,36.093333333333334,27.87,1,1,45,8,100.0,90.00999999999999,EXTREME
Ahmedabad,23.0225,72.5714,2020-05-16,36.15875,44.42,28.07,30.32166666666667,64.29,4.802083333333333,1040.75,34.7875,45.3,25.2,26.261022079377213,29.915101086669893,45.30034444444445,78.8669395304831,36.20738245579842,0.0,28.07,29.816666666666666,41.6,34.99166666666667,45.3,34.83583333333333,36.19166666666666,28.149999999999995,1,1,46,9,100.0,90.97,EXTREME
Ahmedabad,23.0225,72.5714,2020-05-17,35.3525,42.93,27.55,32.77291666666667,67.97,5.831666666666667,1027.1,33.61666666666667,43.4,25.0,26.090057836439417,28.813108562233808,43.643588888888885,68.99974051256694,31.13801219875819,0.0,27.55,28.641666666666666,38.7,34.61388888888889,45.3,34.774166666666666,36.043194444444445,27.97666666666667,1,1,47,10,100.0,84.74999999999999,SEVERE
Ahmedabad,23.0225,72.5714,2020-05-18,35.123333333333335,43.04,28.39,31.715833333333332,62.63,4.597083333333333,985.72,33.449999999999996,43.5,25.3,25.90314021297537,29.630276710643557,43.840050000000005,71.99954178438286,30.823475661565656,0.0,28.39,28.441666666666666,37.4,33.951388888888886,45.3,34.40833333333333,35.54486111111111,28.003333333333334,1,1,48,11,100.0,85.89,EXTREME
Ahmedabad,23.0225,72.5714,2020-05-19,35.38041666666667,43.62,27.74,28.97458333333333,67.83,4.085833333333333,1020.6,33.96666666666667,44.0,24.8,25.47412630734827,29.17643027251168,44.40702777777776,72.56230647902201,32.64955258628469,0.030000000000000002,27.74,29.099999999999998,40.1,33.67777777777778,44.0,34.251666666666665,35.28541666666666,27.893333333333334,1,1,49,12,100.0,86.74,EXTREME
Ahmedabad,23.0225,72.5714,2020-05-20,36.50791666666667,45.08,27.23,24.707916666666666,52.74,3.86125,1042.97,35.0375,45.4,24.4,25.669741379266345,29.65405461296716,45.96211111111111,78.60799958769374,36.67684396510719,0.0,27.23,29.625,41.7,34.15138888888888,45.4,34.17166666666667,35.67055555555556,27.786666666666665,1,1,50,13,100.0,90.42999999999999,EXTREME
Ahmedabad,23.0225,72.5714,2020-05-21,36.755,45.5,27.58,25.313333333333333,60.84,5.332916666666667,1047.43,35.329166666666666,46.6,24.3,25.703111638621436,29.091443287493508,46.35909444444445,79.09189024895396,36.431064740845414,0.0,27.58,29.741666666666664,42.5,34.77777777777778,46.6,34.28,36.214444444444446,27.516666666666666,1,1,51,14,100.0,92.58,EXTREME
Ahmedabad,23.0225,72.5714,2020-05-22,35.969166666666666,45.17,26.84,31.42625,69.5,5.558333333333334,1039.6,34.78333333333334,46.2,25.2,25.972349028099135,29.262400743858812,46.03291111111111,79.1765114103204,35.008733785550525,0.0,26.84,29.125,41.5,35.04999999999999,46.6,34.513333333333335,36.41069444444445,27.21666666666667,1,1,52,15,100.0,91.84,EXTREME
Ahmedabad,23.0225,72.5714,2020-05-23,36.29708333333333,45.17,26.28,32.37916666666667,75.65,4.580416666666667,1038.07,35.12916666666667,45.5,25.2,26.500093227028472,29.425473430298158,46.03761111111111,78.49883574983167,36.75867524898293,0.0,26.28,29.791666666666668,41.1,35.080555555555556,46.6,34.84916666666667,36.34041666666667,26.899999999999995,1,1,53,16,100.0,89.78,EXTREME
Ahmedabad,23.0225,72.5714,2020-05-24,36.973333333333336,45.59,28.19,28.17833333333333,61.79,4.300833333333333,1017.95,35.69166666666667,45.9,26.2,26.408707422875825,29.606939733183484,46.49438888888889,80.47415253288378,38.271467187866044,0.0,28.19,30.641666666666666,42.3,35.201388888888886,46.2,35.194166666666675,36.41319444444445,27.103333333333335,1,1,54,17,100.0,92.88999999999999,EXTREME
Ahmedabad,23.0225,72.5714,2020-05-25,36.585,45.31,27.85,29.8425,62.36,4.2700000000000005,1039.25,35.42916666666667,45.9,26.0,26.42705735117424,29.793226430491245,46.209888888888884,80.29627964948841,37.59483864728041,0.0,27.85,30.258333333333336,41.0,35.416666666666664,45.9,35.2725,36.61847222222223,27.44,1,1,55,18,100.0,92.54999999999998,EXTREME
Ahmedabad,23.0225,72.5714,2020-05-26,36.475,45.45,27.12,35.63125,72.79,5.66375,1035.18,35.625,47.1,25.7,27.292777881366053,30.616800628700595,46.430733333333336,83.74669174117426,40.21061177430102,0.0,27.12,29.433333333333334,40.3,35.58194444444444,47.1,35.33166666666667,36.67777777777778,27.72,1,1,56,19,100.0,92.12,EXTREME
Ahmedabad,23.0225,72.5714,2020-05-27,36.31791666666667,46.3,27.23,42.83291666666667,77.89,7.169999999999999,1026.8,36.354166666666664,49.9,26.1,28.372800511974514,31.893819145811296,47.416911111111105,88.43529318622616,44.319007832790305,0.0,27.23,29.575,39.8,35.80277777777777,49.9,35.645833333333336,36.45930555555555,27.400000000000002,1,1,57,20,100.0,92.23,EXTREME
Ahmedabad,23.0225,72.5714,2020-05-28,36.1675,45.46,28.62,45.82375,78.72,7.74875,995.55,36.59166666666667,49.9,27.1,28.806694494714634,32.14843826289118,46.561844444444446,88.1795262656988,46.94195506109728,0.0,28.62,30.474999999999998,40.6,36.19027777777777,49.9,35.93833333333334,36.320138888888884,27.656666666666666,1,1,58,21,100.0,93.62,EXTREME
Ahmedabad,23.0225,72.5714,2020-05-29,34.846666666666664,41.61,28.66,50.76208333333333,79.1,6.6866666666666665,991.75,34.579166666666666,43.6,27.4,28.725573583040426,31.138365710503148,42.538833333333336,75.92712611701671,42.51127880411753,0.0,28.66,30.333333333333332,36.4,35.84166666666666,49.9,35.71583333333333,35.77736111111111,28.17,1,1,59,22,100.0,86.46000000000001,EXTREME
Ahmedabad,23.0225,72.5714,2020-05-30,34.895,40.77,28.86,47.10333333333333,73.27,4.442083333333334,948.58,34.266666666666666,41.0,27.5,28.29949501148479,30.685950387439576,43.266640820459415,66.38151513060097,40.08679215539025,0.22,28.86,30.691666666666666,36.0,35.145833333333336,49.9,35.483333333333334,35.30305555555555,28.713333333333335,1,1,60,23,100.0,78.86,SEVERE
Ahmedabad,23.0225,72.5714,2020-05-31,34.66041666666667,39.78,28.63,42.505833333333335,73.32,4.038333333333333,969.2,33.78333333333333,39.8,27.8,27.40633298741896,29.160397834001138,40.47703888888888,58.70035775321112,34.963498462708735,0.05,28.63,30.491666666666664,36.8,34.20972222222222,43.6,35.115,34.800694444444446,28.71666666666667,1,1,61,24,100.0,75.02999999999999,SEVERE
Ahmedabad,23.0225,72.5714,2020-06-01,34.23,38.75,29.53,44.5825,65.46,3.3670833333333334,927.42,33.75833333333333,38.5,29.1,27.53271600185253,29.72551235793041,39.523944444444446,56.31692354722118,34.77667516223122,0.05,29.53,31.291666666666668,37.1,33.9361111111111,41.0,34.59583333333333,34.59513888888889,29.00666666666667,1,1,62,25,100.0,72.03,SEVERE
Ahmedabad,23.0225,72.5714,2020-06-02,34.94708333333333,40.73,29.26,43.11333333333334,63.39,3.4270833333333335,970.47,34.550000000000004,41.5,29.0,27.861999796208128,30.45993952797726,41.58392222222221,67.78430236317516,38.47460464995555,0.08,29.26,31.3,37.9,34.03055555555556,41.5,34.1875,34.6125,29.14,1,1,63,26,100.0,80.76,SEVERE
Ahmedabad,23.0225,72.5714,2020-06-03,34.692083333333336,40.61,29.31,38.606249999999996,59.65,3.6979166666666665,899.65,33.9625,40.7,29.0,26.974666976325647,29.670160637634844,41.353483333333344,62.92861717860502,33.78521361418127,0.45,29.31,31.46666666666667,37.4,34.09027777777778,41.5,34.064166666666665,34.62305555555556,29.366666666666664,1,1,64,27,100.0,78.41000000000001,SEVERE
Ahmedabad,23.0225,72.5714,2020-06-04,35.06541666666667,40.83,29.11,40.56041666666667,68.26,4.564166666666666,948.7,34.17916666666667,41.1,27.5,27.530013775853728,30.036008834004306,41.63543333333333,65.58449027012887,36.45775529707412,0.7999999999999999,29.11,30.541666666666668,37.0,34.230555555555554,41.5,34.04666666666667,34.90152777777778,29.22666666666667,1,1,65,28,100.0,79.41000000000001,SEVERE
Ahmedabad,23.0225,72.5714,2020-06-05,33.3125,38.9,28.36,55.27375,83.37,5.327916666666667,935.08,32.65,38.8,28.2,28.05352326612774,30.22587588261716,39.94410849683048,58.67192233384182,34.32506103157611,3.66,28.36,30.058333333333334,35.8,33.597222222222214,41.1,33.82,34.35666666666667,28.926666666666666,1,1,66,29,100.0,71.75999999999999,SEVERE
Ahmedabad,23.0225,72.5714,2020-06-06,31.63875,35.9,27.22,62.09041666666667,85.24,5.1825,977.03,30.71666666666667,35.1,27.3,27.463656763153192,29.117057976384608,40.124959579884376,46.26418225948807,27.071593535908146,6.55,27.22,28.916666666666668,32.6,32.515277777777776,41.1,33.211666666666666,33.33888888888889,28.23,1,1,67,30,100.0,59.52,HIGH
Ahmedabad,23.0225,72.5714,2020-06-07,31.255,35.36,26.75,63.51791666666667,88.7,3.7695833333333333,826.3,30.9875,34.8,28.0,27.273699176508757,28.80144108338469,39.43208625738679,44.21483303918606,26.712864566483447,2.23,26.75,29.191666666666666,32.6,31.451388888888886,38.8,32.49916666666667,32.06875,27.44333333333333,1,1,68,31,100.0,58.14999999999999,HIGH
Ahmedabad,23.0225,72.5714,2020-06-08,30.96083333333333,36.22,26.14,60.75083333333333,87.18,4.090833333333333,888.85,30.066666666666666,35.4,25.7,26.608848002310978,28.73522175763914,39.22484376959471,44.83596420299979,20.90047256830778,12.65,26.14,27.816666666666666,32.0,30.59027777777777,35.4,31.720000000000006,31.28486111111111,26.703333333333333,1,1,69,32,100.0,59.339999999999996,HIGH
Ahmedabad,23.0225,72.5714,2020-06-09,30.72791666666667,36.09,25.9,63.53208333333333,89.97,3.8983333333333334,969.25,30.145833333333332,36.0,26.7,26.719345323574277,28.920337948299675,39.654841785044624,47.765224092763916,21.493927543668544,9.51,25.9,27.891666666666666,31.9,30.399999999999995,36.0,30.913333333333334,30.98125,26.263333333333332,1,1,70,33,100.0,60.9,HIGH
Ahmedabad,23.0225,72.5714,2020-06-10,31.432916666666667,36.05,26.4,70.46458333333334,91.81,2.952083333333333,821.42,32.670833333333334,37.4,28.0,28.23374922435842,30.44893021365994,43.964245036640904,59.59830806414582,35.77445655572361,30.74,26.4,30.333333333333332,35.6,30.96111111111111,37.4,30.9175,31.040555555555557,26.146666666666665,1,1,71,34,100.0,65.6,HIGH
Ahmedabad,23.0225,72.5714,2020-06-11,32.32583333333333,37.55,27.33,63.862500000000004,92.02,2.8708333333333336,685.9,33.19583333333333,39.0,28.3,28.278652602962563,30.58189285802709,43.98910546932143,64.01881376479555,37.545130799840464,5.4,27.33,30.883333333333336,36.5,32.00416666666666,39.0,31.413333333333334,31.495555555555555,26.543333333333333,1,1,72,35,100.0,71.33,SEVERE
Ahmedabad,23.0225,72.5714,2020-06-12,31.108333333333334,34.87,27.62,70.185,86.81,2.879583333333333,861.12,32.208333333333336,36.3,27.9,27.960555745694425,29.65635225353018,41.806868212144394,52.59459433636827,33.37202229382117,12.31,27.62,30.508333333333336,34.5,32.69166666666666,39.0,31.657500000000006,31.622361111111108,27.116666666666664,1,1,73,36,100.0,63.519999999999996,HIGH
Ahmedabad,23.0225,72.5714,2020-06-13,29.352083333333336,31.47,27.14,82.21124999999999,91.65,1.5308333333333335,702.38,32.49166666666667,33.5,30.8,27.624898492382787,28.513891128525955,39.05798437806379,39.77687719258986,31.909525001493936,35.83,27.14,31.866666666666664,32.9,32.63194444444444,39.0,32.1425,30.928749999999997,27.363333333333333,1,1,74,37,100.0,54.64,HIGH
Ahmedabad,23.0225,72.5714,2020-06-14,31.151666666666667,35.52,26.94,72.62375,91.57,2.1725,593.15,33.2875,36.9,30.0,28.22535108314035,30.058152062949887,43.00256315037288,56.33972849352173,37.44753059869574,10.81,26.94,31.025000000000002,34.0,32.662499999999994,36.9,32.770833333333336,30.537361111111114,27.233333333333334,1,1,75,38,100.0,64.64,HIGH
Ahmedabad,23.0225,72.5714,2020-06-15,31.530833333333334,36.61,27.71,72.32875,92.19,3.1116666666666664,822.85,32.7875,38.8,28.1,28.561395377497504,30.735178517412336,44.793978771865994,64.67856057125091,37.92546027430915,0.16,27.71,30.325,34.9,32.855555555555554,38.8,32.79416666666667,30.678194444444443,27.263333333333332,1,1,76,39,100.0,71.10999999999999,SEVERE
Ahmedabad,23.0225,72.5714,2020-06-16,33.16375,39.93,27.7,65.25666666666667,91.16,4.47125,805.78,33.62916666666667,40.7,29.1,29.116154847134368,31.919955328221782,47.095330269517596,72.66640162768722,42.25889092578815,1.96,27.7,31.05,37.3,33.23472222222222,40.7,32.880833333333335,31.94875,27.45,1,1,77,40,100.0,76.80000000000001,SEVERE
Ahmedabad,23.0225,72.5714,2020-06-17,31.76625,37.43,26.57,68.46541666666667,93.2,5.454583333333333,787.8,31.375,37.4,26.3,28.23343210474695,30.47035014463956,43.6337797673231,59.37520675333006,32.302135494151294,0.51,26.57,28.941666666666666,34.4,32.59722222222222,40.7,32.714166666666664,32.15361111111111,27.326666666666668,1,1,78,41,100.0,65.77,HIGH
Ahmedabad,23.0225,72.5714,2020-06-18,31.661666666666665,37.48,26.44,68.32541666666667,93.77,5.055000000000001,954.53,31.38333333333333,37.5,26.8,28.12846703812384,30.609445156824187,44.073244509673565,60.42463504410174,31.770234572381067,0.0,26.44,28.775000000000002,34.0,32.12916666666667,40.7,32.4925,32.19722222222222,26.903333333333336,1,1,79,42,100.0,65.94,HIGH
Ahmedabad,23.0225,72.5714,2020-06-19,32.44291666666667,38.6,26.83,66.365,94.03,5.548749999999999,912.47,32.49583333333333,39.3,28.2,28.63349035551533,31.274793424877977,45.8021412173608,68.26839385393288,37.46872254389596,0.0,26.83,29.916666666666668,35.2,31.751388888888883,39.3,32.33416666666667,31.956944444444446,26.613333333333333,1,1,80,43,100.0,71.72999999999999,SEVERE
Ahmedabad,23.0225,72.5714,2020-06-20,32.062083333333334,37.65,27.46,67.65958333333333,91.83,5.458749999999999,898.5,31.858333333333334,37.9,28.0,28.45777053549622,30.836015323174006,44.6943655716309,62.64445081441845,34.92991844756792,1.89,27.46,29.474999999999998,34.8,31.912499999999994,39.3,32.14833333333333,32.05555555555556,26.91,1,1,81,44,100.0,68.16,HIGH
Ahmedabad,23.0225,72.5714,2020-06-21,31.807916666666667,36.77,27.34,67.38375,91.03,4.9783333333333335,912.33,31.5625,36.8,27.4,28.239170574180438,30.49995909754324,43.890549737076014,58.18731184660885,33.13688627372425,0.39,27.34,29.25,34.0,31.972222222222218,39.3,31.735000000000003,32.10430555555556,27.209999999999997,1,1,82,45,100.0,64.73999999999998,HIGH
Ahmedabad,23.0225,72.5714,2020-06-22,31.814166666666665,37.23,27.03,65.83624999999999,89.7,4.371666666666667,976.0,31.766666666666666,37.3,28.3,28.016705434215954,30.43377667227065,43.55531913227594,58.94725969705189,32.365258523346164,1.06,27.03,29.891666666666666,35.1,31.72916666666666,37.9,31.813333333333333,31.894722222222224,27.276666666666667,1,1,83,46,100.0,65.92999999999999,HIGH
Ahmedabad,23.0225,72.5714,2020-06-23,32.225833333333334,38.32,26.9,62.82833333333334,90.62,4.59625,818.38,32.00416666666667,38.3,27.9,27.967306559073076,30.329931921278664,41.55956480704708,57.3430759570727,32.165517964511686,0.02,26.9,30.016666666666666,35.2,31.77777777777777,38.3,31.9375,31.949305555555554,27.09,1,1,84,47,100.0,68.79999999999998,HIGH
Ahmedabad,23.0225,72.5714,2020-06-24,31.006249999999998,34.67,27.67,71.26625,90.84,3.151666666666667,579.78,31.920833333333334,35.9,28.5,27.96462744395355,29.354946964066833,41.11434757349625,50.08818660828419,32.57829401740407,5.29,27.67,29.916666666666668,33.0,31.897222222222222,38.3,31.8225,31.682083333333328,27.2,1,1,85,48,100.0,62.37,HIGH
Ahmedabad,23.0225,72.5714,2020-06-25,31.355833333333333,35.09,27.52,69.33624999999999,91.65,3.3233333333333337,655.05,32.09166666666667,36.1,28.4,28.076728389340214,29.32084442502721,40.98511134141732,50.33339476532001,33.68525037797984,1.84,27.52,30.125,33.0,32.00555555555555,38.3,31.869166666666665,31.529305555555553,27.363333333333333,1,1,86,49,100.0,62.82000000000001,HIGH
Ahmedabad,23.0225,72.5714,2020-06-26,31.188333333333333,34.62,27.9,67.70541666666666,87.14,3.8266666666666667,772.65,31.387500000000003,34.2,28.3,27.755921248073424,29.26986753345506,40.79741409958593,45.00024667413682,30.284506281011232,0.5599999999999999,27.9,29.633333333333336,32.8,31.8,36.1,31.83416666666667,31.18347222222222,27.69666666666667,1,1,87,50,100.0,57.50000000000001,HIGH
Ahmedabad,23.0225,72.5714,2020-06-27,32.93333333333333,38.24,27.64,61.01208333333333,85.63,4.4225,763.67,32.86666666666667,38.3,28.7,28.482030991773673,30.68461673852679,44.0973025934043,62.671069862018875,37.769964658276855,0.24,27.64,30.46666666666667,35.6,32.11527777777778,38.3,32.05416666666667,31.825833333333332,27.686666666666667,1,1,88,51,100.0,69.53999999999999,HIGH
Ahmedabad,23.0225,72.5714,2020-06-28,32.67791666666667,37.78,27.92,62.42250000000001,85.49,4.49625,919.4,32.65833333333333,37.6,28.5,28.423294942668978,30.268663783947588,43.054234632516156,58.76619538011768,36.9214177930032,0.28,27.92,30.308333333333334,33.7,32.30416666666667,38.3,32.185,32.266527777777775,27.820000000000004,1,1,89,52,100.0,67.72,HIGH
Ahmedabad,23.0225,72.5714,2020-06-29,32.18458333333333,36.71,28.07,64.48583333333333,86.45,3.4066666666666667,912.38,32.78333333333333,36.9,29.7,28.264154856792818,30.176536949484795,42.948652313990195,56.648004164967595,36.44308936143152,0.38,28.07,30.983333333333334,34.7,32.76944444444444,38.3,32.3575,32.598611111111104,27.876666666666665,1,1,90,53,100.0,65.77,HIGH
Ahmedabad,23.0225,72.5714,2020-06-30,31.489583333333332,35.33,27.57,67.30041666666666,87.26,2.9820833333333336,599.65,32.275,36.3,27.5,27.964747747369056,29.659472357150534,41.782541506601966,52.582800990235924,33.59973182650261,2.16,27.57,30.45,35.6,32.572222222222216,37.6,32.39416666666666,32.11736111111111,27.853333333333335,1,1,91,54,100.0,63.46999999999999,HIGH
Ahmedabad,23.0225,72.5714,2021-04-01,30.069166666666664,42.37,19.28,21.31375,61.1,3.169583333333333,1073.68,27.079166666666666,41.2,15.0,18.96096126397735,23.99320883728575,42.73201111111111,51.68000966183576,16.020105475040257,0.0,19.28,20.51666666666667,35.6,30.71249999999999,41.2,31.5325,31.247777777777774,24.973333333333333,1,0,92,0,100.0,70.60000000000001,SEVERE
Ahmedabad,23.0225,72.5714,2021-04-02,29.952083333333334,41.78,18.25,27.003333333333334,58.76,2.7245833333333334,1047.35,27.166666666666668,40.5,14.6,19.877272362167847,24.32018486386388,42.127399999999994,49.393531400966175,15.68934681964573,0.0,18.25,20.84166666666667,34.1,28.84027777777777,41.2,30.392500000000002,30.50361111111111,21.7,1,0,93,0,100.0,68.5,HIGH
Ahmedabad,23.0225,72.5714,2021-04-03,31.077916666666667,42.13,19.75,27.51375,60.26,2.9324999999999997,1040.03,28.520833333333332,41.3,16.9,21.127207317143146,25.59482200315645,42.58812222222223,53.589354898358245,17.845574770556777,0.0,19.75,22.458333333333332,36.3,27.588888888888885,41.3,29.564999999999998,30.36638888888889,19.093333333333334,1,0,94,0,100.0,70.89999999999999,SEVERE
Ahmedabad,23.0225,72.5714,2021-04-04,31.6525,41.98,21.15,28.4025,56.25,2.8312500000000003,1016.78,29.583333333333332,41.4,19.0,22.091094561554446,26.53685830044205,42.48996666666667,56.32549553507181,19.198543971229817,0.0,21.15,24.233333333333334,36.6,28.423611111111104,41.4,28.925,30.894166666666667,19.716666666666665,1,0,95,0,100.0,72.35,SEVERE
Ahmedabad,23.0225,72.5714,2021-04-05,32.391666666666666,42.59,22.43,30.680000000000003,72.51,3.315,1012.17,30.370833333333334,42.3,20.5,23.072526436658606,27.538502737076524,43.19438888888889,62.35917004697835,21.522093079743076,0.0,22.43,24.766666666666666,36.7,29.49166666666666,42.3,28.544166666666666,31.707361111111112,21.11,1,0,96,0,100.0,76.32999999999998,SEVERE
Ahmedabad,23.0225,72.5714,2021-04-06,32.405833333333334,43.11,22.49,29.688333333333333,73.14,3.5708333333333333,1026.65,30.09166666666667,42.8,19.9,22.586945923785123,27.136027417886844,43.724088888888886,62.95076824399869,21.151091191600788,0.0,22.49,24.34166666666667,37.7,30.015277777777772,42.8,29.14666666666667,32.15,22.02333333333333,1,0,97,0,100.0,77.88999999999999,SEVERE
Ahmedabad,23.0225,72.5714,2021-04-07,31.678749999999997,41.68,21.64,29.984166666666667,82.65,3.52,1030.72,29.15416666666667,41.2,18.6,22.328499190284173,26.857085226874563,42.19182222222222,56.72888369994736,19.009965515269915,0.0,21.64,23.349999999999998,35.2,29.87222222222222,42.8,29.544166666666666,32.15875,22.186666666666667,1,0,98,0,100.0,72.24000000000001,SEVERE
Ahmedabad,23.0225,72.5714,2021-04-08,31.794583333333335,41.94,22.47,17.957916666666666,47.72,3.126666666666667,1006.1,29.166666666666668,41.3,18.3,20.60349287833321,26.129747792650786,42.42403333333332,55.05144627650307,18.809692336670146,0.0,22.47,23.5,37.7,29.47083333333333,42.8,29.673333333333336,31.959722222222222,22.2,1,0,99,0,100.0,73.36999999999999,SEVERE
Ahmedabad,23.0225,72.5714,2021-04-09,32.114583333333336,41.72,22.02,10.810416666666667,17.78,2.01625,1018.17,29.633333333333336,40.6,17.9,19.420950102918177,24.95294122890756,42.11336111111112,49.642053140096635,18.74099597423511,0.0,22.02,24.224999999999998,37.2,29.31805555555555,41.3,29.683333333333337,31.862638888888892,22.043333333333333,1,0,100,0,100.0,70.82000000000001,SEVERE
Ahmedabad,23.0225,72.5714,2021-04-10,32.47,42.81,21.99,12.3775,22.09,2.0933333333333333,1014.65,30.262500000000003,41.9,18.1,19.9105252240914,25.404003527414332,43.29512777777778,55.131686910745415,19.563675607311726,0.0,21.99,25.108333333333334,38.0,29.6875,41.9,29.66166666666667,32.12638888888889,22.16,1,0,101,0,100.0,74.68999999999998,SEVERE
Ahmedabad,23.0225,72.5714,2021-04-11,33.26166666666666,43.71,23.2,15.321666666666667,34.85,2.1891666666666665,1014.03,30.96666666666667,43.0,19.7,20.990821788020686,25.966728425744733,44.28303888888889,60.42891474583323,22.136435710647905,0.0,23.2,25.45,38.4,30.287499999999994,43.0,29.836666666666666,32.61541666666667,22.403333333333336,1,0,102,0,100.0,79.2,SEVERE
Ahmedabad,23.0225,72.5714,2021-04-12,32.6975,42.66,22.75,21.505,50.71,2.7583333333333333,1004.95,30.27916666666667,42.0,19.0,21.76083560184028,26.422923659335986,43.20219444444443,58.35763571230746,21.79678817491138,0.0,22.75,24.175,38.4,30.502777777777776,43.0,30.061666666666667,32.80972222222222,22.646666666666665,1,0,103,0,100.0,75.75,SEVERE
Ahmedabad,23.0225,72.5714,2021-04-13,32.92541666666667,42.91,22.66,19.547083333333333,52.25,3.749166666666667,969.22,30.079166666666666,42.3,18.3,21.564239459801524,26.40901174405875,43.464922222222214,59.29435890367381,21.31597248048618,0.0,22.66,24.416666666666668,39.2,30.441666666666663,43.0,30.244166666666672,32.961527777777775,22.87,1,0,104,0,100.0,76.55999999999999,SEVERE
Ahmedabad,23.0225,72.5714,2021-04-14,32.735416666666666,41.69,23.19,20.986666666666668,38.54,1.7612500000000002,979.85,30.954166666666666,41.0,20.1,21.954560228235565,26.346295122757297,42.17592777777779,54.71893850836851,21.452135798999112,0.0,23.19,25.86666666666667,37.7,30.437499999999996,42.3,30.508333333333336,32.78611111111112,22.866666666666664,1,0,105,0,100.0,73.19,SEVERE
Ahmedabad,23.0225,72.5714,2021-04-15,32.30375,41.17,23.44,27.569166666666664,67.9,3.3054166666666664,992.72,30.179166666666664,40.7,20.5,22.662756872569002,26.885510631154787,41.674949999999995,55.16735798042089,19.521320955420645,0.0,23.44,25.516666666666666,36.8,30.404166666666658,42.3,30.491666666666667,32.65486111111111,23.096666666666668,1,0,106,0,100.0,72.54,SEVERE
Ahmedabad,23.0225,72.5714,2021-04-16,32.04958333333333,41.21,23.27,39.08291666666667,78.35,3.8654166666666665,1012.58,30.295833333333334,40.9,22.6,24.071130726630045,27.314072584204737,41.75315555555556,57.021048670488604,19.699018814811982,0.0,23.27,25.5,33.7,30.47638888888888,41.0,30.357499999999998,32.36291666666666,23.3,1,0,107,0,100.0,72.96999999999998,SEVERE
Ahmedabad,23.0225,72.5714,2021-04-17,32.36833333333333,40.46,24.11,36.147083333333335,83.05,3.6816666666666666,989.65,30.495833333333334,40.3,22.3,24.24083814070578,28.201705426225228,41.03991111111112,57.53702449123606,21.154912933459574,0.0,24.11,25.90833333333333,35.7,30.323611111111106,40.9,30.40083333333333,32.24055555555555,23.606666666666666,1,0,108,0,100.0,72.00999999999999,SEVERE
Ahmedabad,23.0225,72.5714,2021-04-18,33.602916666666665,42.03,25.28,25.282083333333333,58.73,2.921666666666667,993.5,31.633333333333336,41.9,22.1,23.4863955756128,27.820628812900168,42.64627777777778,61.817345375898576,24.367264145656907,0.0,25.28,26.925,39.1,30.808333333333334,41.9,30.711666666666666,32.67361111111111,24.22,1,1,109,1,100.0,77.97999999999999,SEVERE
Ahmedabad,23.0225,72.5714,2021-04-19,34.07416666666666,42.49,25.47,25.37625,52.02,3.215,999.5,32.09583333333333,42.0,21.8,23.659050349538315,26.89525021001606,43.05592777777778,59.6474269585506,24.185818236154855,0.0,25.47,27.391666666666666,39.3,31.40833333333333,42.0,30.939999999999998,33.34847222222222,24.953333333333333,1,1,110,2,100.0,78.47,SEVERE
Ahmedabad,23.0225,72.5714,2021-04-20,31.284583333333334,37.96,24.46,36.45583333333334,65.92,4.404583333333333,770.5,28.741666666666664,36.8,21.2,23.45750110812386,26.45984981166852,38.319155555555554,40.8954866330732,14.574917288684711,0.0,24.46,24.59166666666667,31.7,30.823611111111106,42.0,30.652500000000003,32.98722222222222,25.070000000000004,1,0,111,0,100.0,61.859999999999985,HIGH
Ahmedabad,23.0225,72.5714,2021-04-21,31.84,40.02,23.81,32.67916666666667,69.56,4.102083333333334,1014.65,29.458333333333332,39.4,21.3,23.16482128021265,26.968834208552146,40.48227777777778,51.08327557251634,17.83229192933883,0.0,23.81,24.75,34.8,30.098611111111108,42.0,30.485000000000003,32.39958333333333,24.58,1,0,112,0,100.0,69.00999999999999,HIGH
Ahmedabad,23.0225,72.5714,2021-04-22,32.8075,41.39,23.86,30.295833333333334,71.73,3.5,1026.18,30.77916666666667,40.9,22.6,23.41409346503187,26.840519280076123,41.89057777777777,55.68318585955203,21.182692422145063,0.0,23.86,26.425,37.7,29.659722222222218,40.9,30.541666666666668,31.97736111111111,24.043333333333333,1,0,113,0,100.0,73.55999999999999,SEVERE
Ahmedabad,23.0225,72.5714,2021-04-23,33.13583333333333,41.57,23.16,32.57833333333333,65.46,3.7795833333333335,1024.65,31.55,41.3,22.4,24.05275623711051,26.880289374455632,42.09249444444444,57.014776335927266,21.69921043944431,0.0,23.16,27.133333333333336,35.9,30.59583333333333,41.3,30.525,32.59444444444444,23.61,1,0,114,0,100.0,74.05999999999999,SEVERE
Ahmedabad,23.0225,72.5714,2021-04-24,32.691250000000004,39.28,25.66,37.270833333333336,70.44,1.9004166666666666,707.15,32.204166666666666,39.2,26.3,24.835365198737463,27.669357106513484,39.80640555555555,52.14407615045833,23.03609531327913,0.0,25.66,28.71666666666667,35.2,31.51111111111111,41.3,30.54666666666667,32.87819444444444,24.226666666666663,1,1,115,1,100.0,70.26,SEVERE
Ahmedabad,23.0225,72.5714,2021-04-25,34.59791666666667,42.34,26.79,23.37625,53.36,1.79625,1013.3,33.15416666666667,41.2,23.8,23.985787853812568,27.873057396730495,42.97265555555556,60.508437890674585,27.32677523650304,0.0,26.79,28.875,38.8,32.30277777777778,41.3,31.429166666666667,33.475,25.203333333333333,1,1,116,2,100.0,77.39,SEVERE
Ahmedabad,23.0225,72.5714,2021-04-26,34.955,43.55,26.14,24.500416666666666,44.96,3.1020833333333333,1033.22,33.19583333333333,43.3,23.3,24.306272291106435,27.84774587890641,44.233155555555555,66.64376604957555,28.06834032168342,0.0,26.14,28.441666666666666,39.9,32.851388888888884,43.3,32.17666666666666,34.08138888888889,26.19666666666667,1,1,117,3,100.0,83.03999999999999,SEVERE
Ahmedabad,23.0225,72.5714,2021-04-27,35.4575,43.98,26.5,26.26125,48.87,3.34625,1003.03,33.729166666666664,43.9,24.1,25.070631165782952,28.545744895602052,44.73774999999999,70.81136512158875,30.754796023533128,0.12,26.5,28.883333333333336,40.8,33.35972222222222,43.9,32.766666666666666,35.00347222222223,26.47666666666667,1,1,118,4,100.0,85.19999999999999,EXTREME
Ahmedabad,23.0225,72.5714,2021-04-28,35.395833333333336,43.58,26.89,27.548333333333332,53.16,3.186666666666667,949.03,33.92916666666667,43.8,24.7,25.359290404833065,29.066981043958094,44.35702222222221,71.65091857421552,31.669985944151804,0.02,26.89,29.0,39.8,33.61805555555555,43.9,33.2425,35.269444444444446,26.51,1,1,119,5,100.0,85.28999999999999,EXTREME
Ahmedabad,23.0225,72.5714,2021-04-29,35.69875,43.2,28.07,26.528750000000002,45.93,3.5666666666666664,899.78,34.09583333333333,43.6,24.5,25.648909302800444,29.38271690060239,43.99359444444444,71.92518934915017,33.0062039719746,0.0,28.07,29.03333333333333,39.2,33.918055555555554,43.9,33.62083333333333,35.517361111111114,27.153333333333332,1,1,120,6,100.0,85.87,EXTREME
Ahmedabad,23.0225,72.5714,2021-04-30,34.788333333333334,42.33,27.91,25.692916666666665,41.22,3.1795833333333334,969.42,33.324999999999996,42.5,25.1,24.781058796251653,28.7853569459658,43.040249999999986,66.55411431615825,28.541372486572445,0.0,27.91,29.183333333333334,38.7,33.78333333333333,43.8,33.654999999999994,35.29430555555555,27.623333333333335,1,1,121,7,100.0,82.41,SEVERE
Ahmedabad,23.0225,72.5714,2021-05-01,34.212916666666665,40.39,28.02,26.436666666666667,48.72,3.0687499999999996,862.78,32.512499999999996,40.1,25.8,24.376217360259776,27.43715540578706,40.91591111111111,54.66225848789258,24.806827163130222,0.0,28.02,28.650000000000002,36.9,33.3111111111111,43.6,33.51833333333333,34.9,28.0,1,1,122,8,100.0,75.32,SEVERE
Ahmedabad,23.0225,72.5714,2021-05-02,34.602916666666665,42.33,26.73,21.468333333333334,41.34,3.674166666666667,955.08,32.583333333333336,42.2,22.4,23.641838174133003,27.694271590209883,42.94912222222221,62.45161670299679,26.388622828538644,0.0,26.73,28.066666666666666,39.1,32.80694444444444,42.5,33.28916666666667,34.53472222222222,27.55333333333333,1,1,123,9,100.0,80.33000000000001,SEVERE
Ahmedabad,23.0225,72.5714,2021-05-03,34.665,41.99,26.08,24.958333333333332,47.03,3.43625,996.35,32.916666666666664,41.9,22.5,24.43144525593198,28.06972557361907,42.61951111111111,62.50238928124368,27.468989503070006,0.0,26.08,28.53333333333333,38.9,32.67083333333333,42.2,33.086666666666666,34.49361111111111,26.94333333333333,1,1,124,10,100.0,78.77999999999999,SEVERE
Ahmedabad,23.0225,72.5714,2021-05-04,33.16708333333333,41.07,25.41,27.310833333333335,52.83,3.9737500000000003,999.58,31.141666666666666,41.0,22.8,23.648306064627377,28.019649617328913,41.660516666666666,59.021433139195835,22.46489188315051,0.0,25.41,27.041666666666668,37.2,32.21388888888889,42.2,32.49583333333333,34.144999999999996,26.073333333333334,1,1,125,11,100.0,75.41,SEVERE
Ahmedabad,23.0225,72.5714,2021-05-05,33.9325,42.11,25.1,32.2725,67.31,4.104166666666667,1028.72,32.170833333333334,42.4,22.8,24.874236760456853,28.75940366557793,42.80451666666667,65.83365622277087,26.401098261701346,0.0,25.1,27.325,38.1,32.076388888888886,42.4,32.265,33.921527777777776,25.53,1,1,126,12,100.0,79.29999999999998,SEVERE
Ahmedabad,23.0225,72.5714,2021-05-06,34.772083333333335,43.05,26.5,30.64833333333333,69.52,3.3354166666666667,1018.85,33.604166666666664,43.4,24.8,25.335330586576266,29.124732928942727,43.81345,70.49459009117601,30.53225916686631,0.0,26.5,28.891666666666666,39.4,32.30555555555555,43.4,32.483333333333334,33.95722222222222,25.67,1,1,127,13,100.0,83.69999999999999,SEVERE
Ahmedabad,23.0225,72.5714,2021-05-07,35.02583333333333,42.71,26.26,29.56458333333333,57.37,2.6804166666666664,1000.22,34.050000000000004,43.1,24.5,25.51362931995534,29.287684940751063,43.476005555555545,69.9400161749102,31.968909515493426,0.0,26.26,29.650000000000002,39.8,33.275,43.4,32.776666666666664,34.57680555555555,25.953333333333337,1,1,128,14,100.0,82.56000000000002,SEVERE
Ahmedabad,23.0225,72.5714,2021-05-08,36.319583333333334,43.72,27.42,30.72875,55.31,3.3833333333333333,938.42,35.2875,44.3,25.3,26.743588631118858,29.975681700180488,44.581783333333334,75.96555234691827,37.75977260534042,0.0,27.42,30.7,41.0,34.31388888888889,44.3,33.25083333333333,35.372499999999995,26.72666666666667,1,1,129,15,100.0,87.32,EXTREME
Ahmedabad,23.0225,72.5714,2021-05-09,36.47666666666667,44.2,28.53,32.795833333333334,61.77,4.04375,933.3,35.391666666666666,44.9,26.5,27.129149508232217,30.375306317993612,45.10795555555555,79.10942136943977,39.03414070379565,0.0,28.53,30.541666666666668,41.7,34.90972222222222,44.9,34.100833333333334,35.94069444444444,27.403333333333336,1,1,130,16,100.0,90.22999999999999,EXTREME
Ahmedabad,23.0225,72.5714,2021-05-10,35.047916666666666,42.86,27.32,35.314166666666665,72.39,4.5825000000000005,1023.7,33.708333333333336,43.3,25.7,26.19188680737554,28.87359952388519,43.56632777777778,68.64536451980446,31.10605167771067,0.0,27.32,29.21666666666667,38.6,34.79583333333333,44.9,34.40833333333333,35.948055555555555,27.75666666666667,1,1,131,17,100.0,84.22,SEVERE
Ahmedabad,23.0225,72.5714,2021-05-11,34.47416666666667,42.18,26.82,37.749583333333334,76.2,4.001666666666666,1022.35,33.229166666666664,42.3,25.8,26.087617289422827,28.76581564361201,42.87028888888889,65.41595961382247,29.595199203174875,0.0,26.82,28.875,38.0,34.109722222222224,44.9,34.333333333333336,35.33291666666667,27.55666666666667,1,1,132,18,100.0,80.72,SEVERE
Ahmedabad,23.0225,72.5714,2021-05-12,34.39,42.03,26.32,39.75375,79.16,4.420416666666667,1025.53,33.083333333333336,42.1,25.3,26.297319239122714,28.47653425519449,42.70058888888889,64.26905626329602,29.43288702115763,0.0,26.32,28.40833333333333,37.4,33.34027777777778,43.3,34.14,34.63736111111111,26.820000000000004,1,1,133,19,100.0,79.61999999999999,SEVERE
Ahmedabad,23.0225,72.5714,2021-05-13,34.717083333333335,42.45,26.8,40.45291666666667,76.63,4.6825,1020.53,33.75,43.2,26.3,26.81739755435838,29.624064182989166,43.23073888888889,70.6931409169853,32.7504940495858,0.0,26.8,29.175,37.3,33.354166666666664,43.2,33.832499999999996,34.52708333333334,26.646666666666665,1,1,134,20,100.0,83.4,SEVERE
Ahmedabad,23.0225,72.5714,2021-05-14,34.49791666666667,42.07,27.02,38.8525,76.88,3.90375,1006.88,33.43333333333333,42.3,26.3,26.35403577574394,28.924889437346486,42.784016666666666,66.24990019609743,30.267358713907765,0.0,27.02,28.96666666666667,36.7,33.422222222222224,43.2,33.44083333333333,34.535000000000004,26.713333333333335,1,1,135,21,100.0,80.91999999999999,SEVERE
Ahmedabad,23.0225,72.5714,2021-05-15,37.095,43.15,28.09,28.29125,68.91,2.57625,788.72,36.425000000000004,43.7,26.7,27.02679941437701,30.066800542074116,44.00178333333333,74.23456104651221,42.046102158390276,0.0,28.09,32.61666666666667,41.5,34.536111111111104,43.7,33.98416666666667,35.43666666666667,27.30333333333333,1,1,136,22,100.0,86.19000000000001,EXTREME
Ahmedabad,23.0225,72.5714,2021-05-16,37.718333333333334,44.4,31.35,32.194583333333334,55.9,4.557083333333334,687.45,37.395833333333336,46.4,30.3,28.35632594257235,31.629398860942324,45.41203333333332,85.7655685635033,49.153317201071154,3.55,31.35,33.733333333333334,43.4,35.75138888888889,46.4,34.817499999999995,36.437083333333334,28.820000000000004,1,1,137,23,100.0,96.35,EXTREME
Ahmedabad,23.0225,72.5714,2021-05-17,33.17166666666667,40.47,27.03,54.37875,80.41,6.948333333333333,655.42,32.266666666666666,42.0,24.1,27.70806726476567,30.544597283651303,41.33787222222223,69.10150682679932,32.40766556422079,14.649999999999999,27.03,29.308333333333334,38.8,35.3625,46.4,34.65416666666667,35.995,28.823333333333334,1,1,138,24,100.0,80.03,SEVERE
Ahmedabad,23.0225,72.5714,2021-05-18,27.23625,29.37,25.41,84.98375,93.38,12.455833333333333,290.83,22.879166666666666,25.2,21.7,25.827427817235442,27.36670262943098,35.52950771509448,14.517071118809877,5.641860245585587,50.58,25.41,22.525000000000002,23.8,30.847222222222218,46.4,32.480000000000004,32.70875,27.929999999999996,0,1,0,25,100.0,30.41,MODERATE
Ahmedabad,23.0225,72.5714,2021-05-19,30.047083333333333,35.91,25.26,60.973333333333336,93.23,6.505,641.1,28.854166666666668,35.6,21.8,25.79719923709084,28.573242891869725,38.8972505671629,45.065163951403,16.943240918046097,1.7799999999999998,25.26,25.59166666666667,30.7,28.0,42.0,31.564166666666665,30.151666666666667,25.900000000000002,1,1,1,26,100.0,59.06,HIGH
Ahmedabad,23.0225,72.5714,2021-05-20,32.41125,40.17,24.99,48.705000000000005,79.15,3.9929166666666664,1012.25,31.09583333333333,40.2,22.6,26.18015225859142,29.598375937216634,40.89794444444445,60.813196726691345,25.272365201850334,0.0,24.99,26.724999999999998,36.0,27.609722222222217,40.2,30.498333333333335,29.898194444444442,25.22,1,0,2,0,24.0,53.59,HIGH
Ahmedabad,23.0225,72.5714,2021-05-21,32.6825,39.59,24.5,50.00458333333333,79.0,4.102083333333334,1019.45,31.59166666666667,39.6,22.2,26.62634151153399,29.55621710471273,40.32861666666666,59.12055259514329,26.98827968052355,0.0,24.5,27.575,35.7,30.513888888888886,40.2,29.3375,31.71361111111111,24.916666666666668,1,0,3,0,36.0,54.3,HIGH
Ahmedabad,23.0225,72.5714,2021-05-22,32.468333333333334,39.57,25.53,52.22333333333333,82.77,4.370833333333334,1003.0,31.358333333333334,39.5,25.4,26.72435105752645,29.66791568647388,40.316538888888886,59.039657420038026,25.143897089728156,0.0,25.53,28.083333333333332,35.5,31.348611111111108,40.2,29.155833333333334,32.520694444444445,25.006666666666664,1,1,4,1,61.33333333333333,61.36333333333333,HIGH
Ahmedabad,23.0225,72.5714,2021-05-23,32.33291666666667,38.82,26.08,54.08708333333333,83.39,3.6975,832.3,31.59166666666667,38.8,25.6,26.95181232298643,29.8029718719211,40.41062770684621,56.55123742986172,26.633993726557133,0.01,26.08,28.233333333333334,34.4,31.513888888888886,39.6,30.898333333333333,32.49458333333334,25.37,1,1,5,2,86.66666666666666,66.14666666666665,HIGH
Ahmedabad,23.0225,72.5714,2021-05-24,33.08958333333333,39.66,26.97,49.31125,79.54,3.9404166666666662,955.1,32.05416666666667,40.0,23.8,27.00849467518339,30.01706556696032,40.8108785496692,61.20576206308499,29.202804452531975,0.0,26.97,27.775000000000002,36.0,31.668055555555554,40.0,31.538333333333334,32.63027777777778,26.19333333333333,1,1,6,3,100.0,73.97,SEVERE
Ahmedabad,23.0225,72.5714,2021-05-25,33.78458333333334,41.63,26.13,48.650416666666665,84.86,5.030833333333333,1011.47,32.53333333333333,42.1,23.9,27.27496442771179,30.25723388159671,42.46138333333332,69.29405184989453,31.382275628401143,0.0,26.13,27.916666666666668,37.8,32.05972222222222,42.1,31.825833333333332,33.069027777777784,26.39333333333333,1,1,7,4,100.0,79.42999999999999,SEVERE
Ahmedabad,23.0225,72.5714,2021-05-26,33.67208333333333,41.73,25.76,52.992916666666666,87.87,5.2629166666666665,989.47,32.770833333333336,42.5,25.2,27.83229417173817,30.970142705229243,42.64893333333333,72.76819623162976,33.668710110928814,0.0,25.76,28.05,35.4,32.452777777777776,42.5,32.06166666666667,33.51541666666666,26.286666666666665,1,1,8,5,100.0,80.26,SEVERE
Ahmedabad,23.0225,72.5714,2021-05-27,34.10541666666666,41.26,27.22,53.36291666666667,82.27,4.931666666666667,947.22,33.49166666666667,41.9,26.6,28.432590881448778,31.513129548893705,44.017207903043875,72.39441089812425,38.24699857125508,0.0,27.22,29.40833333333333,35.9,32.93194444444444,42.5,32.48833333333333,33.85402777777778,26.37,1,1,9,6,100.0,79.91999999999999,SEVERE
Ahmedabad,23.0225,72.5714,2021-05-28,34.52333333333333,42.05,27.73,53.48916666666667,81.7,5.046666666666667,973.42,34.0875,42.9,27.2,28.766274688118656,31.771221793316688,43.23415517840971,76.477400216298,41.30176777024271,0.04,27.73,29.958333333333332,37.1,33.449999999999996,42.9,32.9875,34.100277777777784,26.903333333333336,1,1,10,7,100.0,83.42999999999999,SEVERE
Ahmedabad,23.0225,72.5714,2021-05-29,34.76958333333334,42.4,28.03,51.09041666666667,78.53,4.857083333333334,970.72,34.34583333333333,43.3,27.4,28.661638047429488,31.625305961565875,43.869465429849555,77.1357795734962,41.66554229312706,0.0,28.03,30.566666666666666,38.2,33.974999999999994,43.3,33.44583333333334,34.46611111111111,27.66,1,1,11,8,100.0,84.92999999999999,SEVERE
Ahmedabad,23.0225,72.5714,2021-05-30,34.42583333333334,42.82,27.17,48.171666666666674,75.68,4.8029166666666665,981.05,33.90833333333333,44.0,26.7,27.849308931993345,31.10710705904286,43.74792777777777,77.35387170134936,36.866314455151986,0.0,27.17,29.433333333333334,37.1,34.11388888888888,44.0,33.72083333333334,34.572916666666664,27.643333333333334,1,1,12,9,100.0,86.17,EXTREME
Ahmedabad,23.0225,72.5714,2021-05-31,33.48875,41.27,26.81,50.34125,77.67,5.154583333333333,978.88,32.358333333333334,41.8,25.1,27.36700461909952,30.41627784124663,42.09306111111111,68.82396580273942,30.902941864667614,0.0,26.81,27.96666666666667,35.0,33.537499999999994,44.0,33.638333333333335,34.22805555555556,27.336666666666662,1,1,13,10,100.0,79.21,SEVERE
Ahmedabad,23.0225,72.5714,2021-06-01,33.43666666666667,40.73,27.04,52.44291666666666,76.24,5.1674999999999995,1005.6,32.483333333333334,41.0,25.2,27.678225854850197,30.36645047779338,41.56042222222222,65.9173755879695,32.381262984485126,0.0,27.04,28.758333333333336,34.6,32.916666666666664,44.0,33.43666666666667,33.783750000000005,27.006666666666664,1,1,14,11,100.0,77.03999999999999,SEVERE
Ahmedabad,23.0225,72.5714,2021-06-02,33.55166666666667,41.15,27.78,52.66708333333333,75.73,4.667916666666667,1001.42,32.983333333333334,41.6,27.7,27.797656821399155,30.783703932604205,42.03808888888889,69.26621143935259,34.00942813644764,0.05,27.78,29.71666666666667,35.8,32.60833333333333,41.8,33.215833333333336,33.492361111111116,27.209999999999997,1,1,15,12,100.0,79.58,SEVERE
Ahmedabad,23.0225,72.5714,2021-06-03,33.92583333333334,41.03,27.48,49.452916666666674,74.22,3.8204166666666666,974.45,33.479166666666664,41.5,27.6,27.772982667335366,30.936182185516365,41.93533333333333,69.35706087639139,35.195500930700206,0.01,27.48,29.95,36.0,32.981944444444444,41.6,33.042500000000004,33.63805555555556,27.433333333333334,1,1,16,13,100.0,78.98,SEVERE
Ahmedabad,23.0225,72.5714,2021-06-04,32.00208333333333,37.15,26.65,60.49875,84.08,4.059166666666667,956.1,31.516666666666666,37.7,26.7,27.574387175874673,30.094295963423278,42.596024756203924,57.43386687340649,29.524867272264913,16.080000000000002,26.65,28.891666666666666,35.0,32.65972222222222,41.6,32.56416666666667,33.15986111111111,27.30333333333333,1,1,17,14,100.0,66.75,HIGH
Ahmedabad,23.0225,72.5714,2021-06-05,32.322916666666664,38.04,26.47,56.240833333333335,84.47,4.634166666666666,966.05,31.329166666666666,38.0,26.8,27.314835975216216,29.879788173453214,40.4565856590266,54.91955775707462,27.366112856851206,1.25,26.47,28.7,34.7,32.10833333333333,41.5,32.358333333333334,32.750277777777775,26.866666666666664,1,1,18,15,100.0,67.47,HIGH
Ahmedabad,23.0225,72.5714,2021-06-06,32.96375,38.38,28.17,54.62583333333333,72.84,4.079583333333333,904.55,32.395833333333336,38.6,28.0,27.710470547545963,30.047104434827933,41.18650025423698,57.232192531536946,32.11230199767444,0.27,28.17,29.974999999999998,35.8,31.74722222222222,38.6,32.340833333333336,32.42958333333333,27.096666666666664,1,1,19,16,100.0,70.97,SEVERE
Ahmedabad,23.0225,72.5714,2021-06-07,33.51708333333333,38.6,28.43,52.94375,73.84,4.4975,955.58,32.699999999999996,38.8,26.9,28.05308436581366,30.58626154453287,43.381971102530834,61.30586356910132,34.617813505180365,0.2,28.43,29.733333333333334,36.1,32.14166666666666,38.8,32.284166666666664,32.93458333333333,27.69,1,1,20,17,100.0,71.82999999999998,SEVERE
Ahmedabad,23.0225,72.5714,2021-06-08,34.42208333333333,40.42,28.25,51.48083333333333,73.99,5.975416666666667,980.67,33.55833333333333,40.9,27.0,28.583422481247805,31.35990930532684,42.15400812521271,68.82902743288872,38.96098326118829,0.0,28.25,29.675,36.6,32.884722222222216,40.9,32.3,33.63430555555555,28.283333333333335,1,1,21,18,100.0,77.94999999999999,SEVERE
Ahmedabad,23.0225,72.5714,2021-06-09,34.59875,40.99,28.76,49.784166666666664,72.5,5.605,1002.25,33.708333333333336,41.6,27.0,28.497629413345305,31.5160080822177,42.67200402568848,71.4888335823552,39.024792012917565,0.0,28.76,29.758333333333336,36.7,33.32222222222222,41.6,32.73833333333333,34.17930555555555,28.48,1,1,22,19,100.0,80.56,SEVERE
Ahmedabad,23.0225,72.5714,2021-06-10,35.13458333333333,41.61,28.87,48.55458333333333,70.62,5.976666666666667,1004.53,34.483333333333334,42.4,28.2,28.76599017368578,31.54899742420384,43.26040958722868,74.20991014700765,42.43196955919618,0.0,28.87,30.583333333333332,37.5,33.916666666666664,42.4,33.369166666666665,34.718472222222225,28.626666666666665,1,1,23,20,100.0,83.07,SEVERE
Ahmedabad,23.0225,72.5714,2021-06-11,35.29625,41.77,29.35,50.3375,72.56,6.199166666666667,1006.5,34.8125,42.7,28.3,29.17651255171951,31.867532325697287,43.14371251141378,76.03705108337206,45.18747178471505,0.01,29.35,31.0,37.1,34.33472222222222,42.7,33.8525,35.009861111111114,28.993333333333336,1,1,24,21,100.0,84.45000000000002,SEVERE
Ahmedabad,23.0225,72.5714,2021-06-12,35.59083333333333,41.79,29.73,49.99166666666667,73.41,5.96,974.67,35.329166666666666,42.9,28.9,29.36828051909893,31.78168484283091,44.37412564869442,76.28044804052776,47.54382684264055,0.0,29.73,31.599999999999998,37.8,34.875,42.9,34.37833333333334,35.34055555555556,29.316666666666666,1,1,25,22,100.0,85.42999999999999,EXTREME
Ahmedabad,23.0225,72.5714,2021-06-13,35.009166666666665,40.61,29.76,50.28541666666666,71.72,5.59625,841.78,34.4125,41.3,28.2,28.976629217390027,31.376097516265574,44.397136095951325,70.02612346667111,43.35569519949504,0.0,29.76,30.875,36.6,34.851388888888884,42.9,34.549166666666665,35.29875,29.613333333333333,1,1,26,23,100.0,80.66,SEVERE
Ahmedabad,23.0225,72.5714,2021-06-14,34.93333333333333,40.67,29.2,49.772083333333335,71.7,5.789583333333333,980.42,34.2125,41.2,27.2,28.811873417717475,31.385775363403827,42.72491023669005,69.52109184478813,41.83260302106839,0.0,29.2,30.383333333333336,36.7,34.65138888888888,42.9,34.65,35.17777777777778,29.563333333333333,1,1,27,24,100.0,79.80000000000001,SEVERE
Ahmedabad,23.0225,72.5714,2021-06-15,35.02708333333333,41.72,29.12,48.88166666666667,72.19,6.8183333333333325,985.08,34.300000000000004,43.0,27.3,28.717106849921123,31.73721114217866,42.77874756105122,76.38246434441037,41.65558556840151,0.0,29.12,29.941666666666666,37.1,34.30833333333333,43.0,34.61333333333333,34.989861111111104,29.36,1,1,28,25,100.0,85.12,EXTREME
Ahmedabad,23.0225,72.5714,2021-06-16,32.83875,38.65,27.3,62.0625,90.76,5.669583333333333,821.67,32.43333333333333,38.9,27.7,28.468833510730665,30.8420100909864,44.599494076445765,64.32993816552074,36.036176445325545,22.1,27.3,29.708333333333332,35.5,33.64861111111111,43.0,34.1375,34.26638888888888,28.540000000000003,1,1,29,26,100.0,70.99999999999999,SEVERE
Ahmedabad,23.0225,72.5714,2021-06-17,30.739583333333332,35.83,26.81,72.3775,92.95,4.205,848.2,30.708333333333332,36.2,26.4,27.736172784565152,29.60368112000366,41.456601727758375,51.66268880352369,27.85770654165465,33.97,26.81,28.616666666666664,33.9,32.480555555555554,43.0,33.21333333333333,32.868472222222216,27.743333333333336,1,1,30,27,100.0,62.41000000000001,HIGH
Ahmedabad,23.0225,72.5714,2021-06-18,28.838333333333335,33.25,25.93,80.07166666666667,92.57,4.8862499999999995,782.92,28.175,33.1,24.5,26.844600959014354,28.81907435662684,39.70830517067911,40.25792321829714,17.030945253540924,19.53,25.93,26.491666666666664,30.5,30.438888888888886,38.9,31.96583333333333,30.805555555555554,26.679999999999996,1,1,31,28,100.0,52.230000000000004,HIGH
Ahmedabad,23.0225,72.5714,2021-06-19,28.328333333333333,32.36,25.85,81.16208333333334,92.72,5.3062499999999995,509.27,27.316666666666666,31.5,24.0,26.46068324113635,28.169003949141235,38.12046860507403,32.92698454748808,13.31169301841818,13.76,25.85,25.933333333333334,30.6,28.73333333333333,36.2,30.586666666666666,29.302083333333332,26.19666666666667,0,1,0,29,100.0,47.35,MODERATE
Ahmedabad,23.0225,72.5714,2021-06-20,28.733333333333334,32.84,25.46,77.25083333333333,93.88,4.6745833333333335,430.55,28.195833333333336,31.7,24.9,26.42767879595401,28.107460715231532,37.909222264747925,32.97353511622319,14.93737823925042,12.34,25.46,26.058333333333334,28.9,27.895833333333332,33.1,29.36583333333333,28.633333333333336,25.746666666666666,0,1,0,30,100.0,47.559999999999995,MODERATE
Ahmedabad,23.0225,72.5714,2021-06-21,29.871666666666666,34.22,25.42,73.21791666666667,94.28,4.19625,482.45,29.775000000000002,33.9,25.4,27.077617100204833,29.042896525488487,40.28780976270738,43.290065390998855,22.324010176006855,8.3,25.42,26.991666666666664,31.1,28.429166666666664,33.9,28.834166666666665,28.977777777777778,25.576666666666668,1,1,1,31,100.0,54.12,HIGH
Ahmedabad,23.0225,72.5714,2021-06-22,30.0675,34.39,25.9,71.06,92.01,4.03,783.97,29.820833333333336,34.0,25.6,27.034006280670493,29.061215362244404,40.15355647280161,43.62152128047374,22.264664921131796,6.2299999999999995,25.9,27.15833333333333,31.9,29.26388888888889,34.0,28.656666666666666,29.5575,25.593333333333334,1,1,2,32,100.0,54.9,HIGH
Ahmedabad,23.0225,72.5714,2021-06-23,30.427083333333332,35.31,25.84,68.65583333333333,90.31,3.810416666666667,827.58,30.166666666666668,35.3,25.6,27.078247122865182,29.12508873059523,40.25684499363581,47.152957490599434,23.420921601685933,0.23,25.84,27.53333333333333,32.3,29.920833333333334,35.3,29.055,30.122083333333332,25.72,1,1,3,33,100.0,58.73999999999999,HIGH
Ahmedabad,23.0225,72.5714,2021-06-24,29.19583333333333,33.69,25.79,71.63250000000001,90.39,5.179583333333333,773.45,27.766666666666666,32.6,24.8,26.27895014020938,28.257256067721947,38.192379152588735,36.00427181411257,13.670022457066658,4.82,25.79,25.816666666666666,28.4,29.251388888888886,35.3,29.145000000000003,29.896805555555556,25.843333333333334,1,1,4,34,100.0,50.59,HIGH
Ahmedabad,23.0225,72.5714,2021-06-25,30.650000000000002,36.76,25.48,66.31875000000001,91.4,4.510833333333333,888.33,29.795833333333334,36.6,24.7,26.974287398263627,29.992081681128198,42.42723877725882,54.89123528447922,22.538835015602,0.34,25.48,26.46666666666667,31.7,29.243055555555554,36.6,29.465000000000003,30.09097222222222,25.703333333333333,1,1,5,35,100.0,62.279999999999994,HIGH
Ahmedabad,23.0225,72.5714,2021-06-26,31.295833333333334,36.76,25.25,63.755,91.7,3.79125,859.12,30.945833333333336,36.8,25.7,27.29285727489463,29.68071287370343,41.55515165629177,53.56380649174663,26.670992137651435,0.25,25.25,27.65833333333333,33.0,29.502777777777776,36.8,29.699166666666667,30.380555555555556,25.506666666666664,1,1,6,36,100.0,62.649999999999984,HIGH
Ahmedabad,23.0225,72.5714,2021-06-27,29.77416666666667,33.76,26.33,72.81625,90.27,3.5345833333333334,951.78,29.895833333333332,35.1,25.6,26.956492334953015,28.656390704758422,39.20282894264144,44.33032771657217,21.788052776211956,4.33,26.33,27.474999999999998,32.0,30.212499999999995,36.8,29.71416666666667,30.573333333333334,25.686666666666667,1,1,7,37,100.0,58.63,HIGH
Ahmedabad,23.0225,72.5714,2021-06-28,29.5,33.84,25.98,75.99166666666666,92.57,3.1245833333333333,576.08,30.241666666666664,35.0,26.2,27.016097155279766,28.79907551315877,39.74424988544365,44.858458370146266,22.61662616260969,20.93,25.98,28.224999999999998,33.7,30.361111111111104,36.8,29.729166666666668,30.189999999999998,25.853333333333335,1,1,8,38,100.0,57.98,HIGH
Ahmedabad,23.0225,72.5714,2021-06-29,30.799583333333334,36.06,25.99,69.88875,92.39,3.637916666666667,806.55,31.020833333333332,36.9,26.9,27.55312820329772,29.83026128643347,42.064749984308996,54.84056645435171,27.864458573260904,0.03,25.99,28.583333333333332,33.6,30.386111111111106,36.9,30.380000000000003,30.024583333333336,26.099999999999998,1,1,9,39,100.0,63.69,HIGH
Ahmedabad,23.0225,72.5714,2021-06-30,31.300416666666667,36.65,26.51,66.52458333333333,88.8,5.394583333333333,844.47,30.5,36.5,25.7,27.66024166756255,30.184367589423076,42.994526433711385,55.58165559316906,27.381112987032893,0.13,26.51,27.708333333333332,33.4,30.587499999999995,36.9,30.520833333333332,30.53333333333333,26.159999999999997,1,1,10,40,100.0,63.010000000000005,HIGH
Ahmedabad,23.0225,72.5714,2022-04-01,32.190416666666664,42.9,21.7,24.431250000000002,53.61,2.8925,1012.2,29.9375,42.5,19.2,21.974251925395155,27.325092153708734,43.51502222222222,62.54219916644021,21.335598167071847,0.0,21.7,23.941666666666666,36.8,30.48611111111111,42.5,30.319166666666668,31.430138888888887,24.733333333333334,1,0,11,0,100.0,76.2,SEVERE
Ahmedabad,23.0225,72.5714,2022-04-02,32.64125,43.52,22.38,22.919583333333335,56.09,2.8629166666666666,1020.92,30.15416666666667,42.9,19.3,21.861423200590945,26.85162945091412,44.13722777777778,62.706461683997695,22.11321244323867,0.0,22.38,24.3,39.1,30.197222222222223,42.9,30.37083333333333,32.04402777777778,23.53,1,0,12,0,100.0,78.07999999999998,SEVERE
Ahmedabad,23.0225,72.5714,2022-04-03,32.854166666666664,43.23,22.38,24.72375,67.31,3.077083333333333,1018.58,30.6875,42.8,19.5,22.276997842576993,27.100863533710474,43.84799444444443,62.953020552822224,22.957953992943274,0.0,22.38,24.474999999999998,38.0,30.259722222222223,42.9,30.459999999999997,32.56194444444444,22.153333333333332,1,0,13,0,100.0,77.77999999999999,SEVERE
Ahmedabad,23.0225,72.5714,2022-04-04,33.28208333333333,43.46,23.28,21.697916666666668,55.66,3.512083333333333,1027.4,30.958333333333332,43.1,19.7,22.25429144521588,26.86921194141133,44.07488333333333,63.205360461915156,22.68002325148055,0.0,23.28,25.141666666666666,38.1,30.599999999999998,43.1,30.4475,32.92583333333334,22.679999999999996,1,0,14,0,100.0,79.58000000000001,SEVERE
Ahmedabad,23.0225,72.5714,2022-04-05,34.28333333333333,43.87,24.75,19.389583333333334,32.58,4.161666666666666,999.7,32.0,44.5,20.6,23.059038176722353,28.6757455033966,44.632155555555556,72.60954568893376,27.587214055204388,0.0,24.75,26.075,41.4,31.215277777777775,44.5,30.747500000000002,33.47319444444444,23.47,1,0,15,0,100.0,85.25,EXTREME
Ahmedabad,23.0225,72.5714,2022-04-06,34.199999999999996,44.15,24.87,15.715833333333334,29.91,4.017916666666667,1013.55,31.46666666666667,44.0,20.0,21.966733924267306,27.47489829214812,44.8425,67.9399122677487,25.152481043246024,0.0,24.87,25.666666666666668,40.7,31.474999999999998,44.5,31.05333333333333,33.92180555555555,24.3,1,0,16,0,100.0,83.87,SEVERE
Ahmedabad,23.0225,72.5714,2022-04-07,35.06333333333333,44.94,25.2,18.115416666666665,34.35,4.7491666666666665,964.12,32.56666666666667,45.5,19.4,23.129061380991658,27.8369673698953,45.696616666666664,73.34929406467302,28.293275047955543,0.0,25.2,26.458333333333332,41.4,32.01111111111111,45.5,31.535833333333336,34.51555555555555,24.94,1,1,17,1,100.0,88.7,EXTREME
Ahmedabad,23.0225,72.5714,2022-04-08,35.2975,45.18,26.63,17.604583333333334,37.18,4.448333333333333,917.62,32.72083333333333,45.1,21.2,23.21224966167665,28.13932988045911,45.972888888888896,73.66615389258506,28.589516513625096,0.0,26.63,26.891666666666666,41.1,32.25138888888889,45.5,31.942500000000003,34.853611111111114,25.566666666666666,1,1,18,2,100.0,88.92999999999999,EXTREME
Ahmedabad,23.0225,72.5714,2022-04-09,34.115833333333335,43.88,24.63,19.113333333333333,42.45,4.031666666666667,992.75,31.625,43.7,21.4,22.485585351258763,27.216398982731338,44.54080000000001,66.15206651341143,24.994285037408872,0.0,24.63,26.09166666666667,40.4,32.30416666666667,45.5,32.075833333333335,34.82555555555556,25.486666666666665,1,0,19,0,100.0,82.73,SEVERE
Ahmedabad,23.0225,72.5714,2022-04-10,33.552083333333336,43.81,23.88,22.12291666666667,53.28,3.5995833333333334,969.95,31.391666666666666,43.7,21.3,22.332117884532607,27.05271342467006,44.45048333333333,65.26312895006608,23.513469564074995,0.0,23.88,26.03333333333333,39.1,31.912499999999998,45.1,31.954166666666662,34.32180555555556,25.046666666666663,1,0,20,0,100.0,81.98,SEVERE
Ahmedabad,23.0225,72.5714,2022-04-11,33.80291666666667,43.39,24.05,23.01,57.47,3.9591666666666665,959.1,31.695833333333336,43.3,22.7,22.803922831889903,26.919107461273725,44.00623888888889,63.79535620024629,23.34888569374965,0.0,24.05,26.666666666666668,38.6,31.57083333333333,43.7,32.00000000000001,33.82361111111111,24.186666666666667,1,0,21,0,100.0,80.94999999999999,SEVERE
Ahmedabad,23.0225,72.5714,2022-04-12,32.54333333333333,41.75,22.76,22.191666666666666,57.12,3.7575000000000003,947.95,30.070833333333336,40.9,19.9,21.584348243644314,25.148282275512717,42.15654444444444,50.764636138119094,18.883973534983518,0.0,22.76,25.208333333333332,37.1,31.052777777777777,43.7,31.500833333333333,33.29944444444445,23.563333333333333,1,0,22,0,100.0,72.46,SEVERE
Ahmedabad,23.0225,72.5714,2022-04-13,32.60583333333333,43.36,21.71,28.794166666666666,70.7,3.956666666666667,1045.75,30.308333333333334,42.9,19.9,22.422935456011242,26.10274718726486,43.91657777777778,60.2072560545482,20.892294156400553,0.0,21.71,24.616666666666664,37.8,30.691666666666666,43.3,31.018333333333334,32.984027777777776,22.840000000000003,1,0,23,0,100.0,77.41,SEVERE
Ahmedabad,23.0225,72.5714,2022-04-14,32.65,43.51,22.53,32.544583333333335,81.84,3.9287500000000004,1047.12,30.433333333333334,43.1,20.8,23.046325869857597,26.805221909488118,44.1244,63.05644833716001,21.653815528534484,0.0,22.53,24.558333333333334,37.1,30.270833333333332,43.1,30.78,32.59972222222222,22.333333333333332,1,0,24,0,100.0,78.83000000000001,SEVERE
Ahmedabad,23.0225,72.5714,2022-04-15,32.77,43.06,21.9,37.889583333333334,83.84,4.204166666666667,1028.5,31.141666666666666,42.8,22.0,23.992078870111055,26.609830296793366,43.63697222222223,61.29642325752985,21.69875673649163,0.0,21.9,25.808333333333334,35.8,30.627777777777776,43.1,30.73,32.67527777777778,22.046666666666667,1,0,25,0,100.0,77.29999999999998,SEVERE
Ahmedabad,23.0225,72.5714,2022-04-16,32.88333333333333,43.5,23.62,34.435833333333335,85.53,3.905416666666667,1025.35,31.254166666666666,43.3,23.3,23.65184299852925,27.147782086913057,44.12175555555556,63.91362346969405,22.71015729262076,0.0,23.62,25.891666666666666,35.8,30.94305555555555,43.3,30.64166666666667,32.76777777777778,22.683333333333334,1,0,26,0,100.0,80.52,SEVERE
Ahmedabad,23.0225,72.5714,2022-04-17,32.81041666666667,43.11,23.06,32.56041666666667,74.65,3.4408333333333334,1028.2,31.229166666666668,42.8,22.5,23.37341017827298,27.18922828720743,43.71756111111111,62.61316671469988,22.54980535014808,0.0,23.06,26.041666666666668,36.6,31.208333333333332,43.3,30.873333333333335,32.82125,22.86,1,0,27,0,100.0,78.46,SEVERE
Ahmedabad,23.0225,72.5714,2022-04-18,32.86416666666667,43.57,22.38,28.057083333333335,78.83,3.3825000000000003,1023.1,30.900000000000002,43.3,20.5,22.764453135861597,27.54412616522555,44.23505,65.82388345500954,23.187356836185156,0.0,22.38,25.224999999999998,37.8,31.127777777777776,43.3,30.991666666666667,32.85263888888889,23.02,1,0,28,0,100.0,79.27999999999999,SEVERE
Ahmedabad,23.0225,72.5714,2022-04-19,33.850833333333334,43.02,23.07,22.620416666666667,62.53,4.139166666666667,1043.15,31.320833333333336,42.6,20.2,22.74015400786857,26.511115218485028,43.58722777777777,60.45702198395749,22.797456250388993,0.0,23.07,26.150000000000002,38.9,31.150000000000002,43.3,31.169166666666666,33.17513888888889,22.836666666666662,1,0,29,0,100.0,77.87,SEVERE
Ahmedabad,23.0225,72.5714,2022-04-20,34.152499999999996,40.4,27.43,27.05458333333333,46.09,4.284166666666667,961.88,31.858333333333334,39.8,22.9,24.449786057069545,26.889918062017234,40.878083333333336,52.06214220736545,23.237954735052465,0.0,27.43,27.71666666666667,35.7,31.35972222222222,43.3,31.3125,33.6225,24.293333333333333,1,1,30,1,100.0,73.82999999999998,SEVERE
Ahmedabad,23.0225,72.5714,2022-04-21,34.69291666666667,42.9,26.79,20.202083333333334,37.82,4.0225,994.05,32.34166666666667,42.6,22.7,23.397766696209004,27.48194613665122,43.520244444444444,62.9713864843116,25.676439496382898,0.0,26.79,27.933333333333334,39.7,31.840277777777775,42.6,31.53,34.23208333333333,25.763333333333335,1,1,31,2,100.0,81.58999999999999,SEVERE
Ahmedabad,23.0225,72.5714,2022-04-22,34.05916666666666,42.33,26.23,21.525000000000002,41.08,3.6254166666666667,1030.88,31.929166666666664,42.1,22.3,23.257065816977747,27.602082574479663,42.940766666666654,61.91778395532303,24.556315314828552,0.0,26.23,27.28333333333333,38.9,32.04305555555555,42.6,31.670000000000005,34.30152777777778,26.816666666666663,1,1,32,3,100.0,79.53,SEVERE
Ahmedabad,23.0225,72.5714,2022-04-23,34.1775,42.93,26.28,19.745416666666667,40.22,4.2124999999999995,1026.03,31.825,43.3,21.4,22.952351967823958,27.900839616853062,43.58170555555555,66.01841117508039,25.17681572535129,0.0,26.28,26.8,39.5,32.03194444444444,43.3,31.855,34.30986111111111,26.433333333333337,1,1,33,4,100.0,83.17999999999999,SEVERE
Ahmedabad,23.0225,72.5714,2022-04-24,34.22875,43.39,24.81,21.361666666666668,48.47,5.1975,1046.47,31.40416666666667,43.3,20.6,22.91505645702868,27.044792715739383,44.00676111111111,63.911531948077396,24.46676370846788,0.0,24.81,26.025000000000002,40.0,31.719444444444445,43.3,31.87166666666667,34.15513888888889,25.77333333333333,1,0,34,0,100.0,81.71,SEVERE
Ahmedabad,23.0225,72.5714,2022-04-25,33.46041666666667,43.36,23.81,24.357083333333332,57.29,4.6375,1037.65,31.09166666666667,43.5,20.2,22.657676970521603,26.788258814370014,43.96175,63.72295623194074,23.226239508318713,0.0,23.81,25.53333333333333,39.3,31.440277777777776,43.5,31.718333333333334,33.955555555555556,24.96666666666667,1,0,35,0,100.0,81.31,SEVERE
Ahmedabad,23.0225,72.5714,2022-04-26,34.13666666666666,43.27,24.07,26.107083333333335,62.75,3.7745833333333336,990.6,31.858333333333334,43.0,21.3,23.662370916973803,27.52161196537623,43.90792222222222,64.4631354130369,25.75173758289795,0.0,24.07,26.325,39.4,31.451388888888886,43.5,31.62166666666667,33.94194444444444,24.23,1,0,36,0,100.0,80.07,SEVERE
Ahmedabad,23.0225,72.5714,2022-04-27,35.045833333333334,44.98,25.18,24.510833333333334,61.58,3.2429166666666664,1044.2,33.1875,44.8,22.3,23.869857433365727,28.04658035823657,45.75523888888888,72.44823634458915,29.480670333926117,0.0,25.18,27.400000000000002,41.0,32.04583333333333,44.8,31.873333333333335,34.214305555555555,24.353333333333335,1,1,37,1,100.0,86.57999999999998,EXTREME
Ahmedabad,23.0225,72.5714,2022-04-28,35.97541666666667,45.66,24.92,25.064166666666665,72.78,4.133333333333334,1043.15,34.05833333333333,45.7,22.3,24.83751541028992,28.91825684035382,46.522299999999994,77.7090265597088,32.9890468360064,0.0,24.92,28.333333333333332,41.7,33.03472222222222,45.7,32.32,35.052638888888886,24.723333333333333,1,0,38,0,100.0,89.02000000000001,EXTREME
Ahmedabad,23.0225,72.5714,2022-04-29,35.74916666666667,44.7,26.47,25.65041666666667,58.12,4.785,1055.18,34.233333333333334,45.3,24.5,24.829486630253303,27.91858235027299,45.45141666666667,73.0504571957465,31.785634050497162,0.0,26.47,29.05,42.0,33.826388888888886,45.7,32.88583333333334,35.590138888888895,25.52333333333333,1,1,39,1,100.0,89.36999999999999,EXTREME
Ahmedabad,23.0225,72.5714,2022-04-30,36.01583333333333,45.58,25.95,33.49583333333333,63.21,5.427916666666667,1007.8,35.40416666666667,47.8,25.3,26.597948515723658,30.31146375045865,46.54344444444443,82.92869076828414,37.420082428425964,0.0,25.95,29.65833333333333,41.1,34.56527777777777,47.8,33.748333333333335,35.913472222222225,25.78,1,1,40,2,100.0,90.95,EXTREME
Ahmedabad,23.0225,72.5714,2022-05-01,35.72625,44.81,27.45,31.360833333333332,64.86,4.440416666666667,1012.62,34.65833333333333,45.6,26.0,25.984896311305988,29.228136903825785,45.642133333333334,77.2801208564049,34.44533296184761,0.0,27.45,29.46666666666667,38.7,34.765277777777776,47.8,34.30833333333333,35.83041666666667,26.623333333333335,1,1,41,3,100.0,91.25000000000001,EXTREME
Ahmedabad,23.0225,72.5714,2022-05-02,35.899166666666666,44.42,27.22,27.989583333333332,60.89,4.330416666666667,1000.62,34.99166666666667,45.5,25.6,25.7334070906083,29.68649804790184,45.27240555555555,78.26832288393186,35.686732565944006,0.0,27.22,30.308333333333334,42.0,35.018055555555556,47.8,34.66916666666667,35.88041666666667,26.873333333333335,1,1,42,4,100.0,90.72,EXTREME
Ahmedabad,23.0225,72.5714,2022-05-03,34.92,43.34,26.52,27.254583333333333,53.58,4.039166666666667,1041.38,33.84583333333333,44.0,25.2,24.74294111008842,28.038435170977845,44.02643888888889,68.86918957090454,29.522778427314464,0.0,26.52,29.3,39.6,34.49861111111111,45.6,34.626666666666665,35.515138888888885,27.063333333333333,1,1,43,5,100.0,85.52,EXTREME
Ahmedabad,23.0225,72.5714,2022-05-04,34.934999999999995,43.32,26.05,29.1825,64.49,3.56875,1021.05,33.604166666666664,43.3,25.4,24.97343723488538,28.257386048788028,44.014849999999996,67.81767988549451,29.132424214182237,0.0,26.05,29.066666666666666,39.3,34.14722222222222,45.5,34.50083333333333,35.25138888888889,26.596666666666664,1,1,44,6,100.0,82.94999999999999,SEVERE
Ahmedabad,23.0225,72.5714,2022-05-05,34.25416666666667,42.03,25.91,32.54,74.13,3.2525,1003.12,32.8375,42.0,24.9,25.068167485682224,28.15519594381226,42.666383333333336,62.78431743352287,27.063167027053364,0.0,25.91,28.383333333333336,38.0,33.42916666666667,44.0,33.9875,34.70305555555555,26.16,1,1,45,7,100.0,78.91,SEVERE
Ahmedabad,23.0225,72.5714,2022-05-06,35.43541666666667,43.47,27.19,27.977083333333336,68.94,3.20125,997.58,34.1,43.7,24.3,25.390366196775393,29.089850911152965,44.24698888888889,71.51693437597098,32.39565034877773,0.0,27.19,29.383333333333336,40.1,33.513888888888886,43.7,33.87583333333333,34.87486111111111,26.383333333333336,1,1,46,8,100.0,85.29,EXTREME
Ahmedabad,23.0225,72.5714,2022-05-07,35.827083333333334,43.87,27.81,26.547916666666666,48.34,3.6775,944.65,34.24583333333333,44.1,23.7,25.556427290561867,29.311091891840725,44.673672222222216,73.53116456441107,33.107467285008745,0.0,27.81,29.15833333333333,39.5,33.72777777777778,44.1,33.72666666666667,35.172222222222224,26.97,1,1,47,9,100.0,87.11,EXTREME
Ahmedabad,23.0225,72.5714,2022-05-08,36.29333333333333,45.36,27.58,25.689999999999998,52.11,4.503333333333333,1017.1,34.449999999999996,45.8,23.2,25.60614293800647,29.868120467275624,46.27481111111111,80.67838901382456,35.09227090205767,0.0,27.58,28.71666666666667,41.4,34.265277777777776,45.8,33.847500000000004,35.85194444444445,27.526666666666667,1,1,48,10,100.0,91.97999999999999,EXTREME
Ahmedabad,23.0225,72.5714,2022-05-09,36.33875,45.37,27.01,29.43041666666667,64.4,4.949583333333334,1015.25,34.65416666666667,45.6,22.8,26.04897811942267,29.30327357302179,46.24873333333332,78.54968075092965,35.13123387335303,0.0,27.01,28.875,40.9,34.449999999999996,45.8,34.0575,36.15305555555556,27.46666666666667,1,1,49,11,100.0,90.81000000000002,EXTREME
Ahmedabad,23.0225,72.5714,2022-05-10,36.89208333333333,45.72,27.67,28.46666666666667,68.36,5.168333333333334,984.3,35.541666666666664,46.7,25.9,26.49629093408169,30.54975240523928,46.694833333333335,83.7312040756212,38.729505127874255,0.0,27.67,29.78333333333333,41.7,34.881944444444436,46.7,34.59833333333333,36.50805555555555,27.419999999999998,1,1,50,12,100.0,92.67,EXTREME
Ahmedabad,23.0225,72.5714,2022-05-11,38.33958333333333,47.14,28.48,23.200833333333332,52.97,4.4425,1010.35,36.949999999999996,47.3,25.7,26.684699721009668,30.572411015201645,48.1973,85.14966782821362,43.34980073952906,0.0,28.48,31.583333333333332,43.7,35.71527777777778,47.3,35.16833333333333,37.19013888888889,27.72,1,1,51,13,100.0,93.48,EXTREME
Ahmedabad,23.0225,72.5714,2022-05-12,38.10958333333333,47.65,27.7,22.97583333333333,59.03,5.385416666666667,980.15,36.75833333333333,48.5,25.3,26.262000485691406,30.611440326362214,48.7374111111111,85.73641759744412,41.740138812593884,0.0,27.7,30.8,46.1,36.41666666666666,48.5,35.67083333333333,37.78041666666666,27.95,1,1,52,14,100.0,92.7,EXTREME
Ahmedabad,23.0225,72.5714,2022-05-13,36.819583333333334,47.12,27.03,30.699166666666667,67.55,4.1075,1014.7,35.854166666666664,47.8,25.7,26.476087578304483,30.13136403500506,48.14736111111111,83.78310176685092,38.81549765285561,0.0,27.03,30.09166666666667,41.6,36.52083333333333,48.5,35.95166666666667,37.756249999999994,27.736666666666668,1,1,53,15,100.0,92.03,EXTREME
Ahmedabad,23.0225,72.5714,2022-05-14,36.57875,45.9,27.12,37.275,74.54,4.3825,1015.9,35.824999999999996,46.6,25.8,27.576759772422335,30.204068602026073,46.86828888888889,82.80236236834158,42.0310909439596,0.0,27.12,30.566666666666666,40.1,36.14583333333332,48.5,36.18583333333333,37.16930555555555,27.28333333333333,1,1,54,16,100.0,92.12,EXTREME
Ahmedabad,23.0225,72.5714,2022-05-15,35.73166666666666,45.04,26.78,38.32208333333333,75.94,4.607916666666667,1017.53,35.17916666666667,46.3,26.5,27.064189228133994,30.615572434086403,45.9672,82.76705037067134,38.574956112123445,0.0,26.78,29.941666666666666,39.1,35.61944444444444,47.8,36.11333333333333,36.376666666666665,26.97666666666667,1,1,55,17,100.0,91.78,EXTREME
Ahmedabad,23.0225,72.5714,2022-05-16,35.15541666666667,44.17,26.19,38.14875,81.62,5.218333333333333,1011.1,34.46666666666667,46.0,25.9,26.43336801846119,29.33972362539989,44.982261111111114,78.07975228348229,34.09736190886066,0.0,26.19,29.141666666666666,39.0,35.15694444444444,46.6,35.61666666666667,35.82194444444445,26.69666666666667,1,1,56,18,100.0,91.19,EXTREME
Ahmedabad,23.0225,72.5714,2022-05-17,34.39,42.81,26.3,34.60958333333333,81.81,4.004166666666666,995.38,33.31666666666667,43.0,26.2,25.349542330557174,28.459097785163124,43.48234444444444,66.14548148255537,28.906181978986766,0.0,26.3,28.941666666666666,37.9,34.32083333333333,46.3,34.92833333333333,35.09236111111111,26.423333333333332,1,1,57,19,100.0,82.3,SEVERE
Ahmedabad,23.0225,72.5714,2022-05-18,34.722500000000004,42.94,26.38,33.76541666666667,66.9,3.36875,938.38,33.55833333333333,43.0,26.2,25.67340127621385,28.571141685482075,43.64832222222222,67.42042202638766,29.791644548784035,0.0,26.38,28.799999999999997,37.2,33.78055555555555,46.0,34.469166666666666,34.755972222222226,26.290000000000003,1,1,58,20,100.0,82.38,SEVERE
Ahmedabad,23.0225,72.5714,2022-05-19,36.475833333333334,44.99,27.17,33.52125,67.58,3.87375,984.9,35.40416666666667,45.5,26.3,27.10678862219253,30.67303899075064,45.95032222222222,82.11712180316981,39.190187638160474,0.0,27.17,30.008333333333336,41.0,34.09305555555556,45.5,34.385000000000005,35.196111111111115,26.616666666666664,1,1,59,21,100.0,90.67,EXTREME
Ahmedabad,23.0225,72.5714,2022-05-20,35.538333333333334,44.88,26.26,36.85041666666667,78.12,5.59375,996.92,34.24583333333333,46.1,23.7,26.587237849125277,30.19364296818714,45.77866666666667,81.53645064369186,34.96553238257764,0.0,26.26,28.258333333333336,39.6,34.40277777777777,46.1,34.19833333333334,35.57888888888889,26.603333333333335,1,1,60,22,100.0,91.26,EXTREME
Ahmedabad,23.0225,72.5714,2022-05-21,33.403333333333336,42.2,26.08,47.14416666666667,80.86,8.029583333333333,964.65,32.233333333333334,45.1,23.6,26.713792598711823,30.20562012543553,43.042427777777775,77.31679757437422,29.302308682460303,0.0,26.08,26.558333333333334,36.1,33.96111111111111,46.1,33.751666666666665,35.139166666666675,26.503333333333334,1,1,61,23,100.0,88.38,EXTREME
Ahmedabad,23.0225,72.5714,2022-05-22,34.252500000000005,42.51,27.55,47.29750000000001,70.7,7.719166666666666,981.75,33.333333333333336,45.0,24.9,27.64808228461439,31.25013597313497,43.465155555555555,80.48965419496336,34.73420212272166,0.0,27.55,27.883333333333336,36.3,33.27083333333333,46.1,33.755,34.39805555555556,26.63,1,1,62,24,100.0,89.55,EXTREME
Ahmedabad,23.0225,72.5714,2022-05-23,34.663333333333334,42.6,28.31,46.145,70.52,7.4175,696.3,33.9125,45.4,25.7,27.806579295293318,31.067222824416355,43.53073333333334,80.75551044135878,36.68079730371985,0.0,28.31,28.441666666666666,36.7,33.15972222222222,45.4,33.825833333333335,34.10638888888889,27.313333333333333,1,1,63,25,100.0,91.50999999999999,EXTREME
Ahmedabad,23.0225,72.5714,2022-05-24,34.99333333333333,42.07,28.37,44.07458333333333,71.19,4.595,810.9,34.0875,42.5,26.9,27.78903646713564,30.168916641921452,42.88376111111111,69.89819239963896,37.46943876958003,0.0,28.37,29.900000000000002,36.0,33.77777777777778,45.4,33.5625,34.63638888888889,28.076666666666664,1,1,64,26,100.0,82.87,SEVERE
Ahmedabad,23.0225,72.5714,2022-05-25,34.62583333333333,42.01,27.83,42.458333333333336,72.06,4.382083333333333,959.35,33.50416666666667,42.5,25.6,27.169475826738022,30.378886795140815,42.83812777777777,70.48847197962534,33.38841880717163,0.0,27.83,29.016666666666666,36.8,33.83472222222222,45.4,33.41416666666667,34.76083333333333,28.169999999999998,1,1,65,27,100.0,82.33,SEVERE
Ahmedabad,23.0225,72.5714,2022-05-26,34.68208333333333,42.17,27.42,43.8475,74.61,5.903333333333333,964.28,33.40833333333333,43.0,25.5,27.40519765427594,30.12594215020647,42.9888,71.36901924214827,34.06939570122498,0.0,27.42,28.34166666666667,36.8,33.666666666666664,43.0,33.649166666666666,34.76708333333334,27.873333333333335,1,1,66,28,100.0,83.42,SEVERE
Ahmedabad,23.0225,72.5714,2022-05-27,34.41041666666667,42.05,28.11,45.34041666666667,70.27,7.2775,997.85,33.19166666666667,43.3,25.2,27.487963805112212,30.704679975250368,42.934349999999995,74.01184472556005,33.73657168138504,0.0,28.11,28.166666666666668,36.4,33.36805555555555,43.3,33.62083333333333,34.57277777777778,27.786666666666665,1,1,67,29,100.0,85.00999999999999,EXTREME
Ahmedabad,23.0225,72.5714,2022-05-28,34.61291666666667,42.85,27.99,43.95666666666667,72.39,7.0425,977.15,33.44166666666667,44.8,25.3,27.349221486519188,30.58571810418061,43.741499999999995,78.25119575769696,34.01968924983217,0.0,27.99,27.96666666666667,36.3,33.34722222222222,44.8,33.526666666666664,34.568472222222226,27.84,1,1,68,30,100.0,89.38999999999999,EXTREME
Ahmedabad,23.0225,72.5714,2022-05-29,34.10125,41.8,27.48,46.867916666666666,73.94,6.575833333333333,889.03,32.80833333333333,43.1,25.3,27.443062275281733,30.733999365625177,42.690422222222224,73.51715893764548,32.39023413020083,0.0,27.48,27.8,35.4,33.14722222222222,44.8,33.27083333333333,34.37486111111111,27.86,1,1,69,31,100.0,83.78000000000002,SEVERE
Ahmedabad,23.0225,72.5714,2022-05-30,34.639583333333334,42.93,27.22,45.93083333333334,76.43,6.085833333333333,986.42,33.49166666666667,44.0,25.2,27.619996887728117,30.775734175485514,43.83002222222222,76.60945373418599,35.227172707647455,0.0,27.22,27.916666666666668,35.9,33.24722222222223,44.8,33.26833333333333,34.45125,27.563333333333333,1,1,70,32,100.0,86.22,EXTREME
Ahmedabad,23.0225,72.5714,2022-05-31,34.74166666666667,43.16,26.46,41.61666666666667,79.34,4.88,970.55,33.545833333333334,43.9,25.2,26.88247546129216,29.95765605840229,43.97518333333333,74.17235636412097,32.8984701861632,0.0,26.46,28.150000000000002,36.0,33.28194444444444,44.0,33.295833333333334,34.49416666666667,27.05333333333333,1,1,71,33,100.0,85.15999999999998,EXTREME
Ahmedabad,23.0225,72.5714,2022-06-01,34.69583333333333,43.96,25.91,39.718333333333334,83.58,4.5625,1020.72,33.42916666666667,44.4,25.0,26.253542203743695,29.35097505039198,44.76170555555555,74.09887201107932,31.185856800109164,0.0,25.91,27.891666666666666,37.3,33.48888888888889,44.4,33.343333333333334,34.69236111111111,26.53,1,1,72,34,100.0,86.10999999999999,EXTREME
Ahmedabad,23.0225,72.5714,2022-06-02,35.559999999999995,44.37,26.28,37.05583333333333,80.71,5.510833333333333,994.42,34.40833333333333,45.5,24.9,26.56300643435915,29.32964400418788,45.1975611111111,77.27259421805707,34.61316696637645,0.0,26.28,28.71666666666667,39.1,33.794444444444444,45.5,33.53666666666666,34.99916666666667,26.21666666666667,1,1,73,35,100.0,89.78,EXTREME
Ahmedabad,23.0225,72.5714,2022-06-03,35.139583333333334,44.11,26.83,39.19166666666667,79.62,5.63375,986.53,33.9625,45.2,25.0,26.59949864030385,29.0998226372208,44.90868888888889,75.5862022693024,33.346943163149206,0.0,26.83,28.233333333333334,38.1,33.93333333333333,45.5,33.7675,35.13180555555555,26.34,1,1,74,36,100.0,89.43,EXTREME
Ahmedabad,23.0225,72.5714,2022-06-04,34.98666666666667,43.92,26.36,34.82791666666667,80.92,5.123333333333334,1024.9,33.78333333333333,44.9,25.6,25.67541866282222,28.521516059632535,44.66496111111112,72.81849840356234,30.88969201346713,0.0,26.36,28.508333333333336,38.9,34.05138888888888,45.5,33.825833333333335,35.22875,26.49,1,1,75,37,100.0,88.05999999999999,EXTREME
Ahmedabad,23.0225,72.5714,2022-06-05,34.95875,43.4,26.39,35.61875,78.34,3.6333333333333333,1000.0,33.93333333333333,43.5,26.0,25.997708412552928,28.528168067910116,44.128472222222214,69.14195950604795,31.277467900807157,0.0,26.39,29.108333333333334,37.6,33.89305555555555,45.2,33.90333333333333,35.028333333333336,26.526666666666667,1,1,76,38,100.0,83.89,SEVERE
Ahmedabad,23.0225,72.5714,2022-06-06,35.4625,43.87,26.81,34.06375,76.72,4.6762500000000005,993.12,34.28333333333333,44.5,26.1,26.081600997383404,28.75179676461986,44.63763888888889,72.84246758854557,33.066582048298564,0.0,26.81,29.166666666666668,38.7,33.99999999999999,44.9,34.07416666666667,35.13597222222223,26.52,1,1,77,39,100.0,87.31,EXTREME
Ahmedabad,23.0225,72.5714,2022-06-07,34.90708333333333,42.22,27.71,38.95375,69.01,5.327916666666667,1001.67,33.833333333333336,43.2,26.5,26.854355573427696,29.086046878046275,42.949016666666665,69.00519860515332,33.21256190165111,0.01,27.71,29.45,37.4,34.01666666666666,44.5,33.95916666666667,35.10944444444444,26.97,1,1,78,40,100.0,84.31,SEVERE
Ahmedabad,23.0225,72.5714,2022-06-08,34.73375,41.44,28.26,48.55041666666667,75.7,6.131666666666667,972.5,33.9,42.6,26.2,28.29013907643794,31.259231243137833,42.39233888888887,73.66233624149078,38.521413341712154,0.08,28.26,29.141666666666666,36.5,34.00555555555555,44.5,33.946666666666665,35.034444444444446,27.593333333333334,1,1,79,41,100.0,83.06,SEVERE
Ahmedabad,23.0225,72.5714,2022-06-09,35.405833333333334,42.55,28.07,44.385416666666664,76.86,5.749583333333334,1001.03,34.56666666666667,43.7,26.2,28.175857177715045,30.83219410734905,43.438916666666664,75.78771907323988,40.139587727223926,0.0,28.07,29.516666666666666,37.0,34.099999999999994,43.7,34.10333333333333,35.01555555555556,28.013333333333335,1,1,80,42,100.0,86.17000000000002,EXTREME
Ahmedabad,23.0225,72.5714,2022-06-10,35.696666666666665,43.13,28.16,43.63291666666667,73.68,5.285,998.25,35.07083333333333,44.3,26.3,28.403724036838742,31.360755841922114,44.10198333333334,79.53567512909362,42.43415080823168,0.0,28.16,30.525000000000002,37.4,34.512499999999996,44.3,34.33083333333333,35.27875,28.163333333333338,1,1,81,43,100.0,88.05999999999999,EXTREME
Ahmedabad,23.0225,72.5714,2022-06-11,35.651666666666664,42.7,29.44,45.20374999999999,66.15,5.6883333333333335,977.6,35.083333333333336,43.6,28.2,28.709015202589814,31.477738986208614,43.68016111111111,77.79801791249503,43.84315238030853,0.1,29.44,31.25,38.6,34.90694444444444,44.3,34.49083333333333,35.58472222222222,28.55666666666667,1,1,82,44,100.0,87.24000000000001,EXTREME
Ahmedabad,23.0225,72.5714,2022-06-12,33.27833333333333,38.25,29.19,53.25958333333333,66.89,4.822916666666667,914.47,32.37916666666667,38.3,27.6,27.920479349309048,30.372114838398495,42.5712171053907,58.10436375079645,33.28451807066746,2.42,29.19,30.325,36.5,34.17777777777778,44.3,34.2,34.87555555555556,28.930000000000003,1,1,83,45,100.0,71.08999999999999,SEVERE
Ahmedabad,23.0225,72.5714,2022-06-13,32.90125,37.8,28.82,52.38583333333333,68.42,4.83875,705.17,31.65416666666667,37.7,27.1,27.44411566979838,29.90391987740466,40.56418543944482,54.071281371344426,29.090733634631125,0.86,28.82,29.650000000000002,36.0,33.03888888888889,43.6,33.75083333333334,33.94375,29.150000000000002,1,1,84,46,100.0,68.92,HIGH
Ahmedabad,23.0225,72.5714,2022-06-14,33.357083333333335,39.45,28.55,50.44625,72.29,6.005,876.45,32.05416666666667,39.4,26.9,27.42825449002631,29.614267085632164,40.20386111111111,58.82441961438442,30.086180801815956,0.16,28.55,29.133333333333336,35.4,32.02916666666667,39.4,33.248333333333335,33.178888888888885,28.853333333333335,1,1,85,47,100.0,73.74999999999999,SEVERE
Ahmedabad,23.0225,72.5714,2022-06-15,34.330416666666665,40.65,28.61,52.02291666666667,73.35,5.815833333333334,855.65,33.49583333333333,41.2,27.0,28.576361042298203,31.22745567415014,42.11869148184468,69.38151678090452,38.99452822994968,0.27999999999999997,28.61,30.125,37.0,32.40138888888888,41.2,32.93333333333333,33.52958333333333,28.66,1,1,86,48,100.0,79.21000000000001,SEVERE
Ahmedabad,23.0225,72.5714,2022-06-16,33.533750000000005,38.49,28.96,53.58208333333334,75.61,5.6825,860.5,32.55416666666667,38.4,27.8,28.11598398573145,30.129420020571075,41.43672658089479,57.01355927750577,34.62431156124432,0.74,28.96,29.808333333333334,35.0,32.701388888888886,41.2,32.427499999999995,33.74041666666667,28.706666666666667,1,1,87,49,100.0,71.16,SEVERE
Ahmedabad,23.0225,72.5714,2022-06-17,33.470416666666665,38.93,28.6,55.88125,77.16,6.235833333333333,838.88,32.699999999999996,39.5,27.4,28.360778663271876,30.719244218066745,43.20922610783825,62.076553910238886,36.21496344396564,0.79,28.6,29.858333333333334,36.3,32.91666666666666,41.2,32.49166666666666,33.778194444444445,28.723333333333333,1,1,88,50,100.0,74.1,SEVERE
Ahmedabad,23.0225,72.5714,2022-06-18,33.35,38.86,28.41,56.971666666666664,79.1,6.381666666666667,726.53,32.69583333333333,39.4,28.0,28.36242828384931,30.671554944983882,42.01106585586871,61.618573047512044,36.02867219502834,1.01,28.41,30.133333333333336,36.6,32.65,39.5,32.7,33.45138888888889,28.656666666666666,1,1,89,51,100.0,73.60999999999999,SEVERE
Ahmedabad,23.0225,72.5714,2022-06-19,32.18125,36.77,28.22,64.20833333333333,80.84,5.829166666666667,800.38,31.5,36.7,27.1,28.236970964010922,30.226649302046045,43.07619209488258,56.40924537994908,33.12597539414093,2.67,28.22,29.40833333333333,34.4,32.29861111111111,39.5,32.589166666666664,33.00055555555556,28.409999999999997,1,1,90,52,100.0,65.32000000000001,HIGH
Ahmedabad,23.0225,72.5714,2022-06-20,33.31541666666667,39.25,27.97,56.29916666666667,82.56,6.860416666666667,796.28,32.49166666666667,40.0,26.7,28.169068599970743,30.786012864045475,43.04202142688503,63.53648056588362,34.42181738138077,0.54,27.97,28.849999999999998,35.8,32.229166666666664,40.0,32.388333333333335,32.94888888888889,28.2,1,1,91,53,100.0,74.97,SEVERE
Ahmedabad,23.0225,72.5714,2022-06-21,33.59666666666667,39.82,27.84,52.8775,81.1,6.274583333333333,829.7,32.74583333333333,40.4,26.8,27.93457366247166,30.29632404352679,40.65446666666666,63.647298729155565,34.02211222626778,0.57,27.84,29.133333333333336,35.2,32.24583333333333,40.4,32.42666666666666,33.03111111111111,28.01,1,1,92,54,100.0,76.03999999999999,SEVERE
Ahmedabad,23.0225,72.5714,2022-06-22,33.88708333333333,39.45,27.99,51.91,79.34,2.965833333333333,948.28,34.09583333333333,40.2,29.5,28.116283509568163,30.19855335879295,40.280627777777774,62.644032057055185,38.3339406382479,2.7600000000000002,27.99,31.191666666666666,36.5,33.11111111111111,40.4,32.70583333333333,33.59972222222222,27.933333333333334,1,1,93,55,100.0,75.59,SEVERE
Ahmedabad,23.0225,72.5714,2022-06-23,32.199999999999996,36.75,28.56,59.4125,76.59,2.9879166666666666,743.5,32.483333333333334,37.2,28.3,27.69542565382635,29.702170472077096,41.58662831562689,54.29053603851554,32.85921270617196,7.050000000000001,28.56,30.883333333333336,36.6,33.10833333333333,40.4,32.663333333333334,33.227916666666665,28.13,1,1,94,56,100.0,67.16000000000001,HIGH
Ahmedabad,23.0225,72.5714,2022-06-24,33.295,38.72,28.46,55.2275,75.76,3.831666666666667,958.6,33.22083333333333,39.6,28.9,28.08355035683878,30.21114183676076,41.801900301462716,60.50652212863976,36.11627390395695,0.03,28.46,31.28333333333333,37.3,33.26666666666666,40.2,33.00749999999999,33.12736111111111,28.336666666666662,1,1,95,57,100.0,74.25999999999999,SEVERE
Ahmedabad,23.0225,72.5714,2022-06-25,35.30166666666667,40.91,29.28,48.367916666666666,76.74,4.349166666666666,944.95,35.11666666666667,42.0,30.3,28.912931044906973,31.300939364258042,43.20914340224553,71.83204514591421,44.72169380142258,0.0,29.28,32.11666666666667,38.2,33.606944444444444,42.0,33.5325,33.59888888888889,28.766666666666666,1,1,96,58,100.0,82.28,SEVERE
Ahmedabad,23.0225,72.5714,2022-06-26,33.5,39.16,28.6,55.736250000000005,73.79,4.612916666666667,893.25,33.079166666666666,39.7,27.0,28.353745643322352,30.75259434510981,43.578075549142085,62.88864558202468,37.08907172822297,5.0200000000000005,28.6,30.599999999999998,36.8,33.80555555555555,42.0,33.59916666666667,34.032222222222224,28.78,1,1,97,59,100.0,74.70000000000002,SEVERE
Ahmedabad,23.0225,72.5714,2022-06-27,32.532916666666665,38.01,28.2,59.30666666666667,79.98,5.0525,578.45,31.791666666666668,38.1,26.7,27.951933217123056,30.68544963672298,44.24179756225702,62.29921635560982,32.441612924523945,0.22,28.2,29.708333333333332,35.7,33.329166666666666,42.0,33.138333333333335,33.778194444444445,28.69333333333334,1,1,98,60,100.0,69.5,HIGH
Ahmedabad,23.0225,72.5714,2022-06-28,31.52208333333333,36.08,28.0,60.57916666666667,80.8,5.0808333333333335,590.7,30.22083333333333,35.9,26.5,27.194608754956665,29.162105470050047,40.33619377935452,48.83300665306711,24.61108992220211,0.43,28.0,27.75,30.7,31.697222222222223,39.7,32.68583333333333,32.51833333333333,28.26666666666667,1,1,99,61,100.0,62.699999999999996,HIGH
Ahmedabad,23.0225,72.5714,2022-06-29,32.65875,36.33,28.05,59.03458333333333,80.3,5.53875,749.17,31.708333333333332,35.9,27.2,28.068168241100263,29.728570530276567,41.824082866228466,51.826218431028366,32.82266678774305,0.1,28.05,29.25,34.7,31.240277777777777,38.1,32.38333333333333,32.23791666666666,28.083333333333332,1,1,100,62,100.0,62.75,HIGH
Ahmedabad,23.0225,72.5714,2022-06-30,31.853333333333335,36.73,27.66,66.55375,90.45,5.2004166666666665,729.47,31.40833333333333,36.4,27.4,28.136311777291482,29.826755877777863,41.94068524663376,53.264897089881,32.18604173432769,14.35,27.66,29.191666666666666,34.4,31.112499999999994,36.4,31.64166666666667,32.01138888888889,27.903333333333336,1,1,101,63,100.0,63.86,HIGH
Ahmedabad,23.0225,72.5714,2023-04-01,28.54375,36.63,20.71,41.44625,86.64,3.1991666666666667,973.9,26.291666666666668,35.3,18.6,21.68167617592502,25.55513021509337,36.86085555555555,33.170279534169,9.95408241923254,0.0,20.71,21.758333333333336,30.5,29.802777777777774,36.4,30.284166666666664,31.018611111111113,25.473333333333333,1,0,102,0,100.0,53.60999999999999,HIGH
Ahmedabad,23.0225,72.5714,2023-04-02,28.844583333333333,36.9,20.09,39.64875,81.71,2.5529166666666665,998.0,26.8875,36.0,17.8,21.70909940730442,25.569281766536257,37.15028333333333,35.320552471454796,11.771810782052645,0.0,20.09,21.724999999999998,31.6,28.19583333333333,36.4,29.30333333333333,29.747222222222224,22.820000000000004,1,0,103,0,100.0,55.09,HIGH
Ahmedabad,23.0225,72.5714,2023-04-03,28.93958333333333,37.75,20.45,41.58291666666667,81.76,3.7283333333333335,995.1,26.6375,36.3,18.2,21.877397864844653,25.391404446977972,38.00668888888888,36.49524715735903,10.676673714677458,0.0,20.45,22.2,30.6,26.605555555555554,36.3,28.586666666666666,28.77597222222222,20.416666666666668,1,0,104,0,100.0,56.349999999999994,HIGH
Ahmedabad,23.0225,72.5714,2023-04-04,29.421666666666667,37.32,20.99,41.62625,85.74,2.935833333333333,978.8,27.8875,36.1,20.7,22.652095603796948,26.795512262695606,37.72377777777778,39.9615609426762,12.333225727171731,0.0,20.99,24.083333333333332,31.7,27.1375,36.3,27.822499999999998,29.06861111111111,20.51,1,0,105,0,100.0,56.290000000000006,HIGH
Ahmedabad,23.0225,72.5714,2023-04-05,30.208333333333332,38.03,22.11,33.05125,57.47,2.985,938.47,27.866666666666664,37.1,18.2,22.12381777874083,26.341984141670892,38.379705555555546,41.36352673335413,14.533491410517891,0.0,22.11,22.78333333333333,33.6,27.463888888888885,37.1,27.114166666666666,29.523194444444442,21.183333333333334,1,0,106,0,100.0,60.410000000000004,HIGH
Ahmedabad,23.0225,72.5714,2023-04-06,29.9275,38.77,21.92,25.34166666666667,64.32,2.6325,987.35,27.504166666666666,37.5,18.7,20.46952100103322,24.67308666102915,38.99212777777778,39.17793719806763,12.572245571658614,0.0,21.92,22.941666666666666,33.6,27.752777777777776,37.5,27.356666666666666,29.852500000000003,21.673333333333332,1,0,107,0,100.0,61.419999999999995,HIGH
Ahmedabad,23.0225,72.5714,2023-04-07,31.022916666666664,39.68,21.3,20.585416666666667,42.41,2.50625,807.92,28.974999999999998,38.6,18.7,20.666556779864106,25.27200899481637,39.995738888888894,43.61666949652643,14.213011412821189,0.0,21.3,25.558333333333334,35.4,28.115277777777774,38.6,27.774166666666666,30.38625,21.77666666666667,1,0,108,0,100.0,64.10000000000001,HIGH
Ahmedabad,23.0225,72.5714,2023-04-08,32.05291666666667,39.94,24.47,20.52958333333333,32.05,2.3295833333333333,1002.1,30.175,39.3,21.6,21.657339111426698,26.233804805675852,40.34231666666667,48.553428909781175,18.22837836852742,0.0,24.47,25.974999999999998,36.1,28.884722222222223,39.3,28.481666666666666,31.00111111111111,22.563333333333333,1,0,109,0,100.0,69.36999999999999,HIGH
Ahmedabad,23.0225,72.5714,2023-04-09,31.971249999999998,39.83,24.07,22.065833333333334,35.99,2.075416666666667,996.62,30.2375,39.2,21.3,21.82906046443801,26.168434004900345,40.22444999999999,48.004823753831474,17.880914382220187,0.0,24.07,26.133333333333336,35.5,29.79583333333333,39.3,28.951666666666664,31.682361111111106,23.28,1,0,110,0,100.0,68.67000000000002,HIGH
Ahmedabad,23.0225,72.5714,2023-04-10,32.93875,40.98,23.57,23.714166666666667,39.68,2.09125,969.95,31.28333333333333,40.7,20.5,22.846773936265645,27.079837957080656,41.492844444444444,55.50729473668739,22.153501973091135,0.0,23.57,26.5,37.2,30.565277777777776,40.7,29.634999999999998,32.320972222222224,24.036666666666665,1,0,111,0,100.0,72.67,SEVERE
Ahmedabad,23.0225,72.5714,2023-04-11,33.100833333333334,41.03,25.34,24.230416666666667,41.14,2.7379166666666666,962.72,31.28333333333333,40.7,21.5,23.079314846507696,27.326784172057714,41.56664444444444,56.39699985916832,22.730865885043787,0.0,25.34,26.40833333333333,38.1,30.93472222222222,40.7,30.39083333333333,32.67027777777778,24.326666666666668,1,1,112,1,100.0,74.44000000000001,SEVERE
Ahmedabad,23.0225,72.5714,2023-04-12,33.11833333333333,41.7,24.76,26.53833333333333,47.78,3.8408333333333338,982.25,30.920833333333334,41.6,20.9,23.413369286085075,27.753131159109074,42.29711666666667,60.50252789901279,22.031930015794064,0.0,24.76,26.075,37.0,31.162499999999998,41.6,30.78,33.052638888888886,24.55666666666667,1,0,113,0,100.0,76.56,SEVERE
Ahmedabad,23.0225,72.5714,2023-04-13,31.866666666666664,38.66,24.65,29.210416666666664,52.92,2.97125,719.08,29.833333333333332,37.7,21.7,22.927517791285766,26.373472174365133,39.01656666666666,43.76839668495621,17.563360905928466,0.0,24.65,25.433333333333334,34.8,30.679166666666664,41.6,30.711666666666666,32.695277777777775,24.916666666666668,1,0,114,0,100.0,64.75,HIGH
Ahmedabad,23.0225,72.5714,2023-04-14,32.38291666666667,41.65,23.78,31.008333333333336,71.13,3.4924999999999997,969.42,30.3625,41.3,22.0,23.240606214104577,27.47125410225975,42.21026111111111,58.80986375605459,20.88039412330125,0.0,23.78,25.291666666666668,36.6,30.37222222222222,41.6,30.736666666666668,32.455972222222215,24.396666666666665,1,0,115,0,100.0,74.67999999999999,SEVERE
Ahmedabad,23.0225,72.5714,2023-04-15,32.08541666666667,41.21,23.08,31.9575,78.7,3.2204166666666665,1021.62,30.3125,40.8,21.8,23.103647815571183,27.170931865853476,41.73983888888889,56.33004680528989,20.345388050895448,0.0,23.08,25.78333333333333,37.3,30.16944444444444,41.3,30.5425,32.11166666666666,23.836666666666662,1,0,116,0,100.0,72.47999999999999,SEVERE
Ahmedabad,23.0225,72.5714,2023-04-16,32.03666666666667,41.01,22.77,31.129166666666666,64.98,3.1504166666666666,1034.78,30.375,40.4,21.8,22.941639925276945,26.704681637113918,41.485633333333325,53.380109584389075,19.11612570230538,0.0,22.77,26.041666666666668,35.9,30.349999999999998,41.3,30.360833333333336,32.16833333333333,23.209999999999997,1,0,117,0,100.0,70.96999999999998,SEVERE
Ahmedabad,23.0225,72.5714,2023-04-17,33.01708333333333,41.95,23.43,28.910416666666666,71.94,3.1929166666666666,1012.2,31.345833333333335,41.6,22.1,23.33808983840849,26.880850919389342,42.478899999999996,57.7335382654144,22.22496829403467,0.0,23.43,26.525000000000002,37.2,30.677777777777777,41.6,30.445833333333333,32.37972222222222,23.093333333333334,1,0,118,0,100.0,75.23,SEVERE
Ahmedabad,23.0225,72.5714,2023-04-18,34.050000000000004,42.8,25.1,24.39916666666667,53.49,3.3345833333333332,966.3,32.449999999999996,43.1,21.9,23.637108293540752,27.758790930375625,43.44183888888889,65.23838214517377,26.093078939760236,0.03,25.1,27.983333333333334,39.7,31.390277777777772,43.1,30.969166666666666,33.03458333333333,23.766666666666666,1,1,119,1,100.0,81.4,SEVERE
Ahmedabad,23.0225,72.5714,2023-04-19,33.029583333333335,41.55,25.32,26.727500000000003,48.75,4.09,976.62,30.912499999999998,41.5,22.3,23.394263195342983,27.59957391423657,42.12950555555554,59.7048135301493,21.310526210836368,0.0,25.32,26.916666666666668,37.9,31.569444444444443,43.1,31.07916666666667,33.36555555555555,24.61666666666667,1,1,120,2,100.0,76.82,SEVERE
Ahmedabad,23.0225,72.5714,2023-04-20,30.96666666666667,38.25,23.88,33.225833333333334,71.38,4.2725,974.53,28.245833333333334,37.1,21.2,22.710024269716587,26.135438768948852,38.59376666666666,41.23785253873061,13.708577550081472,0.0,23.88,24.183333333333334,32.6,30.536111111111108,43.1,30.66583333333333,32.68208333333333,24.766666666666666,1,0,121,0,100.0,62.18000000000001,HIGH
Ahmedabad,23.0225,72.5714,2023-04-21,31.39916666666667,39.25,23.38,33.668749999999996,76.41,3.2183333333333333,1025.78,29.304166666666664,38.6,21.6,22.986523140782996,26.42553536023338,39.64232777777779,46.71069786813976,16.15488404044259,0.0,23.38,24.991666666666664,34.5,29.487499999999997,41.5,30.451666666666664,31.79847222222222,24.19333333333333,1,0,122,0,100.0,66.18,HIGH
Ahmedabad,23.0225,72.5714,2023-04-22,31.394583333333333,40.02,23.65,28.2375,70.83,3.71625,1006.3,28.733333333333334,39.4,17.9,22.090369751773753,26.622766304226083,40.4590388888889,50.071810989972946,16.68393924744002,0.0,23.65,23.883333333333336,35.1,28.76111111111111,39.4,29.929166666666667,31.253472222222218,23.636666666666667,1,0,123,0,100.0,68.85,HIGH
Ahmedabad,23.0225,72.5714,2023-04-23,31.439999999999998,41.12,22.25,21.299166666666668,62.86,3.997916666666667,1029.1,28.566666666666666,40.5,17.8,20.934862593781997,26.48194097655287,41.584699999999984,53.14599316368033,17.572912333798865,0.0,22.25,23.258333333333336,36.0,28.868055555555554,40.5,29.152499999999996,31.411249999999995,23.093333333333334,1,0,124,0,100.0,70.75,SEVERE
Ahmedabad,23.0225,72.5714,2023-04-24,31.16541666666667,38.81,21.6,13.618333333333332,24.89,2.497916666666667,959.8,28.504166666666666,37.2,19.1,19.437083149514482,23.6846980109216,38.96327777777779,38.40285024154591,14.061264291465378,0.0,21.6,24.441666666666666,34.1,28.601388888888888,40.5,28.67083333333333,31.33333333333333,22.5,1,0,125,0,100.0,60.20000000000001,HIGH
Ahmedabad,23.0225,72.5714,2023-04-25,32.95291666666667,40.66,23.34,16.631666666666668,25.8,2.20125,997.12,30.7625,39.5,19.7,21.50121962944958,25.692196706602683,41.04945555555555,48.04350799420418,19.22672515333546,0.0,23.34,26.691666666666666,36.5,29.277777777777775,40.5,29.174166666666668,31.852777777777774,22.396666666666665,1,0,126,0,100.0,68.84,HIGH
Ahmedabad,23.0225,72.5714,2023-04-26,32.1025,40.19,23.66,30.614583333333332,76.11,3.105,937.5,30.15416666666667,39.4,23.5,22.82384840105412,25.934484148202145,40.580238888888886,48.112355826248944,17.43575335287143,0.0,23.66,26.5,36.1,29.80694444444444,39.5,29.344166666666666,32.07361111111111,22.866666666666664,1,0,127,0,100.0,68.85999999999999,HIGH
Ahmedabad,23.0225,72.5714,2023-04-27,31.982916666666668,38.94,23.27,35.415416666666665,79.91,2.64,987.72,30.75,38.5,23.2,23.859579815096122,26.804763397544946,39.36477777777777,47.41627086896333,18.673510195291566,0.76,23.27,27.358333333333334,35.5,30.555555555555554,39.5,29.747500000000002,32.34611111111111,23.423333333333336,1,0,128,0,100.0,65.77,HIGH
Ahmedabad,23.0225,72.5714,2023-04-28,31.816666666666666,37.61,25.24,38.71125,59.91,2.21375,921.62,31.020833333333332,37.1,24.6,24.498557516830374,27.359534033419813,38.08220555555556,44.360444073693934,19.017862108367485,1.9400000000000002,25.24,28.40833333333333,35.0,30.641666666666666,39.4,30.238333333333333,31.967361111111106,24.05666666666667,1,1,129,1,100.0,63.540000000000006,HIGH
Ahmedabad,23.0225,72.5714,2023-04-29,28.741666666666664,31.99,24.66,49.23416666666666,66.99,1.47875,417.83,28.441666666666666,31.3,24.8,23.350352395757895,25.146235451863,32.2869111111111,18.286020365250828,8.285137671087556,1.6300000000000001,24.66,27.116666666666664,30.2,30.07083333333333,38.5,30.225833333333334,30.84708333333333,24.39,0,0,0,0,0.0,20.56,LOW
Ahmedabad,23.0225,72.5714,2023-04-30,29.258333333333336,35.56,23.11,45.84166666666667,70.18,3.30625,818.03,27.537499999999998,33.8,21.8,23.211482634471633,26.571407030869317,35.91676666666667,31.299027042147056,10.588323338347545,2.52,23.11,24.849999999999998,30.9,28.999999999999996,37.1,29.580833333333334,29.938888888888883,24.336666666666662,1,0,1,0,12.0,29.50999999999999,MODERATE
Ahmedabad,23.0225,72.5714,2023-05-01,30.008750000000003,36.56,22.71,44.418749999999996,70.98,3.498333333333333,854.5,28.291666666666668,34.9,22.6,23.54398399024843,25.96369346536615,36.86323333333333,33.7178050337796,11.318759789705647,0.0,22.71,25.46666666666667,31.3,28.090277777777775,34.9,29.208333333333336,29.336249999999996,23.493333333333336,1,0,2,0,24.0,35.41,MODERATE
Ahmedabad,23.0225,72.5714,2023-05-02,30.65041666666667,36.62,23.76,46.54916666666667,74.51,2.4787500000000002,881.75,29.77916666666667,36.0,22.4,24.46606257363527,27.124505310454232,37.06057222222222,39.8538252235892,16.137546335018218,1.04,23.76,26.383333333333336,33.3,28.536111111111108,36.0,29.014166666666664,29.972499999999997,23.19333333333333,1,0,3,0,36.0,42.760000000000005,MODERATE
Ahmedabad,23.0225,72.5714,2023-05-03,32.50833333333333,38.59,24.21,39.26291666666666,76.44,1.7095833333333335,968.95,32.141666666666666,38.5,24.8,25.065764267998006,27.614447408385534,39.0998888888889,49.51212194165704,23.138664854061915,0.07,24.21,29.083333333333332,35.6,30.070833333333336,38.5,29.238333333333333,31.05583333333333,23.560000000000002,1,0,4,0,48.0,53.71,HIGH
Ahmedabad,23.0225,72.5714,2023-05-04,33.17958333333333,39.88,25.73,37.36375,68.76,2.0829166666666667,965.97,32.05833333333333,39.5,25.3,25.215573684576608,28.043081431764588,40.43742222222222,54.54204622766092,24.149352254816403,0.0,25.73,28.375,37.3,31.326388888888886,39.5,29.961666666666666,32.11277777777777,24.566666666666666,1,1,5,1,73.33333333333333,64.56333333333333,HIGH
Ahmedabad,23.0225,72.5714,2023-05-05,33.702083333333334,39.99,25.19,36.660833333333336,71.84,2.9745833333333334,980.03,32.62916666666667,40.0,25.5,25.634010235830928,28.305820508576687,40.587144444444434,56.71025862717933,26.092495634810593,0.0,25.19,29.025000000000002,36.7,32.27638888888888,40.0,30.98,33.129999999999995,25.043333333333333,1,1,6,2,98.66666666666666,71.85666666666665,SEVERE
Ahmedabad,23.0225,72.5714,2023-05-06,34.871249999999996,41.3,27.93,33.610416666666666,58.11,3.356666666666667,825.05,33.62916666666667,41.6,25.9,26.162281363647086,29.098906730257642,42.00095555555556,64.34102936951689,30.80293911455176,0.0,27.93,29.483333333333334,38.3,32.77222222222222,41.6,32.0475,33.91763888888889,26.283333333333335,1,1,7,3,100.0,79.72999999999999,SEVERE
Ahmedabad,23.0225,72.5714,2023-05-07,34.833333333333336,42.13,27.49,33.079166666666666,60.93,3.390416666666667,986.45,33.5875,42.5,24.6,25.96815656178376,29.41752035210249,42.89075,68.32060453456833,30.961557646733652,0.0,27.49,29.208333333333332,38.6,33.28194444444444,42.5,32.80916666666667,34.468888888888884,26.87,1,1,8,4,100.0,81.99,SEVERE
Ahmedabad,23.0225,72.5714,2023-05-08,34.62916666666667,42.89,25.86,27.582916666666666,57.47,4.138333333333333,1019.9,32.7875,43.2,23.5,24.684458582444393,28.71043814498369,43.59828333333333,68.55909704364674,28.64854413611909,0.0,25.86,28.125,39.9,33.33472222222222,43.2,32.93833333333334,34.77791666666666,27.093333333333334,1,1,9,5,100.0,82.46000000000001,SEVERE
Ahmedabad,23.0225,72.5714,2023-05-09,35.07125,44.06,25.22,24.788749999999997,58.92,3.220833333333333,1042.68,33.829166666666666,44.6,22.5,24.501091081098163,29.350431200686707,44.871183333333335,74.82342886776061,31.963780795492525,0.0,25.22,28.8,41.4,33.40138888888889,44.6,33.292500000000004,34.84458333333333,26.189999999999998,1,1,10,6,100.0,86.02,EXTREME
Ahmedabad,23.0225,72.5714,2023-05-10,35.0475,44.62,24.93,17.539583333333333,50.69,3.3025,1057.4,32.825,44.2,21.7,22.698163578836155,26.700521676489764,45.29161111111111,66.50731382173983,27.192249547980797,0.0,24.93,27.608333333333334,41.4,33.14722222222222,44.6,33.33166666666666,34.915972222222216,25.336666666666662,1,0,11,0,100.0,84.53,SEVERE
Ahmedabad,23.0225,72.5714,2023-05-11,35.77916666666667,45.18,25.69,17.52958333333333,37.39,3.4270833333333335,1041.88,33.637499999999996,44.9,21.8,23.45222165067881,27.95271377766033,45.96061666666667,72.59563408660418,31.055048413776348,0.0,25.69,28.099999999999998,42.3,33.43055555555555,44.9,33.33333333333333,35.299305555555556,25.28,1,1,12,1,100.0,87.38999999999999,EXTREME
Ahmedabad,23.0225,72.5714,2023-05-12,35.66958333333333,45.17,25.93,21.50708333333333,49.99,3.0829166666666663,1049.4,33.65833333333333,44.7,21.4,23.91785281471233,27.834945564998183,45.94282777777778,71.72686084958393,30.97284572244334,0.0,25.93,28.041666666666668,42.2,33.3736111111111,44.9,33.3475,35.498749999999994,25.516666666666666,1,1,13,2,100.0,87.03,EXTREME
Ahmedabad,23.0225,72.5714,2023-05-13,36.142916666666665,45.23,25.99,27.115,66.67,4.037916666666667,1029.88,34.52916666666667,45.3,22.4,25.320054004640724,28.713598100837658,46.062355555555555,75.96675565516998,33.69138679527221,0.0,25.99,29.299999999999997,42.4,33.94166666666666,45.3,33.69583333333333,35.86388888888889,25.87,1,1,14,3,100.0,88.88999999999999,EXTREME
Ahmedabad,23.0225,72.5714,2023-05-14,35.69958333333333,44.58,26.44,36.569583333333334,71.55,5.42125,1010.2,34.675,45.9,25.9,26.746819351333684,29.48066221812367,45.424644444444446,78.9084939007478,35.73538703469476,0.0,26.44,29.40833333333333,40.9,34.287499999999994,45.9,33.864999999999995,35.83736111111111,26.12,1,1,15,4,100.0,91.13999999999999,EXTREME
Ahmedabad,23.0225,72.5714,2023-05-15,34.92541666666667,42.79,27.18,37.3425,75.68,5.153333333333333,1013.17,33.85,43.8,26.4,26.490311245357958,29.099618877265755,43.53241111111111,70.7773481711429,32.297313234274945,0.0,27.18,29.25,37.7,34.351388888888884,45.9,34.07,35.58930555555555,26.536666666666665,1,1,16,5,100.0,85.57999999999998,EXTREME
Ahmedabad,23.0225,72.5714,2023-05-16,34.27791666666667,42.2,27.0,45.84916666666667,79.65,5.447500000000001,999.67,33.300000000000004,43.1,25.6,27.24363476543263,30.399986461512935,43.04738888888889,72.47387775456316,33.05618752378865,0.9,27.0,28.575,36.8,33.94166666666666,45.9,34.0025,34.96763888888889,26.873333333333335,1,1,17,6,100.0,83.30000000000001,SEVERE
Ahmedabad,23.0225,72.5714,2023-05-17,34.40375,41.97,26.83,42.51208333333333,81.29,4.430833333333333,1015.47,33.512499999999996,42.5,25.9,26.94044185902929,30.05644080779801,42.79151666666666,70.15107604658242,32.471491117093755,0.38,26.83,29.075,36.8,33.55416666666667,43.8,33.973333333333336,34.53569444444445,27.003333333333334,1,1,18,7,100.0,81.33,SEVERE
Ahmedabad,23.0225,72.5714,2023-05-18,34.61625,42.39,26.22,39.66416666666667,77.79,4.64875,1017.15,33.75,43.3,26.7,26.63791091201487,29.501148383014474,43.16186666666666,70.65375315883294,32.18384007215065,0.0,26.22,29.28333333333333,37.5,33.520833333333336,43.3,33.8175,34.43263888888889,26.683333333333334,1,1,19,8,100.0,83.11999999999999,SEVERE
Ahmedabad,23.0225,72.5714,2023-05-19,35.586666666666666,43.06,27.46,37.055416666666666,71.7,3.297916666666667,999.88,34.8375,43.9,26.2,27.21802822336485,30.812282752637017,43.96962777777779,76.6164135366375,37.383958415059176,0.0,27.46,30.175,39.7,34.03333333333333,43.9,33.85,34.86888888888888,26.836666666666662,1,1,20,9,100.0,86.16,EXTREME
Ahmedabad,23.0225,72.5714,2023-05-20,35.59666666666667,43.3,27.87,34.114583333333336,67.22,3.6875,976.47,34.4375,43.8,25.7,26.69988976195705,30.031062051244472,44.131794444444445,74.4134816120139,35.09179937976119,0.0,27.87,29.608333333333334,39.3,34.34166666666667,43.9,33.967499999999994,35.266527777777775,27.183333333333334,1,1,21,10,100.0,86.27,EXTREME
Ahmedabad,23.0225,72.5714,2023-05-21,35.07666666666667,43.32,27.02,36.08583333333333,74.94,4.539166666666667,969.42,33.795833333333334,44.1,25.5,26.412942803514483,30.039891252498194,44.15013888888888,74.4860913572679,32.17958605821409,0.0,27.02,29.016666666666666,38.7,34.356944444444444,44.1,34.06666666666666,35.42,27.45,1,1,22,11,100.0,86.32,EXTREME
Ahmedabad,23.0225,72.5714,2023-05-22,34.683749999999996,42.47,26.44,38.092083333333335,80.33,4.319583333333333,1028.2,33.5625,42.8,25.2,26.319385365929733,28.495615087301534,43.1496,66.16212781875214,30.66041242754859,0.0,26.44,29.075,37.1,33.93194444444444,44.1,34.07666666666667,35.119027777777774,27.110000000000003,1,1,23,12,100.0,81.83999999999999,SEVERE
Ahmedabad,23.0225,72.5714,2023-05-23,34.691250000000004,42.75,27.08,41.522083333333335,79.66,5.216666666666667,1029.38,33.6625,43.7,25.4,26.817908925680726,28.696731464113533,43.46229999999999,69.47508520787204,32.76388309440811,0.0,27.08,29.058333333333334,37.6,33.67361111111111,44.1,34.05916666666666,34.81722222222222,26.846666666666664,1,1,24,13,100.0,85.18,EXTREME
Ahmedabad,23.0225,72.5714,2023-05-24,34.089999999999996,42.58,26.96,48.912083333333335,80.78,6.35875,1004.47,33.0875,43.8,25.4,27.560742054393486,30.562879916385352,43.44815555555555,74.96194892790004,33.55902758132995,0.0,26.96,28.15833333333333,35.4,33.4375,43.8,33.70916666666666,34.48833333333334,26.826666666666668,1,1,25,14,100.0,85.35999999999999,EXTREME
Ahmedabad,23.0225,72.5714,2023-05-25,34.25791666666667,42.43,27.29,47.04833333333334,79.95,7.0929166666666665,969.3,33.420833333333334,44.5,25.9,27.41626716399389,30.216042067101178,43.277672222222215,76.05262378584459,33.87111855893527,0.03,27.29,28.25,36.5,33.390277777777776,44.5,33.50583333333334,34.34638888888889,27.11,1,1,26,15,100.0,87.78999999999999,EXTREME
Ahmedabad,23.0225,72.5714,2023-05-26,34.16416666666667,42.43,27.42,47.54333333333333,78.95,7.3933333333333335,866.08,33.37916666666667,45.1,25.1,27.51527623181603,30.679509191128474,43.32545555555555,78.98457588256416,34.179922162022315,0.9,27.42,28.166666666666668,37.3,33.295833333333334,45.1,33.4225,34.17069444444444,27.223333333333333,1,1,27,16,100.0,89.72,EXTREME
Ahmedabad,23.0225,72.5714,2023-05-27,34.23041666666666,42.11,27.26,48.63833333333333,78.38,6.763333333333333,976.85,33.329166666666666,43.9,25.0,27.81754126139859,31.121314022261387,43.04917777777777,77.06974883006917,35.268909046195965,0.64,27.26,28.491666666666664,36.2,33.37638888888889,45.1,33.37583333333333,34.217499999999994,27.323333333333334,1,1,28,17,100.0,85.96,EXTREME
Ahmedabad,23.0225,72.5714,2023-05-28,32.50208333333333,38.59,25.74,57.67958333333333,91.7,3.3529166666666668,811.55,32.487500000000004,38.9,27.4,27.57819230257029,30.086405128916663,40.97932460162311,58.24416970704013,31.286169538717726,16.56,25.74,29.141666666666666,35.1,33.06527777777777,45.1,33.14083333333333,33.63222222222222,26.80666666666667,1,1,29,18,100.0,69.43999999999998,HIGH
Ahmedabad,23.0225,72.5714,2023-05-29,31.75375,37.7,25.42,52.090833333333336,93.82,2.8208333333333333,970.42,31.5125,37.2,27.1,26.17799620228355,28.27493878347696,38.29217777777778,47.644101374585475,23.390818523541313,3.2600000000000002,25.42,28.558333333333334,32.7,32.44305555555555,43.9,32.825833333333335,32.82874999999999,26.14,1,1,30,19,100.0,64.02000000000001,HIGH
Ahmedabad,23.0225,72.5714,2023-05-30,33.24166666666667,40.03,26.87,40.600833333333334,69.71,3.547916666666667,992.72,32.30833333333333,39.8,24.0,25.86553993417533,28.972300666413823,40.657255555555565,57.79411051173414,26.375161109259537,0.11,26.87,29.083333333333332,37.0,32.10277777777778,39.8,32.60333333333333,32.49916666666667,26.01,1,1,31,20,100.0,73.27,SEVERE
Ahmedabad,23.0225,72.5714,2023-05-31,33.204166666666666,40.35,25.75,40.81041666666667,72.96,5.057083333333334,981.15,31.65833333333333,40.5,23.3,25.764102160027292,28.534651697858816,40.97661666666667,58.80936138558335,24.3799382970161,0.0,25.75,27.641666666666666,35.5,31.826388888888886,40.5,32.259166666666665,32.73319444444444,26.013333333333335,1,1,32,21,100.0,74.25,SEVERE
Ahmedabad,23.0225,72.5714,2023-06-01,33.459583333333335,40.76,25.3,45.11708333333333,79.39,5.055833333333333,992.17,32.50833333333333,41.4,26.0,26.51512153401732,28.874156149399074,41.428399999999996,62.65156023563682,27.97667804967048,0.0,25.3,28.775000000000002,35.5,32.15833333333333,41.4,32.095,33.30180555555555,25.973333333333333,1,1,33,22,100.0,76.49999999999999,SEVERE
Ahmedabad,23.0225,72.5714,2023-06-02,32.6575,38.7,27.36,55.467083333333335,81.31,4.9775,924.1,31.662499999999998,38.6,27.0,27.506245901696555,29.935605417718214,39.50314999999999,57.17912060098073,29.22481678054687,1.86,27.36,28.783333333333335,34.3,31.943055555555556,41.4,31.929999999999996,33.10708333333333,26.136666666666667,1,1,34,23,100.0,70.16,SEVERE
Ahmedabad,23.0225,72.5714,2023-06-03,32.0625,36.87,26.83,59.27791666666667,81.32,2.5325,952.58,32.612500000000004,37.5,27.5,27.500257658758887,29.57626653665774,41.241085025017476,54.192494302391054,31.910363954021122,8.04,26.83,29.808333333333334,34.8,32.26111111111111,41.4,32.15,32.72652777777778,26.496666666666666,1,1,35,24,100.0,66.32999999999998,HIGH
Ahmedabad,23.0225,72.5714,2023-06-04,32.35916666666667,38.19,26.58,51.856249999999996,81.5,2.715833333333333,967.97,32.19166666666667,38.4,26.6,26.726625003972334,29.16617259715511,38.89227777777777,53.75835027522484,27.06265635654613,3.69,26.58,29.166666666666668,34.6,32.15555555555556,38.6,32.126666666666665,32.35972222222222,26.923333333333332,1,1,36,25,100.0,68.77999999999999,HIGH
Ahmedabad,23.0225,72.5714,2023-06-05,32.622499999999995,38.55,27.35,54.206250000000004,74.76,3.0554166666666664,980.65,32.4375,39.1,26.5,27.329533549920658,30.017749071343182,40.385767020058864,58.50873996765274,30.393892559128375,3.9699999999999998,27.35,29.291666666666668,35.1,32.41388888888889,39.1,32.2825,32.348055555555554,26.919999999999998,1,1,37,26,100.0,71.64999999999999,SEVERE
Ahmedabad,23.0225,72.5714,2023-06-06,33.38125,39.77,27.19,47.252916666666664,76.0,3.3379166666666666,1000.53,32.85,39.9,26.9,26.953642794530747,29.38689788383423,40.48402222222222,59.38593036647853,30.131279622483277,0.05,27.19,29.433333333333334,35.1,32.49305555555556,39.9,32.350833333333334,32.787638888888885,27.040000000000003,1,1,38,27,100.0,73.88999999999999,SEVERE
Ahmedabad,23.0225,72.5714,2023-06-07,33.791666666666664,39.91,27.55,48.66,72.36,3.872916666666667,996.58,33.22083333333333,39.9,27.5,27.576173926120898,29.94744023352154,40.703333333333326,61.508262729550125,33.70742964718507,0.1,27.55,30.0,35.3,32.83611111111111,39.9,32.6625,33.26513888888889,27.363333333333333,1,1,39,28,100.0,74.24999999999999,SEVERE
Ahmedabad,23.0225,72.5714,2023-06-08,34.231249999999996,41.33,27.78,43.67541666666667,73.57,3.4887499999999996,991.8,33.75833333333333,41.7,27.5,27.194906406702287,30.32467714177531,42.16141111111111,68.1106426244602,34.018825902167684,0.03,27.78,30.241666666666664,37.1,33.27638888888888,41.7,32.891666666666666,33.80138888888889,27.50666666666667,1,1,40,29,100.0,79.88000000000001,SEVERE
Ahmedabad,23.0225,72.5714,2023-06-09,34.580416666666665,41.59,27.39,44.79666666666666,75.9,4.79625,1018.1,33.733333333333334,41.9,26.9,27.498207548231886,29.750057553626593,42.36228888888889,67.05845513180302,35.39948957957565,0.0,27.39,30.299999999999997,38.0,33.57083333333333,41.9,33.2,34.20111111111111,27.573333333333334,1,1,41,30,100.0,80.08999999999999,SEVERE
Ahmedabad,23.0225,72.5714,2023-06-10,32.614583333333336,37.62,28.28,59.416666666666664,83.19,5.28125,1010.7,32.012499999999996,37.2,28.3,27.982424109456602,29.88786672344825,41.85819702566214,53.93158588720711,32.57507384363242,0.0,28.28,30.358333333333334,35.5,33.168055555555554,41.9,33.114999999999995,33.808749999999996,27.816666666666666,1,1,42,31,100.0,66.88000000000001,HIGH
Ahmedabad,23.0225,72.5714,2023-06-11,33.177083333333336,38.94,28.48,56.97541666666667,84.14,6.047916666666667,934.05,32.550000000000004,39.6,27.8,28.20132854665307,30.97614273987277,44.29961789226733,63.1372398138212,34.84288675930225,0.0,28.48,30.400000000000002,36.8,32.76527777777778,41.9,33.05499999999999,33.45736111111111,28.05,1,1,43,32,100.0,74.28,SEVERE
Ahmedabad,23.0225,72.5714,2023-06-12,32.39041666666667,36.42,29.07,58.974583333333335,75.19,7.127083333333334,991.62,31.349999999999998,36.8,27.5,27.84156771376198,29.752410897750867,41.72282549783986,54.059689647895944,30.76643328565785,0.09,29.07,29.974999999999998,36.8,31.97083333333333,39.6,32.68083333333333,32.727361111111115,28.61,1,1,44,33,100.0,66.46999999999998,HIGH
Ahmedabad,23.0225,72.5714,2023-06-13,32.9925,38.81,28.69,56.26125,73.38,9.238333333333333,856.58,32.354166666666664,40.8,26.5,27.93589454931262,30.533798674560074,42.141843113241485,64.50256344381644,32.96976205160052,0.2,28.69,29.71666666666667,38.2,32.08472222222222,40.8,32.4,32.85333333333333,28.74666666666667,1,1,45,34,100.0,78.08999999999999,SEVERE
Ahmedabad,23.0225,72.5714,2023-06-14,32.624583333333334,38.23,27.89,58.44125,81.95,8.794583333333334,885.97,31.90416666666667,40.0,26.1,27.871904771449124,30.35466442685305,41.881265576117215,61.59435559939971,31.630686455599076,1.0,27.89,28.925,36.9,31.86944444444444,40.8,32.03416666666667,32.66916666666666,28.55,1,1,46,35,100.0,74.89,SEVERE
Ahmedabad,23.0225,72.5714,2023-06-15,31.844166666666666,37.49,27.86,63.90375,82.42,10.092916666666666,702.55,31.016666666666666,38.8,26.1,27.80150895385117,29.973988787787448,42.26634118148071,60.197045651606444,29.358600469381468,6.8100000000000005,27.86,28.75,36.4,31.758333333333336,40.8,31.835,32.48708333333334,28.146666666666665,1,1,47,36,100.0,71.25999999999999,SEVERE
Ahmedabad,23.0225,72.5714,2023-06-16,30.537499999999998,35.55,27.29,70.35791666666667,87.65,11.926250000000001,323.45,28.633333333333336,35.8,23.2,27.3823379373124,29.54550602081516,41.53912932039008,50.77923921061076,22.62980082886922,22.5,27.29,25.900000000000002,30.8,30.518055555555552,40.0,31.051666666666666,31.66875,27.679999999999996,1,1,48,37,100.0,61.68999999999999,HIGH
Ahmedabad,23.0225,72.5714,2023-06-17,29.657916666666665,33.43,26.82,75.98416666666667,90.28,9.392083333333334,412.75,28.141666666666666,33.8,23.4,27.209742967908465,29.196403216428152,40.92143161425603,44.194802357333174,20.076854153172565,20.13,26.82,25.616666666666664,30.2,29.263888888888886,38.8,30.409999999999997,30.67986111111111,27.323333333333334,1,1,49,38,100.0,55.21999999999999,HIGH
Ahmedabad,23.0225,72.5714,2023-06-18,31.63875,37.8,26.64,65.66541666666667,90.52,7.34125,565.38,30.854166666666668,38.9,24.7,27.807502010842224,30.778427437892923,44.557401171339535,64.85258768006096,29.188834805983216,4.4399999999999995,26.64,27.583333333333332,34.6,29.209722222222222,38.9,30.110000000000003,30.611388888888886,26.916666666666668,1,1,50,39,100.0,70.33999999999999,SEVERE
Ahmedabad,23.0225,72.5714,2023-06-19,32.21541666666666,38.6,26.57,60.34708333333333,90.1,5.5425,607.8,31.4375,38.7,25.8,27.61701554293647,30.058452078158968,40.99855581934354,57.58175948561983,28.870579428282355,0.07,26.57,28.383333333333336,33.8,30.144444444444442,38.9,30.01666666666667,31.170694444444447,26.676666666666666,1,1,51,40,100.0,69.67,HIGH
Ahmedabad,23.0225,72.5714,2023-06-20,32.76833333333334,38.54,26.94,58.52041666666667,89.41,4.729166666666667,893.38,32.170833333333334,38.4,27.1,27.959029142809097,30.210063094629696,42.31661484502376,57.08627624041082,32.65794279645424,0.0,26.94,29.016666666666666,34.8,31.487499999999997,38.9,30.247500000000002,32.2075,26.71666666666667,1,1,52,41,100.0,69.13999999999999,HIGH
Ahmedabad,23.0225,72.5714,2023-06-21,32.86291666666667,39.12,26.95,56.18875,83.76,4.877083333333333,903.97,31.933333333333334,39.1,26.2,27.705438750866197,30.23030113365197,41.06053163278442,59.709951710134646,30.789042094864794,0.0,26.95,28.383333333333336,34.5,31.847222222222218,39.1,30.9075,32.61555555555556,26.820000000000004,1,1,53,42,100.0,71.25,SEVERE
Ahmedabad,23.0225,72.5714,2023-06-22,32.82458333333333,38.83,27.24,55.013749999999995,83.25,4.31375,879.95,32.05833333333333,38.8,26.1,27.541475643125434,29.86937719052309,40.200265621719524,57.58661949427457,30.439887182174882,0.0,27.24,28.53333333333333,33.9,32.05416666666667,39.1,31.69083333333333,32.81861111111112,27.043333333333333,1,1,54,43,100.0,70.63999999999999,SEVERE
Ahmedabad,23.0225,72.5714,2023-06-23,30.486666666666665,33.86,27.17,65.08,87.92,3.157916666666667,710.12,30.454166666666666,34.4,25.8,26.736286111929388,27.875762951588346,37.259767762998564,37.9244871900221,22.616584444117695,5.46,27.17,28.724999999999998,33.5,31.48194444444444,39.1,31.610833333333336,32.05805555555555,27.12,1,1,55,44,100.0,57.37,HIGH
Ahmedabad,23.0225,72.5714,2023-06-24,30.312083333333334,36.16,25.8,61.21791666666667,88.25,2.8920833333333333,634.97,30.3625,35.5,27.5,25.967469815702184,27.8661889725128,36.733694444444446,40.81264904314226,18.848392448492827,7.71,25.8,28.633333333333336,30.6,30.95833333333333,38.8,31.395833333333336,31.20777777777778,26.736666666666668,1,1,56,45,100.0,59.3,HIGH
Ahmedabad,23.0225,72.5714,2023-06-25,31.29375,37.03,25.68,60.50333333333333,84.17,4.1187499999999995,481.25,30.570833333333336,36.4,26.1,26.823562812525896,28.978851666279002,39.391541897560145,47.277540506083376,23.170289567314214,3.41,25.68,28.425,34.3,30.462500000000002,36.4,31.075833333333332,30.6975,26.21666666666667,1,1,57,46,100.0,61.879999999999995,HIGH
Ahmedabad,23.0225,72.5714,2023-06-26,28.721249999999998,32.11,24.9,73.80125,89.63,4.005416666666666,520.7,28.34166666666667,30.7,25.1,26.04193656072701,27.368228585475933,36.139835787564806,26.80236904996241,13.809658517074118,17.38,24.9,27.366666666666664,30.7,29.758333333333336,36.4,30.357500000000005,30.10902777777778,25.459999999999997,0,0,0,0,0.0,18.999999999999996,LOW
Ahmedabad,23.0225,72.5714,2023-06-27,29.638333333333335,34.16,24.82,71.83916666666667,89.51,3.3874999999999997,520.7,29.75,34.2,25.3,26.695827380372393,28.6996230314103,39.29211135628417,42.28766157795627,20.654706142943233,3.57,24.82,27.566666666666666,32.8,29.55416666666667,36.4,29.895833333333336,29.884444444444444,25.133333333333336,1,0,1,0,12.0,32.42000000000001,MODERATE
Ahmedabad,23.0225,72.5714,2023-06-28,28.870416666666667,32.54,25.67,78.58083333333333,92.82,3.3641666666666663,668.6,29.3875,33.6,26.0,26.74208321909224,28.539886270425512,39.064090753117966,40.00893313900755,19.216838914909992,27.39,25.67,27.21666666666667,30.7,29.159722222222225,34.2,29.682499999999997,29.076666666666664,25.13,1,1,2,1,37.33333333333333,37.80333333333334,MODERATE
Ahmedabad,23.0225,72.5714,2023-06-29,28.46083333333333,31.63,25.8,83.98666666666666,96.32,3.403333333333333,477.02,29.3875,32.5,26.9,26.89151001307464,27.912585445003465,37.44321642818191,34.06881409864684,19.433242049971607,33.2,25.8,27.825,30.7,29.508333333333336,34.2,29.4875,28.98986111111111,25.430000000000003,1,1,3,2,62.666666666666664,40.96666666666667,MODERATE
Ahmedabad,23.0225,72.5714,2023-06-30,29.0825,33.02,26.4,82.78083333333333,96.44,4.347916666666666,800.72,29.583333333333332,32.6,27.3,27.36752628394932,28.9804609176957,40.21790994880347,39.935217491177085,22.499811334147083,16.96,26.4,27.983333333333334,30.4,29.45277777777778,33.6,29.29,28.80458333333333,25.956666666666667,1,1,4,3,88.0,48.2,MODERATE
Ahmedabad,23.0225,72.5714,2024-04-01,30.951666666666668,40.48,21.39,19.234166666666667,46.05,3.4741666666666666,964.47,28.087500000000002,39.5,17.3,20.202802029007735,25.10567012809962,40.81202777777777,45.80166677294482,14.979141942743446,0.0,21.39,22.958333333333332,35.4,29.019444444444446,39.5,29.239166666666666,29.498333333333335,24.53,1,0,5,0,60.0,56.89,HIGH
Ahmedabad,23.0225,72.5714,2024-04-02,29.45875,36.13,22.15,27.64375,64.89,3.5220833333333332,820.95,26.400000000000002,33.9,20.2,20.49170126747459,23.107071423333032,36.12154999999999,27.68178260869564,9.042254629629628,0.0,22.15,22.875,31.8,28.023611111111112,39.5,28.569166666666668,29.830972222222226,23.313333333333333,1,0,6,0,72.0,43.849999999999994,MODERATE
Ahmedabad,23.0225,72.5714,2024-04-03,30.256666666666664,38.11,21.74,34.20166666666667,69.02,3.564166666666667,981.83,27.858333333333334,36.6,20.5,22.08371363737643,25.16303842424978,38.32096111111111,36.34431400966184,12.059539118691212,0.0,21.74,24.083333333333332,33.3,27.448611111111116,39.5,28.263333333333332,30.22236111111111,21.76,1,0,7,0,84.0,54.53999999999999,HIGH
Ahmedabad,23.0225,72.5714,2024-04-04,30.1525,36.46,23.92,34.17041666666667,63.87,2.9908333333333332,530.9,28.0,34.9,22.4,22.30167360004295,25.087699329650835,36.6587111111111,30.760441596190006,10.63227828738845,0.0,23.92,24.59166666666667,30.9,27.419444444444448,36.6,27.985833333333336,29.95597222222222,22.603333333333335,1,0,8,0,96.0,54.62,HIGH
Ahmedabad,23.0225,72.5714,2024-04-05,31.08375,38.08,23.83,29.02,54.89,4.637083333333334,636.72,28.266666666666666,37.0,21.7,22.170068716607158,25.345277469067863,38.343055555555544,38.39935897725189,12.80828028460784,0.0,23.83,24.675,33.5,28.041666666666668,37.0,27.722500000000004,30.49763888888889,23.163333333333338,1,0,9,0,100.0,61.83,HIGH
Ahmedabad,23.0225,72.5714,2024-04-06,30.3325,39.45,22.39,27.481666666666666,55.25,4.080416666666666,916.85,27.3125,38.5,18.0,21.208770398557853,26.143558299337734,39.795744444444445,45.79889228931754,13.246737990667746,0.0,22.39,22.483333333333334,32.1,27.85972222222222,38.5,27.567500000000003,30.522916666666664,23.38,1,0,10,0,100.0,64.89,HIGH
Ahmedabad,23.0225,72.5714,2024-04-07,31.525833333333335,40.39,21.8,26.974999999999998,54.32,2.893333333333333,965.65,29.2625,39.9,17.8,22.123979749537487,26.63354798330714,40.84332222222221,51.68831544750595,17.87247812992367,0.0,21.8,24.166666666666668,36.4,28.280555555555555,39.9,28.139999999999997,30.980694444444442,22.673333333333332,1,0,11,0,100.0,68.49999999999999,HIGH
Ahmedabad,23.0225,72.5714,2024-04-08,33.255833333333335,41.91,23.37,20.700833333333332,46.93,1.7570833333333333,986.72,31.254166666666666,40.5,20.5,22.327621698019797,26.837663702183196,42.44377777777777,54.46458142548713,22.59750547642175,0.0,23.37,26.391666666666666,38.1,29.27638888888889,40.5,28.819166666666668,31.704722222222227,22.52,1,0,12,0,100.0,71.87,SEVERE
Ahmedabad,23.0225,72.5714,2024-04-09,33.7475,42.71,24.08,16.063333333333333,27.66,1.7254166666666666,943.6,31.625,40.8,21.0,21.73999711293875,26.18194321903512,43.238916666666654,54.666626758554614,22.380865595665508,0.0,24.08,27.083333333333332,38.7,30.71388888888889,40.8,29.544166666666666,32.84305555555556,23.083333333333332,1,0,13,0,100.0,73.47999999999999,SEVERE
Ahmedabad,23.0225,72.5714,2024-04-10,33.193333333333335,41.01,24.93,16.421666666666667,26.07,1.9045833333333333,864.85,31.2625,40.0,21.5,21.569913790435347,25.67905251489959,41.417222222222215,49.46978740794968,20.07475122453336,0.0,24.93,27.28333333333333,36.9,31.380555555555556,40.8,30.143333333333334,33.39888888888889,24.126666666666665,1,0,14,0,100.0,71.93,SEVERE
Ahmedabad,23.0225,72.5714,2024-04-11,32.70458333333333,40.79,24.19,23.517083333333332,42.88,2.8004166666666666,792.85,30.958333333333332,40.4,22.8,22.645802166663188,27.451789929735487,41.32640555555555,55.68654853342661,21.388110318108474,0.0,24.19,26.65833333333333,37.6,31.281944444444445,40.8,30.872500000000002,33.21513888888889,24.400000000000002,1,0,15,0,100.0,72.38999999999999,SEVERE
Ahmedabad,23.0225,72.5714,2024-04-12,31.860416666666666,40.89,23.37,28.860416666666666,59.2,3.77875,929.97,29.833333333333332,40.5,22.3,22.58677529971573,26.791657639738098,41.37635,54.126146832257774,17.70491543826183,0.0,23.37,25.816666666666666,35.6,30.684722222222224,40.5,30.986666666666668,32.586111111111116,24.163333333333338,1,0,16,0,100.0,71.87,SEVERE
Ahmedabad,23.0225,72.5714,2024-04-13,31.144166666666667,37.42,25.04,36.223333333333336,61.99,2.3400000000000003,979.17,29.974999999999998,36.4,25.0,23.405530123581713,25.973390072174322,37.72176111111112,38.19078857401089,14.766653392263285,0.0,25.04,27.21666666666667,34.0,30.255555555555556,40.5,30.730833333333333,31.903055555555554,24.2,1,1,17,1,100.0,61.239999999999995,HIGH
Ahmedabad,23.0225,72.5714,2024-04-14,33.67458333333334,40.46,25.72,36.50333333333333,59.06,2.83375,919.6,32.7125,40.7,25.6,25.692696313925897,28.7183103113075,41.113283333333335,60.081670064357304,27.052162018182035,0.0,25.72,29.150000000000002,37.0,30.840277777777775,40.7,30.948333333333334,32.22638888888889,24.709999999999997,1,1,18,2,100.0,74.82000000000001,SEVERE
Ahmedabad,23.0225,72.5714,2024-04-15,34.66291666666667,42.64,27.19,29.03916666666667,47.82,4.2575,992.72,32.85,43.1,23.5,25.29365232210137,29.786768889241753,43.43451666666667,71.32483806869145,29.236114897139597,0.0,27.19,28.15833333333333,38.8,31.84583333333333,43.1,31.26583333333333,33.16055555555556,25.983333333333334,1,1,19,3,100.0,83.49000000000001,SEVERE
Ahmedabad,23.0225,72.5714,2024-04-16,34.9425,42.69,26.71,24.540000000000003,41.66,4.660416666666666,1019.25,33.074999999999996,43.0,23.5,24.56959499607297,28.14091460887139,43.359744444444445,66.14860856091369,28.11189637574049,0.0,26.71,28.208333333333332,38.2,32.87916666666666,43.1,31.689166666666665,34.42666666666667,26.540000000000003,1,1,20,4,100.0,82.71000000000001,SEVERE
Ahmedabad,23.0225,72.5714,2024-04-17,36.61208333333334,45.13,27.64,21.95,36.9,3.3529166666666668,834.03,35.09166666666667,45.2,25.1,25.289461013558903,29.265600291489097,45.99543888888889,77.29703275852526,35.515994652516525,0.0,27.64,30.15833333333333,41.3,33.67222222222222,45.2,32.74083333333333,35.405833333333334,27.180000000000003,1,1,21,5,100.0,90.24000000000001,EXTREME
Ahmedabad,23.0225,72.5714,2024-04-18,34.447916666666664,41.88,26.82,25.312916666666666,51.63,4.04125,993.12,32.625,41.9,24.2,24.221710871975997,27.611695783643896,42.47240000000001,61.03934822049691,26.247810682118118,0.0,26.82,28.474999999999998,40.3,33.59722222222222,45.2,33.27083333333333,35.33416666666667,27.05666666666667,1,1,22,6,100.0,79.51999999999998,SEVERE
Ahmedabad,23.0225,72.5714,2024-04-19,32.78958333333333,40.87,24.26,31.998333333333335,58.26,5.7250000000000005,992.83,30.375,41.7,21.0,24.12441793483644,28.644810924185084,41.51049444444444,62.53740861796589,22.479904379338304,0.0,24.26,25.083333333333332,35.7,32.69722222222222,45.2,32.80333333333333,34.616527777777776,26.24,1,0,23,0,100.0,76.36000000000001,SEVERE
Ahmedabad,23.0225,72.5714,2024-04-20,31.765833333333333,39.63,23.55,32.96375,61.64,4.2404166666666665,999.45,29.241666666666664,39.0,20.6,23.336549655621795,27.13395551826138,40.106544444444445,50.29886172386627,16.822546281876413,0.0,23.55,24.53333333333333,32.8,30.74722222222222,41.9,32.08166666666666,33.00111111111111,24.876666666666665,1,0,24,0,100.0,67.55,HIGH
Ahmedabad,23.0225,72.5714,2024-04-21,30.412499999999998,37.51,24.04,36.63583333333333,69.0,3.565,835.97,27.97083333333333,36.1,21.6,22.717136069441363,25.506414364578298,37.75287222222222,35.96428729743496,11.796872959062549,0.0,24.04,24.2,31.4,29.19583333333333,41.7,31.060833333333335,31.65597222222222,23.950000000000003,1,0,25,0,100.0,59.34000000000001,HIGH
Ahmedabad,23.0225,72.5714,2024-04-22,31.994583333333335,40.52,23.34,32.427083333333336,73.3,3.4920833333333334,1024.0,29.891666666666666,40.0,20.8,23.22446904254382,27.20487776051785,41.0093,53.68678787092553,19.059501981780418,0.0,23.34,25.349999999999998,36.4,29.034722222222218,40.0,30.020833333333332,31.39097222222222,23.643333333333334,1,0,26,0,100.0,70.34,SEVERE
Ahmedabad,23.0225,72.5714,2024-04-23,32.589166666666664,40.89,24.16,28.228333333333335,66.68,3.12625,1032.85,30.708333333333332,40.5,20.9,23.232615446362207,27.503893852146472,41.4257,55.930454503299316,21.0981746773665,0.0,24.16,26.03333333333333,36.3,29.52361111111111,40.5,29.6375,31.66541666666667,23.846666666666668,1,0,27,0,100.0,72.66,SEVERE
Ahmedabad,23.0225,72.5714,2024-04-24,33.919583333333335,42.28,24.17,26.92833333333333,48.11,2.1216666666666666,1004.0,32.68333333333333,42.3,21.8,24.104361471016237,28.269820692161467,42.94268888888888,64.39556352575977,27.119296936515024,0.0,24.17,27.816666666666666,38.5,31.094444444444445,42.3,30.09916666666667,32.83444444444444,23.89,1,0,28,0,100.0,78.07,SEVERE
Ahmedabad,23.0225,72.5714,2024-04-25,34.412083333333335,42.49,25.47,29.637083333333333,53.83,3.4804166666666667,979.95,32.74166666666667,42.8,23.0,25.033396161667707,29.156809907106627,43.23844444444445,68.59081619474983,29.207249664293858,0.0,25.47,27.141666666666666,38.6,32.044444444444444,42.8,30.799166666666668,33.640277777777776,24.599999999999998,1,1,29,1,100.0,80.86999999999999,SEVERE
Ahmedabad,23.0225,72.5714,2024-04-26,33.174166666666665,40.98,25.89,29.584999999999997,62.8,4.117083333333333,988.67,31.150000000000002,40.7,23.6,23.858478775167956,27.01635922274064,41.47691666666667,55.04815013199004,21.172044412204432,0.03,25.89,26.849999999999998,36.2,32.19166666666666,42.8,31.435000000000002,33.83527777777778,25.176666666666666,1,1,30,2,100.0,74.99000000000001,SEVERE
Ahmedabad,23.0225,72.5714,2024-04-27,34.17041666666667,41.46,26.0,23.246666666666666,46.61,3.32375,844.92,32.324999999999996,41.2,24.2,23.77051563662411,27.447660198847732,42.02345555555556,58.40685499267847,25.025054517004524,0.0,26.0,28.28333333333333,38.2,32.072222222222216,42.8,31.92166666666667,33.918888888888894,25.786666666666665,1,1,31,3,100.0,76.60000000000001,SEVERE
Ahmedabad,23.0225,72.5714,2024-04-28,34.21375,42.79,26.48,20.146666666666665,43.83,4.004583333333334,1032.03,31.84166666666667,42.6,23.2,22.958517772018993,26.923415242099747,43.37287222222222,61.25752591953595,23.943130265422834,0.0,26.48,27.141666666666666,38.7,31.772222222222222,42.6,32.14833333333333,33.85277777777778,26.123333333333335,1,1,32,4,100.0,81.28,SEVERE
Ahmedabad,23.0225,72.5714,2024-04-29,33.81375,42.2,25.17,18.850416666666668,48.72,4.415,1025.55,31.53333333333333,42.3,21.2,22.57062816006147,27.71711474324144,42.81552222222223,62.65397224904799,24.299755543321357,0.0,25.17,26.55,37.7,31.899999999999995,42.6,31.91833333333333,34.06597222222222,25.883333333333336,1,1,33,5,100.0,79.07,SEVERE
Ahmedabad,23.0225,72.5714,2024-04-30,32.72625,41.12,23.77,10.414166666666667,22.85,4.3525,1035.68,29.829166666666666,40.8,18.9,19.879756391721582,25.609548261800075,41.52124999999999,51.23868942264689,19.055893405240557,0.0,23.77,24.858333333333334,37.0,31.06805555555555,42.6,31.335833333333333,33.584583333333335,25.14,1,0,34,0,100.0,73.16999999999999,SEVERE
Ahmedabad,23.0225,72.5714,2024-05-01,32.29416666666666,41.77,23.4,10.02,25.87,4.293333333333334,1087.4,29.245833333333334,41.2,18.9,19.165037766914057,24.097163826425643,42.11091666666667,51.139927536231895,17.41808957326892,0.0,23.4,24.358333333333334,36.7,30.202777777777772,42.3,30.955000000000002,32.94472222222222,24.113333333333333,1,0,35,0,100.0,74.0,SEVERE
Ahmedabad,23.0225,72.5714,2024-05-02,32.04416666666667,40.67,23.69,12.617083333333333,22.46,2.6791666666666667,1064.2,29.241666666666664,39.3,19.6,19.71532618885266,24.09606589368628,40.94739444444445,45.3781690821256,17.180112922705316,0.0,23.69,24.758333333333336,36.9,29.438888888888886,41.2,30.33833333333333,32.35486111111111,23.62,1,0,36,0,100.0,68.58999999999999,HIGH
Ahmedabad,23.0225,72.5714,2024-05-03,33.42958333333333,43.03,23.47,20.400000000000002,61.9,3.2895833333333333,1058.75,31.070833333333336,42.4,19.3,22.143601612949396,26.25498331050521,43.58203888888889,59.18411418272336,21.64914669160123,0.0,23.47,25.508333333333336,36.9,29.852777777777774,42.4,30.184166666666663,32.589305555555555,23.52,1,0,37,0,100.0,77.66999999999999,SEVERE
Ahmedabad,23.0225,72.5714,2024-05-04,34.337916666666665,41.3,25.85,32.935,69.62,4.757916666666667,926.83,32.55416666666667,41.5,23.5,25.60872563825279,28.897739156406665,41.98715000000001,63.380333107473234,28.02477372378681,0.0,25.85,28.125,38.2,30.955555555555552,42.4,30.388333333333332,33.27055555555555,24.336666666666662,1,1,38,1,100.0,77.35,SEVERE
Ahmedabad,23.0225,72.5714,2024-05-05,32.25625,38.23,25.65,40.61291666666667,77.27,5.0424999999999995,835.1,30.170833333333334,37.4,24.2,24.96513465378969,27.370851865760958,38.70519444444444,45.775033858152426,18.60441772102947,0.0,25.65,26.691666666666666,35.3,31.26527777777778,42.4,30.456666666666667,33.34125,24.99,1,1,39,2,100.0,64.85,HIGH
Ahmedabad,23.0225,72.5714,2024-05-06,34.39041666666667,42.61,25.32,36.92,79.28,3.48375,1007.38,33.25416666666667,43.0,24.8,26.01190467159721,29.83184819253531,43.40386666666667,70.87441414282333,30.3830727647801,0.0,25.32,28.46666666666667,38.5,31.993055555555554,43.0,31.258333333333333,33.66152777777778,25.606666666666666,1,1,40,3,100.0,81.32,SEVERE
Ahmedabad,23.0225,72.5714,2024-05-07,36.00125,44.24,26.74,32.19708333333333,74.07,3.030416666666667,991.72,34.97083333333333,44.7,24.6,26.592778793330453,30.389062440306613,45.14307777777778,78.39044335956719,37.18199133676162,0.0,26.74,29.958333333333332,41.3,32.798611111111114,44.7,32.40416666666667,34.21597222222223,25.903333333333332,1,1,41,4,100.0,87.84,EXTREME
Ahmedabad,23.0225,72.5714,2024-05-08,36.75958333333333,44.81,28.13,26.790833333333335,51.01,4.349583333333333,982.42,35.333333333333336,45.1,25.7,26.281706856352145,29.602229609820785,45.68260555555556,77.7272383036225,36.965328573708604,0.0,28.13,30.608333333333334,41.3,34.519444444444446,45.1,33.256666666666675,35.717083333333335,26.73,1,1,42,5,100.0,90.42999999999999,EXTREME
Ahmedabad,23.0225,72.5714,2024-05-09,35.92041666666667,43.66,28.62,33.22416666666667,57.24,4.147916666666666,995.83,34.65833333333333,44.3,26.5,26.893358492992864,30.351389168929785,44.54685555555555,76.86710523717915,36.233738891044645,0.0,28.62,29.983333333333334,39.4,34.987500000000004,45.1,33.677499999999995,36.22708333333333,27.83,1,1,43,6,100.0,88.52,EXTREME
Ahmedabad,23.0225,72.5714,2024-05-10,35.73041666666666,43.64,27.96,35.19958333333333,64.45,4.425833333333333,972.83,34.82083333333333,44.6,26.4,26.99882218724466,30.533038039666966,44.547572222222215,78.35787257310717,36.72324495637048,0.0,27.96,30.191666666666666,39.8,34.9375,45.1,34.6075,36.136805555555554,28.236666666666668,1,1,44,7,100.0,88.75999999999999,EXTREME
Ahmedabad,23.0225,72.5714,2024-05-11,35.249583333333334,42.56,28.21,35.53916666666667,67.94,3.375833333333333,978.35,34.38333333333333,43.0,27.3,26.66268675260037,29.807378821938144,43.357483333333334,70.72940281192426,34.477599967594664,0.04,28.21,30.058333333333334,38.2,34.62083333333333,44.6,34.83333333333333,35.633472222222224,28.263333333333335,1,1,45,8,100.0,84.21,SEVERE
Ahmedabad,23.0225,72.5714,2024-05-12,35.95583333333334,42.86,28.52,35.225833333333334,63.09,2.8874999999999997,966.62,35.525,43.7,27.2,27.432949299636814,31.057461218847152,43.79897777777778,76.94028018047823,40.16247616061491,0.02,28.52,31.333333333333332,40.2,34.90972222222222,44.6,34.94416666666667,35.64527777777778,28.23,1,1,46,9,100.0,86.62,EXTREME
Ahmedabad,23.0225,72.5714,2024-05-13,36.572916666666664,43.93,29.21,33.165,53.19,2.8504166666666664,948.92,36.1625,44.8,26.6,27.518264754576876,30.871134371107296,44.87806111111111,80.15954320994024,42.28572540427455,2.06,29.21,32.141666666666666,41.2,35.356944444444444,44.8,35.11,35.92611111111111,28.646666666666665,1,1,47,10,100.0,90.60999999999999,EXTREME
Ahmedabad,23.0225,72.5714,2024-05-14,36.43083333333333,42.18,29.49,31.547083333333333,54.47,1.12125,855.08,36.175000000000004,42.1,29.1,27.294118220260042,29.854471015998264,42.984394444444455,68.49282850693199,41.204230760377236,3.69,29.49,33.15833333333333,39.2,35.95416666666667,44.8,35.413333333333334,36.319861111111116,29.073333333333334,1,1,48,11,100.0,82.78999999999999,SEVERE
Ahmedabad,23.0225,72.5714,2024-05-15,37.13625,43.59,30.47,27.219166666666666,39.87,2.0529166666666665,854.65,36.824999999999996,44.2,28.9,27.00587386523962,30.068567688557085,44.45601666666668,75.8848479932075,42.922368389382434,0.32,30.47,33.38333333333333,41.4,36.387499999999996,44.8,35.814166666666665,36.71333333333333,29.723333333333333,1,1,49,12,100.0,90.07000000000001,EXTREME
Ahmedabad,23.0225,72.5714,2024-05-16,37.870416666666664,44.73,30.2,25.329583333333332,39.55,2.5629166666666667,962.6,36.96666666666667,44.9,28.4,27.162948072667405,30.325921918250433,45.65361666666667,79.25796308787186,44.22508642878733,0.03,30.2,33.074999999999996,42.0,36.65555555555556,44.9,36.33083333333333,37.145833333333336,30.05333333333333,1,1,50,13,100.0,91.89999999999999,EXTREME
Ahmedabad,23.0225,72.5714,2024-05-17,38.19583333333333,45.83,30.3,22.84958333333333,40.68,5.015,974.55,37.25416666666667,46.9,27.8,26.805176192830434,30.38969030425006,46.80982777777778,83.39500811081783,44.338827752604054,0.03,30.3,32.81666666666667,44.3,37.015277777777776,46.9,36.67666666666666,37.73416666666666,30.323333333333334,1,1,51,14,100.0,95.3,EXTREME
Ahmedabad,23.0225,72.5714,2024-05-18,38.378750000000004,46.33,29.76,20.669583333333332,34.73,4.346666666666667,966.0,37.4,47.2,28.3,26.48516667998709,30.16210980668875,47.31883333333333,83.15488014470394,44.02102847796837,0.0,29.76,32.7,42.5,37.206944444444446,47.2,36.924166666666665,38.14833333333333,30.08666666666667,1,1,52,15,100.0,94.76,EXTREME
Ahmedabad,23.0225,72.5714,2024-05-19,38.4475,46.28,30.63,20.752916666666668,35.8,5.5925,923.85,37.3375,47.3,27.0,26.53943148278105,30.272610288984385,47.26983888888889,83.42850719545558,44.07655961197287,0.0,30.63,32.300000000000004,43.8,37.330555555555556,47.3,37.156666666666666,38.340694444444445,30.23,1,1,53,16,100.0,95.63,EXTREME
Ahmedabad,23.0225,72.5714,2024-05-20,38.3325,46.1,30.13,23.6575,39.14,5.82125,963.75,37.4875,47.8,26.6,27.07232739203866,30.69926738473184,47.115183333333334,84.58926592231147,45.38752516936322,0.0,30.13,32.19166666666667,44.5,37.40833333333333,47.8,37.28916666666667,38.38625,30.173333333333336,1,1,54,17,100.0,95.13,EXTREME
Ahmedabad,23.0225,72.5714,2024-05-21,38.50208333333333,46.6,30.12,27.325,59.76,4.6674999999999995,981.3,37.604166666666664,47.2,27.3,27.67177755256348,30.759645200661392,47.640377777777786,85.15647183386822,47.676569646264,0.0,30.12,32.61666666666667,43.3,37.476388888888884,47.8,37.416666666666664,38.42736111111111,30.293333333333333,1,1,55,18,100.0,95.12,EXTREME
Ahmedabad,23.0225,72.5714,2024-05-22,38.78416666666667,47.3,30.0,26.423333333333332,62.96,4.223333333333334,971.03,38.016666666666666,48.0,27.2,27.633607839158614,31.006597607018335,48.393405555555546,86.55675052050992,48.65185457636921,0.0,30.0,33.15,45.5,37.702777777777776,48.0,37.56916666666667,38.53958333333333,30.083333333333332,1,1,56,19,100.0,95.0,EXTREME
Ahmedabad,23.0225,72.5714,2024-05-23,38.63375,47.35,29.51,29.012916666666666,59.57,5.618333333333333,1004.8,38.15416666666667,49.2,27.2,27.910256053860348,31.027322256519906,48.44109444444445,86.66009237342445,48.81707597137116,0.0,29.51,32.708333333333336,45.3,37.925000000000004,49.2,37.72,38.63999999999999,29.876666666666665,1,1,57,20,100.0,94.51,EXTREME
Ahmedabad,23.0225,72.5714,2024-05-24,37.99458333333333,46.73,29.37,30.909583333333334,62.49,5.985833333333333,998.88,37.333333333333336,48.5,27.1,27.720029216154675,30.939335411785656,47.7841611111111,85.87066807110575,46.13256836958916,0.0,29.37,31.608333333333334,44.7,37.83472222222222,49.2,37.719166666666666,38.47083333333333,29.626666666666665,1,1,58,21,100.0,94.37,EXTREME
Ahmedabad,23.0225,72.5714,2024-05-25,38.06541666666667,46.14,28.81,32.63291666666667,65.39,4.647083333333334,984.22,37.3125,46.8,27.0,28.275083384231923,31.168244880575816,47.193388888888876,86.06420324076126,48.76961739835151,0.0,28.81,31.8,41.5,37.6,49.2,37.68416666666667,38.231249999999996,29.23,1,1,59,22,100.0,93.81,EXTREME
Ahmedabad,23.0225,72.5714,2024-05-26,37.93833333333333,46.54,29.95,35.584583333333335,64.38,5.96375,979.95,37.475,48.0,27.6,28.733838679946814,32.08707324713333,47.6783,89.08339150985391,50.21739153958782,0.0,29.95,31.40833333333333,41.2,37.37361111111111,48.5,37.65833333333333,37.99944444444444,29.376666666666665,1,1,60,23,100.0,94.95,EXTREME
Ahmedabad,23.0225,72.5714,2024-05-27,37.474583333333335,47.44,28.72,38.235416666666666,77.96,7.495416666666667,991.25,37.81666666666667,51.8,27.2,28.556513533403358,32.009374821532376,48.60328333333333,89.65935151773722,48.24315544709173,0.0,28.72,30.591666666666665,40.9,37.53472222222222,51.8,37.61833333333333,37.82611111111111,29.159999999999997,1,1,61,24,100.0,93.72,EXTREME
Ahmedabad,23.0225,72.5714,2024-05-28,36.251666666666665,44.58,28.58,44.48833333333334,79.56,7.7275,986.75,36.487500000000004,48.3,27.2,28.64877945653409,31.797980052931564,45.61238333333333,86.3933548553436,46.575278510832725,0.0,28.58,30.316666666666666,40.6,37.25972222222222,51.8,37.285000000000004,37.22152777777777,29.083333333333332,1,1,62,25,100.0,93.58,EXTREME
Ahmedabad,23.0225,72.5714,2024-05-29,35.86708333333333,43.94,28.86,47.34,77.64,6.897916666666667,880.67,35.766666666666666,46.5,27.5,29.082800748770236,32.812740514487274,45.05538888888888,89.09541478017681,46.94806168245029,0.0,28.86,30.391666666666666,38.6,36.69027777777778,51.8,36.97166666666667,36.53111111111111,28.72,1,1,63,26,100.0,93.86,EXTREME
Ahmedabad,23.0225,72.5714,2024-05-30,36.952083333333334,44.53,29.59,41.489583333333336,67.46,4.8875,985.83,36.520833333333336,45.7,28.2,29.102999053714345,31.94752641830695,45.589761111111116,86.064697108202,49.677036982611476,0.0,29.59,31.741666666666664,38.9,36.25833333333333,48.3,36.81333333333333,36.356944444444444,29.01,1,1,64,27,100.0,93.69000000000001,EXTREME
Ahmedabad,23.0225,72.5714,2024-05-31,36.459583333333335,43.15,29.49,41.68333333333333,69.94,5.085,997.25,35.92916666666667,44.2,28.2,28.758137112131504,31.04040863956952,44.0905611111111,78.34180107434253,46.551224877750315,0.0,29.49,31.65833333333333,38.3,36.07222222222222,46.5,36.50416666666667,36.42625,29.313333333333333,1,1,65,28,100.0,89.09,EXTREME
Ahmedabad,23.0225,72.5714,2024-06-01,36.395833333333336,42.81,30.03,42.0225,65.9,5.29375,992.2,35.862500000000004,43.7,28.6,28.769945971472254,30.577418791641257,43.68157222222222,74.88120869093629,46.49523263404339,0.0,30.03,31.641666666666666,38.3,36.104166666666664,45.7,36.11333333333334,36.6025,29.703333333333333,1,1,66,29,100.0,88.13000000000001,EXTREME
Ahmedabad,23.0225,72.5714,2024-06-02,35.86125,42.7,30.33,37.60375,63.13,3.7420833333333334,1007.25,35.09583333333333,43.2,28.2,27.574723156048233,30.019507164665377,43.50991666666667,71.6335989458439,39.68285585306153,0.0,30.33,31.458333333333332,38.1,35.62916666666666,44.2,35.835,36.23888888888889,29.95,1,1,67,30,100.0,86.93,EXTREME
Ahmedabad,23.0225,72.5714,2024-06-03,37.0025,43.73,29.71,36.025416666666665,59.45,4.232916666666667,972.28,36.25416666666667,44.6,27.4,28.38258206980899,30.967023361283328,44.68208333333334,79.77679472153115,45.66053140698191,0.0,29.71,31.75,40.5,35.737500000000004,44.6,35.932500000000005,36.41986111111111,30.023333333333337,1,1,68,31,100.0,90.51,EXTREME
Ahmedabad,23.0225,72.5714,2024-06-04,36.18541666666666,43.01,29.02,38.25833333333333,63.57,4.7404166666666665,971.7,35.199999999999996,43.9,26.6,28.017552269316937,31.414167520191697,43.98251666666666,78.74029483110648,41.27345735512757,0.0,29.02,30.316666666666666,39.7,35.51666666666666,44.6,35.66833333333334,36.34972222222222,29.686666666666667,1,1,69,32,100.0,87.71999999999998,EXTREME
Ahmedabad,23.0225,72.5714,2024-06-05,35.64458333333334,43.1,28.71,38.46541666666666,65.3,5.0125,1009.85,34.56666666666667,43.9,26.6,27.366025089201404,29.926980221489476,43.92772222222223,73.94119935286261,37.39716005574449,0.0,28.71,29.900000000000002,37.6,35.34027777777778,44.6,35.395833333333336,36.2775,29.146666666666665,1,1,70,33,100.0,87.41,EXTREME
Ahmedabad,23.0225,72.5714,2024-06-06,36.251666666666665,43.2,29.05,38.45541666666667,66.44,4.147083333333334,989.38,35.5375,43.9,27.8,28.00238426641927,30.40656408173905,44.07767222222222,75.6038745735637,42.408277363776016,0.0,29.05,31.041666666666668,38.4,35.10138888888889,43.9,35.33083333333333,36.02722222222223,28.926666666666666,1,1,71,34,100.0,87.74999999999999,EXTREME
Ahmedabad,23.0225,72.5714,2024-06-07,37.571666666666665,44.56,29.71,38.26583333333333,66.47,4.7612499999999995,963.0,37.19166666666667,45.9,28.0,29.164438390456663,32.43037505995178,45.66297222222222,87.93397321974982,51.31643275193526,0.0,29.71,32.016666666666666,41.3,35.76527777777778,45.9,35.75,36.48930555555555,29.156666666666666,1,1,72,35,100.0,94.41,EXTREME
Ahmedabad,23.0225,72.5714,2024-06-08,36.91916666666666,43.33,29.91,37.339999999999996,65.22,3.983333333333334,957.9,36.358333333333334,44.3,27.9,28.497014786583353,31.519974162247763,44.30475,80.27956016790272,46.6887665548416,0.23,29.91,32.141666666666666,40.2,36.362500000000004,45.9,35.770833333333336,36.91416666666666,29.55666666666667,1,1,73,36,100.0,89.80999999999999,EXTREME
Ahmedabad,23.0225,72.5714,2024-06-09,36.38708333333333,41.85,30.92,36.739583333333336,58.8,4.824166666666667,972.92,35.43333333333333,42.3,28.9,28.01258927856055,30.335975029621853,42.672311111111114,69.62027065752626,42.1657295496235,0.97,30.92,31.816666666666666,39.0,36.32777777777778,45.9,35.8175,36.95930555555555,30.180000000000003,1,1,74,37,100.0,84.82,SEVERE
Ahmedabad,23.0225,72.5714,2024-06-10,35.45666666666667,40.37,29.9,40.50083333333333,63.97,4.51375,768.85,34.44166666666667,40.5,27.9,27.916986010136473,29.956473669486094,41.167294444444444,63.43880748188823,38.60861853342612,3.96,29.9,30.883333333333336,36.6,35.41111111111111,44.3,35.7925,36.254305555555554,30.24333333333333,1,1,75,38,100.0,78.39999999999999,SEVERE
Ahmedabad,23.0225,72.5714,2024-06-11,32.155833333333334,37.4,28.68,55.19083333333333,70.15,4.309166666666667,932.38,31.066666666666666,37.2,26.9,27.12730568248074,29.463001727666075,39.939729128580396,51.104338516331566,26.154030357965727,5.65,28.68,27.974999999999998,30.0,33.64722222222222,42.3,34.89833333333333,34.66652777777778,29.833333333333332,1,1,76,39,100.0,67.28,HIGH
Ahmedabad,23.0225,72.5714,2024-06-12,34.98375,41.4,28.4,44.135,71.35,4.6554166666666665,958.85,34.079166666666666,41.8,27.1,27.916991527013966,30.43053798970321,42.253816666666665,69.01621204088238,37.58995147229381,0.0,28.4,29.941666666666666,36.6,33.19583333333333,41.8,34.27583333333333,34.19875,28.99333333333333,1,1,77,40,100.0,80.79999999999998,SEVERE
Ahmedabad,23.0225,72.5714,2024-06-13,35.264583333333334,41.85,28.46,41.70916666666667,72.49,5.149166666666667,999.72,34.208333333333336,42.3,27.3,27.66342674210705,29.632896751537686,42.62348333333333,68.16133745187733,37.28968215711652,0.48,28.46,30.025000000000002,37.3,33.11805555555555,42.3,33.84583333333333,34.13472222222222,28.513333333333332,1,1,78,41,100.0,82.35999999999999,SEVERE
Ahmedabad,23.0225,72.5714,2024-06-14,35.85,41.86,29.07,41.62,68.89,5.385000000000001,972.97,34.983333333333334,42.6,27.7,28.342166194870103,30.342598916295536,42.70890000000001,71.15912202633002,42.159620921853964,0.33,29.07,31.375,37.6,34.423611111111114,42.6,33.755833333333335,35.36611111111111,28.643333333333334,1,1,79,42,100.0,83.87,SEVERE
Ahmedabad,23.0225,72.5714,2024-06-15,35.58291666666667,42.15,29.34,45.37375,73.41,5.243333333333333,959.72,34.875,42.9,28.2,28.598742807036853,30.823320513508026,43.05662222222222,73.68224173376078,42.84467614615446,2.53,29.34,31.125,38.1,34.68888888888889,42.9,33.842499999999994,35.56583333333334,28.956666666666667,1,1,80,43,100.0,85.03999999999999,EXTREME
Ahmedabad,23.0225,72.5714,2024-06-16,35.13875,40.84,29.0,49.365,75.73,5.05375,916.7,34.59166666666667,41.4,28.4,28.91259485460851,31.309499940776192,42.28899683463175,70.3003065856136,43.401588635752255,0.16,29.0,31.208333333333332,37.1,34.81666666666666,42.9,34.5475,35.523888888888884,29.136666666666667,1,1,81,44,100.0,80.19999999999999,SEVERE
Ahmedabad,23.0225,72.5714,2024-06-17,35.67041666666667,41.41,29.47,47.43666666666667,73.88,5.105416666666667,958.6,35.166666666666664,42.1,28.3,29.123176335142052,31.551433177805254,43.55631350660282,73.14252958459014,45.816944779711186,0.03,29.47,31.616666666666664,38.0,34.87777777777778,42.9,34.765,35.46402777777778,29.27,1,1,82,45,100.0,82.77,SEVERE
Ahmedabad,23.0225,72.5714,2024-06-18,35.461666666666666,41.36,29.57,46.04416666666666,70.96,5.8875,836.95,34.72083333333334,42.1,28.0,28.67104589013084,30.83815966617497,42.26386666666667,71.0374065347568,42.608943900803276,0.04,29.57,30.958333333333332,37.2,34.826388888888886,42.1,34.8675,35.42361111111111,29.346666666666664,1,1,83,46,100.0,82.87,SEVERE
Ahmedabad,23.0225,72.5714,2024-06-19,35.46,41.85,29.58,48.58041666666667,73.3,7.131666666666667,697.12,35.1875,43.6,28.3,29.023641467059928,31.493674494856826,42.83550555555556,77.25102831548836,45.25036749104596,0.05,29.58,30.983333333333334,38.3,35.025,43.6,34.90833333333334,35.53069444444444,29.539999999999996,1,1,84,47,100.0,87.38000000000001,EXTREME
Ahmedabad,23.0225,72.5714,2024-06-20,35.28958333333333,42.0,29.52,50.604166666666664,74.19,6.7558333333333325,914.92,35.045833333333334,43.3,28.4,29.15456488805566,31.51003126706341,43.349852284865214,76.5626640823838,45.99252216482558,0.23,29.52,30.78333333333333,35.6,34.984722222222224,43.6,34.9425,35.40375,29.55666666666666,1,1,85,48,100.0,86.41999999999999,EXTREME
Ahmedabad,23.0225,72.5714,2024-06-21,36.09458333333333,42.06,30.16,46.55458333333333,73.03,5.390000000000001,765.8,35.729166666666664,42.9,29.6,29.329343005176554,31.57155466400384,43.96317978276189,75.86984369493196,48.451226756098244,0.26,30.16,32.225,38.2,35.32083333333333,43.6,35.17,35.61472222222222,29.753333333333334,1,1,86,49,100.0,85.85999999999999,EXTREME
Ahmedabad,23.0225,72.5714,2024-06-22,36.057916666666664,41.57,30.43,45.16833333333333,68.73,3.357083333333333,880.95,36.13333333333333,42.6,30.0,29.12759799399113,31.558562223620896,42.55178888888888,74.48546025596468,48.25607808918988,0.39,30.43,32.916666666666664,39.0,35.63611111111111,43.3,35.36333333333333,35.814027777777774,30.036666666666665,1,1,87,50,100.0,85.22999999999999,EXTREME
Ahmedabad,23.0225,72.5714,2024-06-23,36.0875,40.8,31.09,44.635416666666664,64.65,2.5616666666666665,580.12,36.266666666666666,41.6,30.7,29.118946222000826,31.073646827441426,41.73377222222222,70.01508930116397,48.4903053676284,1.9100000000000001,31.09,33.225,39.6,36.043055555555554,42.9,35.6725,36.08,30.560000000000002,1,1,88,51,100.0,82.89,SEVERE
Ahmedabad,23.0225,72.5714,2024-06-24,33.63625,37.81,28.33,61.97,89.96,2.1304166666666666,562.05,35.324999999999996,39.4,30.9,29.232394669205473,30.864548243349304,45.08293775856695,66.62178005663854,48.05881248401253,27.009999999999998,28.33,33.19166666666667,38.9,35.90833333333333,42.6,35.7,35.260555555555555,29.95,1,1,89,52,100.0,73.52999999999999,SEVERE
Ahmedabad,23.0225,72.5714,2024-06-25,32.550000000000004,37.1,28.09,66.34916666666668,91.72,2.734166666666667,741.6,33.833333333333336,39.1,29.4,28.82184601276239,30.853963255527187,45.0035953342679,65.9671900572493,42.092851057680704,14.0,28.09,31.46666666666667,37.0,35.14166666666667,41.6,35.457499999999996,34.091249999999995,29.169999999999998,1,1,90,53,100.0,72.39,SEVERE
Ahmedabad,23.0225,72.5714,2024-06-26,31.78,35.12,28.42,68.18375,85.0,2.8825,797.83,33.09583333333333,35.7,30.4,28.39074818919485,30.057997048464408,43.10067690255059,53.38957354376555,38.04161857650969,2.17,28.42,32.09166666666667,35.5,34.08472222222222,39.4,34.93083333333333,32.65541666666667,28.28,1,1,91,54,100.0,62.52000000000001,HIGH
Ahmedabad,23.0225,72.5714,2024-06-27,33.481249999999996,39.2,28.63,63.550000000000004,83.78,3.0025,731.12,34.920833333333334,40.1,30.7,29.315258608218745,31.794268177158774,47.33026264439009,73.31129378746769,47.558264179251445,3.7,28.63,33.0,37.3,33.949999999999996,40.1,34.68833333333333,32.60375,28.38,1,1,92,55,100.0,75.92999999999999,SEVERE
Ahmedabad,23.0225,72.5714,2024-06-28,31.5,34.77,28.63,71.30958333333334,85.5,5.6275,694.53,31.383333333333336,34.7,27.8,28.46689615789835,29.744245594154673,42.212819340915836,49.21127533978215,34.11500587487308,3.73,28.63,30.058333333333334,33.6,33.13333333333333,40.1,33.711666666666666,32.25375,28.56,1,1,93,56,100.0,59.730000000000004,HIGH
Ahmedabad,23.0225,72.5714,2024-06-29,31.217083333333335,35.38,27.8,73.06291666666667,93.21,5.775833333333334,729.7,31.191666666666666,35.4,28.0,28.35585122863488,29.99315281060161,42.7781011081138,52.168636998924555,32.81135502147788,12.5,27.8,29.900000000000002,34.0,32.49861111111111,40.1,32.885000000000005,32.066111111111105,28.353333333333335,1,1,94,57,100.0,60.99999999999999,HIGH
Ahmedabad,23.0225,72.5714,2024-06-30,29.855,33.51,27.13,81.43166666666667,93.67,5.20875,588.0,30.058333333333334,33.5,27.6,27.97761078834202,29.45021736105086,41.7629181569524,44.93797221963293,27.6369939569272,14.8,27.13,28.974999999999998,32.4,30.87777777777778,35.4,32.13,30.857361111111114,27.853333333333335,1,1,95,58,100.0,54.629999999999995,HIGH
Delhi,28.6139,77.209,2020-04-01,25.81833333333333,34.86,17.02,46.451249999999995,77.24,3.21625,919.9,22.995833333333334,33.0,13.5,19.934274899397018,24.621607396410425,34.9901,24.44791304347826,6.881032608695654,0.0,17.02,19.475,31.6,22.995833333333334,33.0,22.995833333333334,25.81833333333333,17.02,1,0,1,0,12.0,24.0,LOW
Delhi,28.6139,77.209,2020-04-02,24.028333333333332,32.91,15.79,45.16166666666667,77.93,4.5125,969.35,19.662499999999998,29.5,11.6,18.27418223669851,23.06965508323879,32.83752777777777,13.826111111111107,2.8507590579710134,0.0,15.79,16.075,27.2,21.329166666666666,33.0,21.329166666666666,24.923333333333332,16.405,0,0,0,0,0.0,10.5,LOW
Delhi,28.6139,77.209,2020-04-03,22.88208333333333,32.29,14.72,39.99333333333333,68.1,4.423333333333333,980.38,18.358333333333334,28.4,10.7,16.625141130984286,21.393077649515803,32.012438888888894,10.358642512077296,1.7239951690821271,0.0,14.72,14.641666666666667,24.2,20.33888888888889,33.0,20.33888888888889,24.242916666666662,15.843333333333334,0,0,0,0,0.0,7.199999999999996,LOW
Delhi,28.6139,77.209,2020-04-04,24.35625,33.84,14.41,38.44375,65.2,4.02875,975.75,20.554166666666667,30.7,10.7,17.724637431143904,22.71984465121285,33.73493333333334,17.606463768115944,3.9947469806763287,0.0,14.41,16.791666666666668,27.6,19.525,30.7,20.39270833333333,23.755555555555556,14.973333333333334,0,0,0,0,0.0,14.099999999999998,LOW
Delhi,28.6139,77.209,2020-04-05,26.170416666666668,35.11,16.72,38.157916666666665,57.06,2.59375,907.28,23.7625,33.3,13.7,19.39103855076718,24.495696918715232,35.22541111111111,25.402531400966172,7.642674919484702,0.0,16.72,19.849999999999998,31.3,20.891666666666666,33.3,21.066666666666666,24.469583333333333,15.283333333333333,1,0,1,0,12.0,24.89999999999999,LOW
Delhi,28.6139,77.209,2020-04-06,26.625416666666666,35.84,18.34,35.627916666666664,57.98,3.9333333333333336,944.83,23.037499999999998,33.6,14.4,19.34957269579405,24.27980446836122,35.93623888888889,26.7706425120773,7.536878421900162,0.0,18.34,19.525000000000002,31.7,22.451388888888886,33.6,21.075,25.717361111111114,16.49,1,0,2,0,24.0,28.800000000000004,MODERATE
Delhi,28.6139,77.209,2020-04-07,26.93875,36.1,18.18,38.72666666666667,61.62,3.9683333333333333,951.83,23.758333333333336,34.0,14.2,19.930729687955413,24.383500004364265,36.21571111111112,28.0136618357488,7.956535225442836,0.0,18.18,20.033333333333335,31.7,23.519444444444446,34.0,21.894166666666667,26.578194444444446,17.746666666666666,1,0,3,0,36.0,33.0,MODERATE
Delhi,28.6139,77.209,2020-04-08,25.585833333333337,34.58,17.24,39.77041666666667,63.26,3.95375,939.9,21.708333333333332,32.1,13.5,19.07831465698193,24.26480966487975,34.66486666666666,21.91510144927536,5.682187600644123,0.0,17.24,17.958333333333332,30.1,22.834722222222222,34.0,22.564166666666665,26.383333333333336,17.919999999999998,1,0,4,0,48.0,30.3,MODERATE
Delhi,28.6139,77.209,2020-04-09,26.153333333333332,34.27,16.86,36.67875,61.7,3.7283333333333335,949.17,22.541666666666668,31.7,13.8,19.20802870691793,23.238081032173113,34.230388888888896,20.537294685990343,4.509530595813205,0.0,16.86,19.091666666666665,27.7,22.669444444444448,34.0,22.961666666666666,26.225972222222225,17.426666666666666,0,0,0,0,0.0,17.099999999999998,LOW
Delhi,28.6139,77.209,2020-04-10,28.120416666666667,35.45,19.65,36.08208333333334,57.38,3.0529166666666665,937.7,26.0,33.2,17.1,20.75819859246052,24.316224755389552,35.51820555555556,25.407135265700497,8.420057568438004,0.0,19.65,23.09166666666667,32.4,23.416666666666668,33.2,23.409166666666668,26.61986111111111,17.916666666666664,1,0,1,0,12.0,24.60000000000001,LOW
Delhi,28.6139,77.209,2020-04-11,29.077916666666667,38.25,20.95,36.2275,57.88,3.3054166666666664,927.8,26.541666666666668,37.4,17.8,21.484343748188817,26.022623855339265,38.580711111111114,41.63805514089702,12.471522038312836,0.0,20.95,23.075,35.6,25.027777777777782,37.4,24.11,27.783888888888885,19.153333333333332,1,0,2,0,24.0,41.14999999999999,MODERATE
Delhi,28.6139,77.209,2020-04-12,28.979583333333334,38.27,20.66,37.42208333333333,63.2,4.088333333333334,969.08,26.266666666666666,37.1,17.9,21.569113146043907,26.0655121370214,38.591744444444444,40.69973447869706,11.639459880505365,0.0,20.66,22.375,32.6,26.269444444444446,37.4,24.611666666666668,28.725972222222225,20.419999999999998,1,0,3,0,36.0,42.96000000000001,MODERATE
Delhi,28.6139,77.209,2020-04-13,31.24083333333333,39.64,21.11,38.596666666666664,64.32,3.484583333333333,907.2,29.75,39.1,19.2,23.76736370911713,27.716006767011713,40.17446666666667,52.354078272049634,17.65956135634562,0.0,21.11,26.708333333333332,36.2,27.519444444444446,39.1,26.22,29.766111111111112,20.906666666666666,1,0,4,0,48.0,52.41,HIGH
Delhi,28.6139,77.209,2020-04-14,32.47125,40.26,25.59,33.91458333333333,53.75,1.38,782.25,32.0375,40.4,24.3,24.2559746887337,28.14735163015018,40.85202777777777,57.48729643634425,23.113492542125087,0.0,25.59,28.525000000000002,37.6,29.35138888888889,40.4,28.119166666666665,30.897222222222222,22.453333333333333,1,1,5,1,73.33333333333333,67.12333333333333,HIGH
Delhi,28.6139,77.209,2020-04-15,31.190416666666664,40.41,22.08,28.650000000000002,50.17,2.94375,863.17,29.108333333333334,39.5,18.8,21.92998317744419,25.619648881933035,40.78359444444444,47.594680945316014,16.53762812721489,0.0,22.08,25.28333333333333,37.6,30.298611111111114,40.4,28.740833333333335,31.63416666666667,22.926666666666666,1,0,6,0,72.0,60.58,HIGH
Delhi,28.6139,77.209,2020-04-16,30.995416666666667,39.84,21.85,29.788750000000004,53.18,3.942083333333333,866.95,28.383333333333336,39.4,18.9,22.342713382013212,27.510453548692947,40.35791111111112,52.6469355253059,17.704516567111565,0.0,21.85,24.400000000000002,37.5,29.843055555555555,40.4,29.10916666666667,31.55236111111111,23.173333333333332,1,0,7,0,84.0,63.05,HIGH
Delhi,28.6139,77.209,2020-04-17,29.528333333333336,38.18,22.39,31.812083333333334,48.83,2.2220833333333334,964.5,27.479166666666668,37.4,19.8,21.352880448696904,25.51321002396793,38.45645,39.93318562745934,12.525290999453643,0.53,22.39,23.325,32.6,28.32361111111111,39.5,29.351666666666667,30.57138888888889,22.106666666666666,1,0,8,0,96.0,60.589999999999996,HIGH
Delhi,28.6139,77.209,2020-04-18,29.6725,38.79,21.89,36.40958333333334,65.73,3.1420833333333333,844.2,27.554166666666664,37.8,19.1,21.894044701547173,25.899977313148224,39.12457777777777,42.74304305055578,13.05543944424278,2.9299999999999997,21.89,24.53333333333333,36.5,27.805555555555557,39.4,28.9125,30.065416666666668,22.043333333333333,1,0,9,0,100.0,62.28999999999999,HIGH
Delhi,28.6139,77.209,2020-04-19,28.711250000000003,36.78,21.61,38.21583333333333,66.35,3.471666666666667,921.1,26.162499999999998,35.2,18.3,21.57348925133569,25.67167699076777,37.04126111111111,33.5709591804675,10.611587746678612,0.0,21.61,22.833333333333332,33.3,27.065277777777776,37.8,27.7375,29.30402777777778,21.963333333333335,1,0,10,0,100.0,54.21000000000001,HIGH
Delhi,28.6139,77.209,2020-04-20,24.430833333333336,29.72,20.5,52.286249999999995,73.33,3.4345833333333338,619.0,21.754166666666666,26.9,14.3,19.747672371798547,21.940548892220463,29.567705555555563,4.232787439613535,0.5063155312366816,0.07,20.5,20.766666666666666,25.1,25.156944444444445,37.8,26.266666666666662,27.604861111111116,21.333333333333332,0,0,0,0,0.0,3.1999999999999957,LOW
Delhi,28.6139,77.209,2020-04-21,27.71666666666667,34.8,20.01,41.6225,74.4,2.8866666666666667,900.67,25.616666666666664,33.2,17.8,21.275853103753054,25.229061067336694,35.0113111111111,25.653540689932782,7.934815993085716,0.01,20.01,22.53333333333333,31.3,24.51111111111111,35.2,25.71333333333333,26.95291666666667,20.706666666666667,1,0,1,0,12.0,24.61000000000001,LOW
Delhi,28.6139,77.209,2020-04-22,29.268333333333334,36.85,20.38,33.62291666666667,56.43,2.535416666666667,949.65,27.508333333333336,35.3,19.1,21.41651773197198,24.909174434512934,37.03627222222223,31.977193236714974,10.344489130434782,0.18,20.38,25.05,32.8,24.959722222222222,35.3,25.719166666666666,27.138611111111118,20.296666666666667,1,0,2,0,24.0,34.27999999999999,MODERATE
Delhi,28.6139,77.209,2020-04-23,28.265,34.82,23.15,36.80625,49.18,3.264583333333333,713.75,25.929166666666664,32.3,21.4,21.170599806552335,24.195295688698245,34.904844444444436,22.62377777777776,6.4962646940418685,0.02,23.15,24.291666666666668,31.4,26.35138888888889,35.3,25.394166666666667,28.416666666666668,21.180000000000003,1,0,3,0,36.0,31.049999999999986,MODERATE
Delhi,28.6139,77.209,2020-04-24,31.31958333333333,38.27,22.06,29.672916666666666,52.64,2.0854166666666667,973.3,29.8875,37.8,20.4,22.703136588975866,26.408590092905587,38.63639444444444,43.77761568934476,16.631281318915494,0.03,22.06,26.325,35.2,27.775000000000002,37.8,26.139166666666664,29.61763888888889,21.863333333333333,1,0,4,0,48.0,49.459999999999994,MODERATE
Delhi,28.6139,77.209,2020-04-25,31.734166666666667,38.01,24.19,32.07333333333333,46.93,1.5566666666666666,841.7,30.670833333333334,37.7,21.6,23.397712288174205,26.476353723813354,38.38381666666666,43.57803218593282,18.95419088271211,0.06999999999999999,24.19,27.066666666666666,36.4,28.829166666666666,37.8,27.922499999999996,30.439583333333335,23.133333333333336,1,0,5,0,60.0,54.290000000000006,HIGH
Delhi,28.6139,77.209,2020-04-26,29.354583333333334,38.48,20.77,47.33916666666667,81.43,4.135416666666667,611.33,26.620833333333334,37.7,16.7,23.06596000131913,26.89060655310622,38.90734444444445,45.19036963103488,14.64876404248197,11.87,20.77,23.2,35.6,29.059722222222224,37.8,28.123333333333335,30.802777777777777,22.34,1,0,6,0,72.0,53.87000000000001,HIGH
Delhi,28.6139,77.209,2020-04-27,28.190833333333334,35.75,20.59,50.557500000000005,82.87,4.2908333333333335,931.88,25.245833333333334,35.1,16.1,22.698499691660874,26.39155686333829,36.10774999999999,34.09445319871051,9.423176847989767,1.99,20.59,21.441666666666666,30.4,27.5125,37.7,27.67083333333333,29.759861111111118,21.849999999999998,1,0,7,0,84.0,48.89,MODERATE
Delhi,28.6139,77.209,2020-04-28,29.55541666666667,35.03,21.83,45.50125,73.6,1.61125,867.25,28.974999999999998,34.9,20.1,23.470442945403178,26.283299047109153,35.38781666666667,33.39365076451587,12.595541821014168,0.11,21.83,26.425,33.1,26.947222222222223,37.7,28.28,29.033611111111117,21.063333333333333,1,0,8,0,96.0,52.529999999999994,HIGH
Delhi,28.6139,77.209,2020-04-29,30.985,37.34,24.0,41.336666666666666,59.29,1.6958333333333335,863.47,30.491666666666664,37.2,23.9,24.114161181008132,27.059891164587114,37.76901666666668,43.525103445452174,17.60506330844058,0.0,24.0,27.40833333333333,34.3,28.237499999999997,37.2,28.40083333333333,29.577083333333338,22.14,1,0,9,0,100.0,62.60000000000001,HIGH
Delhi,28.6139,77.209,2020-04-30,31.979583333333334,39.38,24.82,40.85333333333333,62.62,1.9591666666666665,936.33,31.420833333333334,39.6,24.1,24.81565861619106,28.378713994800997,39.982727777777775,55.42547048681845,22.10973035615866,0.42,24.82,28.275000000000002,36.5,30.29583333333333,39.6,28.550833333333333,30.840000000000003,23.549999999999997,1,0,10,0,100.0,70.61999999999999,SEVERE
Delhi,28.6139,77.209,2020-05-01,32.483333333333334,40.42,24.84,38.51375,63.22,3.215,939.25,31.320833333333336,40.2,22.6,24.798215520175987,28.17593068713292,41.01784444444445,57.21722201308959,22.685742565495904,0.0,24.84,27.883333333333336,37.7,31.07777777777778,40.2,29.49083333333333,31.815972222222225,24.55333333333333,1,0,11,0,100.0,72.44000000000001,SEVERE
Delhi,28.6139,77.209,2020-05-02,32.545,40.58,24.55,38.06375,66.37,3.6391666666666667,944.03,30.8,40.6,21.3,24.826028349419868,28.69708709522697,41.23405555555555,59.96870089920748,23.163153323060033,1.8900000000000001,24.55,26.183333333333334,36.7,31.180555555555557,40.6,30.601666666666667,32.335972222222225,24.736666666666665,1,0,12,0,100.0,73.35000000000001,SEVERE
Delhi,28.6139,77.209,2020-05-03,30.964583333333334,38.62,23.8,48.300000000000004,80.04,3.8095833333333338,819.62,29.483333333333334,38.0,20.8,24.674814487887748,27.36000022736327,39.07518333333333,46.629587475220546,18.45783230315629,6.88,23.8,25.391666666666666,35.1,30.534722222222225,40.6,30.703333333333337,31.99763888888889,24.396666666666665,1,0,13,0,100.0,64.8,HIGH
Delhi,28.6139,77.209,2020-05-04,30.903750000000002,37.8,23.84,45.62708333333333,79.53,1.66375,871.25,30.6125,37.7,24.1,24.519053358149844,27.494073951181477,38.28989999999999,46.549526201370526,18.071131556778322,0.27,23.84,27.825,35.0,30.298611111111114,40.6,30.7275,31.471111111111114,24.063333333333333,1,0,14,0,100.0,63.94000000000001,HIGH
Delhi,28.6139,77.209,2020-05-05,31.67125,38.11,25.0,39.90291666666666,66.03,2.127083333333333,945.4,31.037499999999998,37.8,25.3,24.491401755756403,27.57374301734266,38.610533333333336,47.31734499405697,19.56195664823102,0.08,25.0,28.458333333333332,35.7,30.37777777777778,38.0,30.65083333333333,31.179861111111112,24.213333333333335,1,1,15,1,100.0,65.39999999999999,HIGH
Delhi,28.6139,77.209,2020-05-06,31.296666666666667,38.53,23.35,39.324999999999996,77.76,2.6083333333333334,649.95,30.150000000000002,37.5,20.7,23.738243715935507,26.462509783207857,38.91638888888888,43.47271643227339,17.668921054422736,4.02,23.35,27.141666666666666,36.3,30.600000000000005,37.8,30.416666666666668,31.290555555555557,24.063333333333333,1,0,16,0,100.0,62.849999999999994,HIGH
Delhi,28.6139,77.209,2020-05-07,30.457083333333333,37.77,23.13,40.920833333333334,78.5,2.6612500000000003,991.92,29.183333333333334,36.8,20.4,23.514429672285008,26.788572643493577,38.158199999999994,41.88119619135029,14.177340984179006,0.0,23.13,26.141666666666666,33.7,30.123611111111114,37.8,30.093333333333334,31.141666666666666,23.826666666666664,1,0,17,0,100.0,60.52999999999999,HIGH
Delhi,28.6139,77.209,2020-05-08,32.906666666666666,40.48,23.68,31.596666666666668,56.69,2.4745833333333334,970.7,31.775000000000002,40.3,22.2,24.16704140873028,27.68293170183226,41.0311,55.99975162723591,23.912479210095707,0.0,23.68,27.816666666666666,38.0,30.36944444444445,40.3,30.551666666666666,31.553472222222222,23.386666666666667,1,0,18,0,100.0,71.57999999999998,SEVERE
Delhi,28.6139,77.209,2020-05-09,33.349583333333335,41.47,24.33,32.44916666666666,57.35,2.36375,951.1,32.050000000000004,41.4,22.2,24.53858827760003,28.229686892559634,42.09425000000001,61.02337800980756,25.778787513579445,0.0,24.33,27.208333333333332,38.3,31.00277777777778,41.4,30.839166666666664,32.23777777777778,23.713333333333335,1,0,19,0,100.0,75.52999999999999,SEVERE
Delhi,28.6139,77.209,2020-05-10,30.388333333333335,41.54,22.93,48.715833333333336,81.28,2.87875,685.45,29.579166666666666,41.3,22.4,23.941272093879533,27.71567707216796,42.138349999999996,59.560813825199524,17.478060669367675,7.120000000000001,22.93,27.133333333333336,39.6,31.134722222222223,41.4,30.547500000000003,32.21486111111111,23.646666666666665,1,0,20,0,100.0,73.82999999999998,SEVERE
Delhi,28.6139,77.209,2020-05-11,30.53916666666667,36.18,23.24,42.260416666666664,80.43,2.7216666666666662,886.58,29.241666666666664,35.4,22.3,23.72966974529543,26.05824051494043,36.47003888888888,34.13194836372214,14.391258963266468,0.15000000000000002,23.24,26.616666666666664,34.6,30.290277777777778,41.4,30.365833333333335,31.425694444444446,23.5,1,0,21,0,100.0,56.43999999999999,HIGH
Delhi,28.6139,77.209,2020-05-12,32.037083333333335,38.39,24.03,34.48416666666667,61.87,1.5929166666666665,881.78,31.245833333333334,38.1,22.5,23.993442301035827,26.676197603754783,38.787716666666675,45.36439453455602,19.5942324144277,0.25,24.03,28.791666666666668,35.5,30.022222222222222,41.3,30.77833333333333,30.988194444444446,23.400000000000002,1,0,22,0,100.0,65.33,HIGH
Delhi,28.6139,77.209,2020-05-13,32.55958333333333,38.94,27.12,36.84458333333333,49.73,1.9470833333333333,541.3,31.958333333333332,39.0,26.8,24.87633738930191,28.363110470067156,39.5418111111111,53.49525411551547,22.91023539855627,0.0,27.12,29.883333333333336,36.9,30.815277777777776,39.0,30.814999999999998,31.711944444444445,24.796666666666667,1,1,23,1,100.0,71.12,SEVERE
Delhi,28.6139,77.209,2020-05-14,33.59166666666667,40.49,26.48,35.84125,51.78,2.316666666666667,927.38,32.68333333333333,40.8,24.2,25.54680393362447,29.017504324690307,41.16717222222222,61.309802829143365,27.41930404599053,0.1,26.48,29.15833333333333,37.8,31.962500000000002,40.8,30.941666666666663,32.72944444444445,25.87666666666667,1,1,24,2,100.0,75.88,SEVERE
Delhi,28.6139,77.209,2020-05-15,33.14125,41.13,24.99,32.6875,49.63,4.743333333333333,949.95,31.025000000000002,41.4,20.9,24.6365134435236,29.00808818670005,41.82704444444445,63.41734668570401,24.376385354917414,0.0,24.99,26.816666666666666,38.1,31.88888888888889,41.4,31.230833333333333,33.097500000000004,26.19666666666667,1,0,25,0,100.0,76.18999999999998,SEVERE
Delhi,28.6139,77.209,2020-05-16,32.99125,41.09,24.43,27.356666666666666,45.51,5.0874999999999995,985.85,31.15416666666667,42.0,20.9,23.454964482613807,27.22693763689924,41.62037222222223,59.394180060456186,22.94727861643675,0.0,24.43,26.799999999999997,38.8,31.620833333333337,42.0,31.613333333333333,33.2413888888889,25.3,1,0,26,0,100.0,77.43,SEVERE
Delhi,28.6139,77.209,2020-05-17,34.718333333333334,42.74,24.99,25.53458333333333,42.91,3.025,911.62,33.67916666666667,43.0,22.7,24.506640616420228,28.234677401744797,43.41866111111111,66.3976735027169,30.150370317050587,0.0,24.99,29.15833333333333,40.1,31.95277777777778,43.0,32.1,33.61694444444445,24.80333333333333,1,0,27,0,100.0,80.99,SEVERE
Delhi,28.6139,77.209,2020-05-18,33.60333333333333,42.68,24.55,20.581666666666667,42.38,3.68125,970.3,31.7375,42.7,21.4,22.549863386802,26.923522742083897,43.257877777777786,61.65785325040629,24.175045624442813,0.0,24.55,27.599999999999998,40.0,32.19027777777777,43.0,32.05583333333333,33.77097222222222,24.656666666666666,1,0,28,0,100.0,79.65,SEVERE
Delhi,28.6139,77.209,2020-05-19,33.73625,42.77,24.4,17.1675,30.91,3.8204166666666666,984.25,31.412499999999998,42.3,20.8,21.872040407426628,26.166192398800806,43.301,58.404083807767435,23.04805235787121,0.0,24.4,27.258333333333336,40.0,32.27638888888888,43.0,31.801666666666666,34.019305555555555,24.646666666666665,1,0,29,0,100.0,78.29999999999998,SEVERE
Delhi,28.6139,77.209,2020-05-20,33.003750000000004,41.85,23.42,18.667916666666667,35.86,4.403333333333333,1019.7,30.337500000000002,41.4,19.4,21.789428372958696,26.604564554668727,42.36367777777778,56.67341347076946,21.537740914893053,0.0,23.42,25.691666666666666,38.7,31.162499999999998,42.7,31.664166666666667,33.44777777777778,24.123333333333335,1,0,30,0,100.0,74.61999999999999,SEVERE
Delhi,28.6139,77.209,2020-05-21,34.516666666666666,43.76,24.08,16.0825,35.41,5.362916666666667,975.85,32.74583333333333,45.2,19.9,22.218281646501353,26.452248298023154,44.365716666666664,67.45736808247526,27.061256426141217,0.0,24.08,27.45,42.0,31.498611111111114,45.2,31.982499999999998,33.75222222222223,23.96666666666667,1,0,31,0,100.0,86.68,EXTREME
Delhi,28.6139,77.209,2020-05-22,37.69708333333333,45.63,26.01,15.443333333333333,26.94,2.4345833333333333,1008.05,36.670833333333334,45.8,23.4,24.65149515287852,28.414249574328466,46.463972222222225,76.62420282926557,39.500281972635825,0.0,26.01,32.608333333333334,42.9,33.25138888888889,45.8,32.58083333333333,35.0725,24.503333333333334,1,1,32,1,100.0,90.41,EXTREME
Delhi,28.6139,77.209,2020-05-23,38.568333333333335,46.66,29.51,16.042083333333334,25.12,3.3666666666666667,936.28,37.375,46.9,26.6,25.466078939699774,29.56399402954753,47.62595555555555,81.62759561521264,42.91811348350905,0.0,29.51,33.358333333333334,44.7,35.59722222222222,46.9,33.70833333333333,36.92736111111111,26.53333333333333,1,1,33,2,100.0,94.51,EXTREME
Delhi,28.6139,77.209,2020-05-24,37.954166666666666,46.47,29.31,16.8875,33.14,4.3275,971.72,36.9,47.8,26.7,25.038918327473695,28.979517596196622,47.38901666666666,79.66813249873479,40.37516704953575,0.0,29.31,32.516666666666666,45.4,36.981944444444444,47.8,34.80583333333333,38.07319444444445,28.276666666666667,1,1,34,3,100.0,94.31,EXTREME
Delhi,28.6139,77.209,2020-05-25,37.95291666666667,46.09,29.81,16.924166666666668,32.16,4.29,1016.4,36.987500000000004,47.5,27.0,25.294860327689122,29.963463856997976,47.051961111111126,82.32687949369925,41.696252708063604,0.0,29.81,32.78333333333333,44.5,37.087500000000006,47.8,36.13583333333334,38.15847222222223,29.543333333333333,1,1,35,4,100.0,94.81,EXTREME
Delhi,28.6139,77.209,2020-05-26,38.505833333333335,47.42,30.24,15.331666666666665,24.15,4.592083333333333,989.83,37.9625,50.0,27.6,25.2782026901809,30.484555847307405,48.48702222222222,85.13803469168067,43.26656431500288,0.0,30.24,33.19166666666667,45.8,37.28333333333334,50.0,37.17916666666666,38.137638888888894,29.786666666666665,1,1,36,5,100.0,95.24,EXTREME
Delhi,28.6139,77.209,2020-05-27,38.8025,47.23,29.91,17.645416666666666,39.46,4.248333333333333,911.8,37.420833333333334,47.5,25.7,25.761155523401822,29.848979865219547,48.23833333333334,82.79204587585187,43.27353987903513,0.03,29.91,32.40833333333334,45.0,37.45694444444445,50.0,37.329166666666666,38.420416666666675,29.986666666666665,1,1,37,6,100.0,94.91,EXTREME
Delhi,28.6139,77.209,2020-05-28,36.4525,43.54,28.45,28.68375,51.33,5.837916666666666,887.17,34.987500000000004,44.1,24.9,26.49546844935091,29.444737151016128,44.350883333333336,73.67193609072955,36.826981450176234,3.21,28.45,30.45,41.3,36.79027777777778,50.0,36.85166666666667,37.920277777777784,29.53333333333333,1,1,38,7,100.0,87.75,EXTREME
Delhi,28.6139,77.209,2020-05-29,34.67541666666667,41.19,26.72,34.619166666666665,66.64,5.862916666666667,787.83,32.84583333333333,41.2,24.2,26.09681295830515,28.71845392624153,41.86118888888889,62.02792344294638,29.10400934327005,6.54,26.72,28.925,38.4,35.08472222222222,47.5,36.04083333333333,36.64347222222223,28.36,1,1,39,8,100.0,77.32000000000001,SEVERE
Delhi,28.6139,77.209,2020-05-30,31.23625,36.89,24.94,44.20541666666667,70.69,3.2895833333333333,916.45,29.787499999999998,35.9,23.9,24.772001785709794,27.362428880786453,37.366188888888885,40.85136393704534,16.603660609008827,6.63,24.94,27.066666666666666,33.8,32.54027777777778,44.1,34.600833333333334,34.121388888888895,26.703333333333333,1,0,40,0,100.0,59.64,HIGH
Delhi,28.6139,77.209,2020-05-31,29.572916666666668,34.85,24.8,58.84583333333333,78.77,1.4087500000000002,832.45,30.2625,35.2,25.3,25.13438144466474,27.43679656414139,35.65563432322993,37.60997906440485,16.580198758797945,15.41,24.8,28.183333333333334,32.4,30.965277777777782,41.2,33.060833333333335,31.82819444444445,25.486666666666665,1,0,41,0,100.0,57.400000000000006,HIGH
Delhi,28.6139,77.209,2020-06-01,31.176666666666666,36.84,25.67,47.553333333333335,72.6,2.6575,920.47,30.650000000000002,36.1,26.6,25.186281303264195,27.945505921572543,37.39735555555556,43.127696508678994,18.653615040672623,2.81,25.67,28.791666666666668,34.2,30.233333333333334,36.1,31.706666666666667,30.661944444444448,25.136666666666667,1,1,42,1,100.0,60.97000000000001,HIGH
Delhi,28.6139,77.209,2020-06-02,32.014583333333334,37.7,26.41,44.928333333333335,63.02,2.177916666666667,903.92,31.712500000000002,37.4,26.4,25.573407185274377,28.25740755612252,38.291133333333335,48.09059947996176,22.89808736182198,0.12,26.41,29.291666666666668,35.6,30.875000000000004,37.4,31.051666666666666,30.921388888888895,25.626666666666665,1,1,43,2,100.0,65.61,HIGH
Delhi,28.6139,77.209,2020-06-03,33.45458333333333,39.58,26.75,39.45083333333333,60.32,1.8733333333333333,944.12,33.24166666666667,39.8,26.0,25.957782977798672,28.612241275720425,40.19672222222223,56.74625522812744,28.75621730040878,0.0,26.75,30.291666666666668,37.5,31.86805555555556,39.8,31.130833333333335,32.21527777777778,26.27666666666667,1,1,44,3,100.0,73.14999999999999,SEVERE
Delhi,28.6139,77.209,2020-06-04,31.421666666666667,38.37,25.58,51.000416666666666,71.27,3.2229166666666664,525.3,30.516666666666666,38.3,24.7,25.665183113684193,28.53491366050666,38.991577777777785,51.74186658538471,20.080177153497615,3.17,25.58,29.108333333333334,37.7,31.82361111111111,39.8,31.276666666666664,32.29694444444445,26.24666666666667,1,1,45,4,100.0,67.47999999999999,HIGH
Delhi,28.6139,77.209,2020-06-05,31.22375,37.15,25.67,46.942499999999995,70.26,2.8658333333333332,857.83,29.870833333333334,37.3,23.7,25.0869947959704,27.70343388946615,37.65218888888889,45.613224373712455,17.84975365866598,0.47000000000000003,25.67,26.416666666666668,33.8,31.209722222222226,39.8,31.198333333333334,32.03333333333334,26.0,1,1,46,5,100.0,64.57,HIGH
Delhi,28.6139,77.209,2020-06-06,31.814166666666665,36.06,26.15,45.63999999999999,66.34,2.0412500000000002,902.15,31.333333333333332,36.4,23.9,25.58103030436438,27.711082269696362,36.6015,42.48237724387169,21.627316149980327,0.5700000000000001,26.15,28.425,34.4,30.57361111111111,38.3,31.335,31.48652777777778,25.8,1,1,47,6,100.0,62.349999999999994,HIGH
Delhi,28.6139,77.209,2020-06-07,32.415,36.78,27.32,48.04791666666667,62.61,1.7670833333333331,802.53,32.708333333333336,37.1,27.5,26.436084261304092,28.693742157861706,37.78264898208745,47.77524096633874,27.723353935548293,7.699999999999999,27.32,30.75,35.9,31.30416666666667,37.3,31.534166666666664,31.81763888888889,26.38,1,1,48,7,100.0,65.62,HIGH
Delhi,28.6139,77.209,2020-06-08,33.47083333333333,39.38,27.72,41.20791666666667,61.74,2.3179166666666666,941.85,33.295833333333334,39.4,28.5,26.31422402325863,29.21778137414767,40.08168888888889,57.43417987123528,29.421461672856534,0.08,27.72,31.0,37.2,32.44583333333333,39.4,31.544999999999998,32.56666666666667,27.063333333333333,1,1,49,8,100.0,72.91999999999999,SEVERE
Delhi,28.6139,77.209,2020-06-09,35.40375,41.95,28.85,38.369166666666665,55.54,2.55375,907.42,35.4375,42.5,29.1,27.494141938171634,30.623728568948778,42.83322777777778,71.8892098614357,39.6844159545546,0.03,28.85,32.458333333333336,40.0,33.81388888888889,42.5,32.52916666666667,33.763194444444444,27.963333333333335,1,1,50,9,100.0,83.35,SEVERE
Delhi,28.6139,77.209,2020-06-10,36.60916666666667,43.35,29.79,36.268750000000004,53.37,2.075833333333333,881.1,36.94166666666667,44.4,29.7,28.17266725628177,31.54922755573663,44.351816666666664,80.73621889909396,46.27172896294911,0.09,29.79,33.875,41.9,35.225,44.4,33.943333333333335,35.16125,28.786666666666665,1,1,51,10,100.0,89.98999999999998,EXTREME
Delhi,28.6139,77.209,2020-06-11,36.69083333333334,41.98,30.64,37.60458333333333,52.16,1.9995833333333335,860.8,37.11666666666667,42.8,31.0,28.547286628306054,31.045728019369246,42.91009444444444,73.97204879240725,48.282846782080874,0.0,30.64,34.36666666666667,41.2,36.49861111111111,44.4,35.1,36.23458333333334,29.76,1,1,52,11,100.0,86.03999999999999,EXTREME
Delhi,28.6139,77.209,2020-06-12,37.26916666666667,42.98,30.98,34.92875,49.56,1.8958333333333333,839.55,37.475,43.9,30.3,28.571973034179724,31.130596577869916,43.932544444444446,77.86574142443101,49.44515826212764,0.0,30.98,34.641666666666666,42.0,37.17777777777778,44.4,36.053333333333335,36.856388888888894,30.47,1,1,53,12,100.0,89.67999999999999,EXTREME
Delhi,28.6139,77.209,2020-06-13,36.377916666666664,42.49,30.03,35.96666666666667,52.87,2.307916666666667,726.03,36.36666666666667,43.3,29.7,27.954969124902135,30.73545407820174,43.39693888888888,74.64758445682743,43.92543767003232,0.12,30.03,33.30833333333333,40.5,36.986111111111114,43.9,36.667500000000004,36.77930555555556,30.55,1,1,54,13,100.0,86.92999999999999,EXTREME
Delhi,28.6139,77.209,2020-06-14,36.05125,41.75,29.68,37.82208333333333,56.51,2.05625,764.5,36.229166666666664,42.5,29.5,28.02227041699315,30.50238168698314,42.61818888888889,71.33817887737453,43.53873753626263,0.54,29.68,33.0,39.4,36.69027777777777,43.9,36.825833333333335,36.56611111111112,30.23,1,1,55,14,100.0,84.18,SEVERE
Delhi,28.6139,77.209,2020-06-15,36.52875,43.11,30.35,29.47458333333333,56.25,1.7666666666666666,882.88,36.270833333333336,43.8,29.9,26.970611794691447,30.46561497712874,43.98206666666667,75.33021208114468,41.48900557114489,0.09,30.35,33.291666666666664,40.4,36.28888888888889,43.8,36.69166666666667,36.31930555555556,30.02,1,1,56,15,100.0,88.74999999999999,EXTREME
Delhi,28.6139,77.209,2020-06-16,36.59666666666667,43.56,28.89,25.304166666666664,42.61,2.345833333333333,919.9,35.74166666666667,43.7,26.5,26.026587381666133,29.118802720571804,44.34285555555556,71.64409415205358,37.77918149037122,0.03,28.89,32.324999999999996,41.9,36.080555555555556,43.8,36.416666666666664,36.39222222222222,29.64,1,1,57,16,100.0,86.99000000000001,EXTREME
Delhi,28.6139,77.209,2020-06-17,36.27833333333333,42.73,29.54,30.343333333333334,49.52,2.6300000000000003,916.45,35.4125,43.1,26.5,26.843379267841353,29.82571523621505,43.544483333333325,71.50919271926264,38.174375859731576,0.36,29.54,31.78333333333333,40.8,35.80833333333334,43.8,36.00416666666667,36.46791666666667,29.593333333333334,1,1,58,17,100.0,85.84,EXTREME
Delhi,28.6139,77.209,2020-06-18,37.10916666666667,44.29,30.16,30.690416666666664,51.89,2.8695833333333334,908.53,36.604166666666664,45.1,27.5,27.56682317535932,30.87603624547853,45.250822222222226,81.24838892967232,43.780476537245164,0.0,30.16,32.800000000000004,41.2,35.919444444444444,45.1,36.05166666666666,36.66138888888889,29.53,1,1,59,18,100.0,92.46,EXTREME
Delhi,28.6139,77.209,2020-06-19,38.155,44.02,30.86,32.47625,52.37,2.7079166666666663,804.65,38.420833333333334,45.1,29.9,28.843843367681973,31.25005077233047,45.00708888888888,82.15849048124261,53.161236320651454,0.39,30.86,35.1,42.3,36.8125,45.1,36.489999999999995,37.18083333333333,30.186666666666667,1,1,60,19,100.0,93.16,EXTREME
Delhi,28.6139,77.209,2020-06-20,37.5025,43.07,28.96,37.374583333333334,67.13,3.0233333333333334,759.8,38.145833333333336,44.3,28.6,29.023264116799993,31.05755196774601,44.01352777777778,78.71041435734432,53.3581923152139,2.5,28.96,35.166666666666664,42.9,37.72361111111112,45.1,36.864999999999995,37.58888888888888,29.993333333333336,1,1,61,20,100.0,88.85999999999999,EXTREME
Delhi,28.6139,77.209,2020-06-21,35.513333333333335,41.68,29.01,42.28208333333333,66.28,2.3475,950.85,35.824999999999996,42.5,29.0,28.232505032000237,31.137125253218016,42.618738888888885,73.24288783694874,43.19471768688535,0.03,29.01,32.8,39.5,37.463888888888896,45.1,36.88166666666666,37.05694444444445,29.61,1,1,62,21,100.0,83.51,SEVERE
Delhi,28.6139,77.209,2020-06-22,34.285833333333336,38.62,30.03,48.887499999999996,62.7,2.4179166666666667,891.5,34.65833333333333,39.1,28.2,28.26418572797803,30.280157703389197,41.642032602195904,59.312615476947684,40.647904523886815,8.190000000000001,30.03,32.15,36.8,36.20972222222222,44.3,36.73083333333333,35.76722222222222,29.333333333333332,1,1,63,22,100.0,74.33,SEVERE
Delhi,28.6139,77.209,2020-06-23,34.06583333333334,40.12,29.33,52.32666666666666,74.62,4.5112499999999995,843.0,33.6,40.4,28.1,28.362459940635514,30.77494789276782,41.01867222222222,65.51499343675756,38.1418980267988,1.28,29.33,31.608333333333334,38.2,34.69444444444444,42.5,36.13,34.62166666666667,29.456666666666667,1,1,64,23,100.0,77.52999999999999,SEVERE
Delhi,28.6139,77.209,2020-06-24,33.374583333333334,37.45,29.51,57.585,74.25,2.93125,615.35,34.09583333333333,37.9,30.0,28.598436161978242,30.757600983767627,44.55548326899864,62.28844057651909,41.72084702743367,1.59,29.51,32.55833333333333,36.1,34.11805555555556,40.4,35.265,33.90875,29.623333333333335,1,1,65,24,100.0,70.21,SEVERE
Delhi,28.6139,77.209,2020-06-25,34.69541666666667,40.15,30.28,56.52875,75.38,1.8179166666666668,787.6,36.645833333333336,41.0,32.3,29.547353121217867,31.64964939830813,45.28190027020343,69.77201099685676,52.096403612631256,3.97,30.28,35.05833333333333,39.6,34.78055555555556,41.0,34.964999999999996,34.04527777777778,29.706666666666667,1,1,66,25,100.0,80.28,SEVERE
Delhi,28.6139,77.209,2020-06-26,34.60875,40.54,30.46,51.5225,74.09,2.9254166666666666,699.72,35.40833333333333,40.9,32.2,28.776983850262294,30.946037223427727,42.68325241056803,67.56899243988067,45.14632404028893,0.33,30.46,33.11666666666667,34.0,35.38333333333333,41.0,34.881666666666675,34.22625,30.083333333333332,1,1,67,26,100.0,80.15999999999998,SEVERE
Delhi,28.6139,77.209,2020-06-27,37.38666666666666,43.27,31.53,37.18666666666667,61.46,5.43625,829.22,37.18333333333333,45.1,29.5,29.06014485207721,31.785077487353707,44.293322222222216,83.12876869394516,50.68263058837283,0.41,31.53,33.858333333333334,41.7,36.4125,45.1,35.38666666666666,35.56361111111111,30.75666666666667,1,1,68,27,100.0,93.83,EXTREME
Delhi,28.6139,77.209,2020-06-28,37.537083333333335,42.75,31.58,38.61958333333333,50.46,4.79,815.6,38.0,44.4,29.2,29.568337327421318,32.58704566110187,43.8644111111111,83.42584229731526,54.68602902572939,0.2,31.58,34.85,43.0,36.86388888888889,45.1,36.266666666666666,36.51083333333333,31.189999999999998,1,1,69,28,100.0,91.77999999999999,EXTREME
Delhi,28.6139,77.209,2020-06-29,37.47833333333333,43.16,30.92,39.46458333333333,64.38,4.4275,783.12,37.608333333333334,44.8,29.7,29.50908830446456,32.06133036398856,44.21566666666666,83.1541360195019,53.79849289300244,1.07,30.92,34.49166666666667,42.4,37.59722222222222,45.1,36.969166666666666,37.46736111111111,31.343333333333334,1,1,70,29,100.0,92.32,EXTREME
Delhi,28.6139,77.209,2020-06-30,34.80083333333334,39.56,30.46,50.11083333333334,66.06,3.0625,787.72,34.949999999999996,41.0,29.5,28.880701555839792,31.38171081210299,44.708270816302374,68.3732193928307,44.343605200878095,1.47,30.46,32.083333333333336,37.8,36.85277777777778,44.8,36.629999999999995,36.60541666666667,30.986666666666668,1,1,71,30,100.0,80.46,SEVERE
Delhi,28.6139,77.209,2021-04-01,26.282083333333333,36.95,16.23,7.64375,16.29,5.982083333333333,1007.2,21.191666666666666,35.7,7.2,14.54194202701923,20.699581485100662,36.78489444444444,32.758603864734305,8.650141706924316,0.0,16.23,15.174999999999999,31.3,31.250000000000004,44.8,33.78666666666667,32.85375,25.87,1,0,72,0,100.0,54.10000000000001,HIGH
Delhi,28.6139,77.209,2021-04-02,25.7475,36.73,15.84,8.933333333333334,18.42,3.6779166666666665,996.9,21.479166666666668,33.9,10.4,14.454551182215987,20.681138277839082,36.554383333333334,28.058159420289854,7.4795374396135275,0.0,15.84,16.883333333333333,31.4,25.873611111111114,41.0,30.645833333333336,28.943472222222223,20.843333333333334,1,0,73,0,100.0,48.699999999999996,MODERATE
Delhi,28.6139,77.209,2021-04-03,26.10083333333333,36.71,15.44,7.328333333333333,14.35,3.268333333333333,1000.35,21.945833333333336,33.9,10.1,14.371034896183604,20.44643215351294,36.50783888888889,28.017685990338162,7.821654589371982,0.0,15.44,17.25,31.7,21.53888888888889,35.7,27.435000000000002,26.04347222222222,15.836666666666666,1,0,74,0,100.0,48.699999999999996,MODERATE
Delhi,28.6139,77.209,2021-04-04,28.01875,38.87,16.47,9.430416666666666,21.25,3.615,973.4,24.370833333333334,36.8,11.8,16.07788899243783,22.03702485697122,38.9076,37.354434782608685,10.694289653784217,0.0,16.47,19.866666666666667,33.1,22.598611111111115,36.8,24.7875,26.622361111111108,15.916666666666666,1,0,75,0,100.0,57.399999999999984,HIGH
Delhi,28.6139,77.209,2021-04-05,29.704166666666666,38.82,19.31,12.720833333333333,22.98,2.3225000000000002,842.5,26.804166666666664,37.0,15.3,18.081640347781786,22.788234010668287,38.910827777777776,37.85724154589372,12.27713607085346,0.0,19.31,22.741666666666664,34.0,24.373611111111114,37.0,23.158333333333335,27.941249999999997,17.073333333333334,1,0,76,0,100.0,58.0,HIGH
Delhi,28.6139,77.209,2021-04-06,31.182916666666667,40.26,21.06,15.53875,48.76,2.6020833333333333,857.75,27.891666666666666,38.7,16.3,19.635695740274922,24.286985085966737,40.52589999999999,43.26108212560388,15.545784017713366,0.0,21.06,21.974999999999998,33.9,26.355555555555554,38.7,24.498333333333335,29.635277777777777,18.946666666666665,1,0,77,0,100.0,64.16000000000001,HIGH
Delhi,28.6139,77.209,2021-04-07,29.3225,38.73,19.56,21.69666666666667,56.49,4.243333333333333,863.17,25.245833333333334,37.4,14.7,19.524533225789465,24.87983483323009,38.97319444444444,38.911473429951684,11.988860104669888,0.0,19.56,20.125,34.6,26.647222222222222,38.7,25.251666666666665,30.069861111111113,19.976666666666663,1,0,78,0,100.0,59.199999999999996,HIGH
Delhi,28.6139,77.209,2021-04-08,27.56375,37.06,18.47,14.4225,28.14,3.5041666666666664,893.12,23.379166666666666,34.8,13.0,16.82604085943621,21.870021802337366,36.992061111111106,30.68874879227052,9.06075684380032,0.0,18.47,18.658333333333335,32.0,25.50555555555556,38.7,25.538333333333334,29.35638888888889,19.696666666666662,1,0,79,0,100.0,51.39999999999999,HIGH
Delhi,28.6139,77.209,2021-04-09,28.14,38.2,17.94,13.5525,28.42,3.654166666666667,1003.9,24.195833333333336,36.0,13.0,16.980066227585954,22.16949929738479,38.211594444444444,34.749212560386475,10.295826288244767,0.0,17.94,19.866666666666667,33.2,24.27361111111112,37.4,25.50333333333333,28.342083333333335,18.656666666666666,1,0,80,0,100.0,55.0,HIGH
Delhi,28.6139,77.209,2021-04-10,28.88625,38.55,19.39,15.580416666666666,28.77,3.5316666666666667,980.6,25.316666666666666,36.7,14.4,18.0346841799596,23.443446310104612,38.66604999999999,36.89439130434783,11.914545893719806,0.0,19.39,21.158333333333335,34.8,24.297222222222228,36.7,25.205833333333334,28.19666666666667,18.599999999999998,1,0,81,0,100.0,57.10000000000001,HIGH
Delhi,28.6139,77.209,2021-04-11,30.1925,40.06,19.23,15.565416666666666,30.16,3.6141666666666663,997.08,27.083333333333332,38.6,14.6,18.90450306028796,23.90773082966251,40.275872222222226,43.04423671497585,13.870440619967795,0.0,19.23,22.8,36.2,25.53194444444445,38.6,25.044166666666666,29.072916666666668,18.853333333333335,1,0,82,0,100.0,62.800000000000004,HIGH
Delhi,28.6139,77.209,2021-04-12,31.28916666666667,39.83,23.25,17.178749999999997,30.04,3.3249999999999997,929.0,28.495833333333334,38.4,19.6,20.092647665410844,24.146446875256206,40.066738888888885,42.36238164251207,15.27636372785829,0.0,23.25,25.05,36.8,26.965277777777782,38.6,25.694166666666668,30.12263888888889,20.623333333333335,1,0,83,0,100.0,65.44999999999999,HIGH
Delhi,28.6139,77.209,2021-04-13,32.24458333333333,40.97,23.35,18.054583333333333,34.05,4.1775,958.72,29.445833333333336,40.2,19.8,21.067601911254265,25.262893913557036,41.34397777777778,48.76170589526049,17.654946970267957,0.0,23.35,25.3,37.5,28.34166666666667,40.2,26.9075,31.24208333333333,21.94333333333333,1,0,84,0,100.0,70.95000000000002,SEVERE
Delhi,28.6139,77.209,2021-04-14,32.78125,41.64,23.44,18.72625,35.8,3.7191666666666667,930.03,30.429166666666664,41.1,19.7,21.643520996068144,25.73767791545338,42.08228333333333,53.078062731867384,19.095147255719024,0.0,23.44,26.7,38.2,29.456944444444446,41.1,28.15416666666667,32.105,23.346666666666664,1,0,85,0,100.0,73.74000000000001,SEVERE
Delhi,28.6139,77.209,2021-04-15,32.42458333333334,41.26,24.51,16.993750000000002,27.81,3.0987500000000003,930.67,29.941666666666666,40.6,20.8,21.136551608749066,26.245661207130862,41.719899999999996,53.03689666487085,18.86678237606642,0.0,24.51,25.983333333333334,38.2,29.938888888888886,41.1,29.079166666666662,32.483472222222225,23.766666666666666,1,0,86,0,100.0,73.31000000000002,SEVERE
Delhi,28.6139,77.209,2021-04-16,32.625,41.64,22.62,25.057083333333335,54.65,3.1445833333333333,890.35,30.504166666666666,41.0,17.9,22.32730011093524,25.981075747428843,42.100561111111105,53.57414994760053,20.978406221509978,1.83,22.62,25.916666666666668,38.9,30.291666666666668,41.1,29.763333333333332,32.61027777777778,23.523333333333337,1,0,87,0,100.0,72.62,SEVERE
Delhi,28.6139,77.209,2021-04-17,29.169583333333332,37.41,21.29,30.68541666666667,55.01,3.827083333333333,926.58,26.40416666666667,35.9,18.6,20.888280877337543,25.311189972723355,37.6496611111111,34.9441447973971,10.897249985613925,0.01,21.29,23.183333333333334,33.5,28.950000000000003,41.0,29.345,31.406388888888895,22.80666666666667,1,0,88,0,100.0,55.989999999999995,HIGH
Delhi,28.6139,77.209,2021-04-18,29.916666666666668,38.1,21.17,24.902916666666666,49.16,3.1875,950.12,27.416666666666668,36.7,19.1,20.64555991392651,25.03061017159164,38.33215555555556,36.69587882395368,12.146117535539133,0.03,21.17,24.175,33.8,28.108333333333338,41.0,28.939166666666665,30.57041666666667,21.69333333333333,1,0,89,0,100.0,58.27000000000001,HIGH
Delhi,28.6139,77.209,2021-04-19,31.162499999999998,39.74,22.41,19.663333333333334,37.11,3.2933333333333334,946.53,28.579166666666666,38.7,19.2,20.660361340678598,25.34645564564288,40.0617388888889,44.14740075335377,15.847034357130275,0.0,22.41,24.400000000000002,36.2,27.46666666666667,38.7,28.569166666666668,30.082916666666666,21.623333333333335,1,0,90,0,100.0,65.51,HIGH
Delhi,28.6139,77.209,2021-04-20,28.207916666666666,35.44,21.31,27.615416666666665,47.79,3.202916666666667,690.67,25.15833333333333,33.6,17.8,19.450930634669245,22.728493733261608,35.380566666666674,26.037449275362327,9.143560386473428,0.09,21.31,23.741666666666664,33.3,27.05138888888889,38.7,27.6125,29.762361111111108,21.63,1,0,91,0,100.0,49.11,MODERATE
Delhi,28.6139,77.209,2021-04-21,27.254583333333333,34.92,19.34,33.19958333333333,59.42,3.6483333333333334,919.22,24.175,32.3,17.5,19.66911027419214,23.66481719557387,34.933377777777785,22.648589371980677,6.293859702093399,1.04,19.34,21.425,30.6,25.970833333333335,38.7,26.34666666666667,28.875,21.02,1,0,92,0,100.0,43.89999999999999,MODERATE
Delhi,28.6139,77.209,2021-04-22,27.82375,34.86,19.66,27.967083333333335,59.45,2.308333333333333,967.38,25.09166666666667,33.6,15.6,19.51336410218579,23.32328312862738,34.84022222222222,25.817584541062807,7.84138123993559,0.01,19.66,21.525000000000002,30.6,24.808333333333337,33.6,26.08416666666667,27.762083333333333,20.103333333333335,1,0,93,0,100.0,47.800000000000004,MODERATE
Delhi,28.6139,77.209,2021-04-23,28.747083333333336,38.2,18.56,29.264166666666668,61.4,4.229166666666667,837.2,24.708333333333332,37.0,14.1,19.906376038825762,24.272109594804352,38.37035,37.36038164251208,11.653430354267313,0.23,18.56,19.275000000000002,32.8,24.658333333333335,37.0,25.5425,27.941805555555558,19.186666666666667,1,0,94,0,100.0,58.0,HIGH
Delhi,28.6139,77.209,2021-04-24,27.625833333333333,36.83,18.38,22.99,61.99,4.617083333333333,1008.03,23.40416666666667,34.6,13.5,18.1930578804638,22.48465463050645,36.795722222222224,30.018019323671503,8.314142713365541,0.0,18.38,18.916666666666668,30.7,24.401388888888892,37.0,24.5075,28.06555555555556,18.866666666666664,1,0,95,0,100.0,50.800000000000004,HIGH
Delhi,28.6139,77.209,2021-04-25,28.978333333333335,39.35,19.12,15.341666666666667,35.39,4.37125,989.7,25.070833333333336,37.9,13.7,18.030389164569936,23.6984248322292,39.523072222222225,40.63962801932367,12.082662037037037,0.0,19.12,19.716666666666665,33.2,24.39444444444445,37.9,24.490000000000002,28.45041666666667,18.686666666666667,1,0,96,0,100.0,60.699999999999996,HIGH
Delhi,28.6139,77.209,2021-04-26,32.07416666666666,41.29,19.84,13.638333333333334,22.97,3.2158333333333338,1025.18,29.641666666666666,40.2,14.8,20.02813479384815,24.730172852112414,41.644800000000004,48.234608695652184,17.21028039452496,0.0,19.84,25.474999999999998,37.2,26.03888888888889,40.2,25.583333333333336,29.55944444444444,19.113333333333333,1,0,97,0,100.0,67.60000000000001,HIGH
Delhi,28.6139,77.209,2021-04-27,33.33958333333333,43.07,24.77,13.68125,22.28,3.313333333333333,961.95,31.104166666666668,42.8,21.2,20.974407416511976,26.117426588964584,43.61533333333333,59.80039570892273,21.908004762625513,0.0,24.77,26.75,40.1,28.605555555555558,42.8,26.785833333333336,31.464027777777773,21.243333333333336,1,0,98,0,100.0,80.16999999999999,SEVERE
Delhi,28.6139,77.209,2021-04-28,34.14,43.9,24.75,15.27625,32.08,3.1612500000000003,887.8,32.050000000000004,43.4,21.5,21.690785169053058,26.16259205747275,44.4972611111111,62.20278583425399,23.817360069385828,0.0,24.75,27.766666666666666,41.2,30.93194444444445,43.4,28.25416666666667,33.18458333333333,23.12,1,0,99,0,100.0,81.94999999999999,SEVERE
Delhi,28.6139,77.209,2021-04-29,34.97875,43.61,26.95,16.900833333333335,31.34,2.84375,889.4,33.50833333333333,43.3,25.1,22.873496543068228,26.91810963497978,44.23753333333334,63.99348832522919,27.419999131823015,0.36,26.95,30.266666666666666,42.1,32.22083333333334,43.4,30.275,34.15277777777778,25.49,1,1,100,1,100.0,83.85,SEVERE
Delhi,28.6139,77.209,2021-04-30,34.428333333333335,42.45,26.21,17.76125,31.04,1.7845833333333332,858.8,32.75416666666667,41.6,24.0,22.68333260779075,26.574785506539556,42.99260555555555,57.63097004618871,25.451309299605224,0.99,26.21,28.40833333333333,39.6,32.770833333333336,43.4,31.811666666666667,34.51569444444445,25.97,1,1,101,2,100.0,78.00999999999999,SEVERE
Delhi,28.6139,77.209,2021-05-01,33.995416666666664,41.73,26.3,19.06833333333333,30.85,1.9433333333333334,860.38,32.44166666666667,41.0,24.5,22.769392412999824,26.656673079528858,42.24316666666667,55.724946774818456,23.58005738625933,0.0,26.3,28.933333333333334,38.5,32.901388888888896,43.3,32.37166666666667,34.467499999999994,26.486666666666668,1,1,102,3,100.0,76.3,SEVERE
Delhi,28.6139,77.209,2021-05-02,33.6425,40.8,27.13,23.290000000000003,34.55,2.2312499999999997,810.45,32.229166666666664,40.4,25.0,23.360878703361056,26.76822173687542,41.28257222222222,53.71057106176643,22.6040761277131,0.04,27.13,29.34166666666667,37.7,32.475,41.6,32.59666666666667,34.022083333333335,26.546666666666667,1,1,103,4,100.0,75.32999999999998,SEVERE
Delhi,28.6139,77.209,2021-05-03,33.818333333333335,40.6,26.62,23.28333333333333,35.55,2.55625,852.05,32.57083333333333,40.1,25.1,23.561960719414554,27.003581613283842,41.09442777777778,53.50783759881403,24.049766064007233,0.0,26.62,30.208333333333332,38.7,32.41388888888889,41.0,32.700833333333335,33.818749999999994,26.683333333333334,1,1,104,5,100.0,73.92,SEVERE
Delhi,28.6139,77.209,2021-05-04,34.595416666666665,42.09,25.53,19.032083333333333,36.29,1.7229166666666667,912.38,33.166666666666664,41.7,22.4,23.2062500552975,27.158905441275945,42.65770555555556,59.34211245909355,27.158959136878064,0.0,25.53,29.108333333333334,40.1,32.65555555555556,41.7,32.6325,34.018750000000004,26.426666666666666,1,1,105,6,100.0,77.63000000000001,SEVERE
Delhi,28.6139,77.209,2021-05-05,33.30958333333333,41.01,24.43,23.095,51.1,2.2029166666666664,903.97,31.454166666666666,40.3,21.7,22.890084106453003,26.74918931167521,41.498688888888886,53.60512349058118,22.64862326704232,0.0,24.43,27.266666666666666,38.4,32.39722222222222,41.7,32.3725,33.907777777777774,25.526666666666667,1,0,106,0,100.0,72.32999999999998,SEVERE
Delhi,28.6139,77.209,2021-05-06,33.00833333333333,41.23,24.36,32.63125,55.26,2.6254166666666667,885.35,31.59166666666667,41.0,21.2,24.13367223895045,27.55486937804634,41.79578333333333,58.03050668486366,23.04421224722969,6.07,24.36,27.116666666666664,37.7,32.07083333333333,41.7,32.2025,33.63777777777778,24.77333333333333,1,0,107,0,100.0,74.36,SEVERE
Delhi,28.6139,77.209,2021-05-07,31.579166666666666,38.01,25.65,33.768750000000004,54.43,1.7758333333333332,897.72,30.375,37.3,24.2,23.535108135792907,26.848294526768676,38.42585555555555,43.730410150354324,17.38333461216286,0.0,25.65,27.391666666666666,35.6,31.140277777777783,41.0,31.831666666666667,32.632361111111116,24.813333333333333,1,1,108,1,100.0,64.54999999999998,HIGH
Delhi,28.6139,77.209,2021-05-08,32.02,38.98,24.29,28.398750000000003,44.62,2.0075,871.1,30.625,38.4,21.6,22.96897422844191,26.289001634359675,39.358122222222214,45.613198139793994,18.61693580705985,0.12,24.29,27.325,36.2,30.86388888888889,41.0,31.442500000000003,32.2025,24.766666666666666,1,0,109,0,100.0,66.48999999999998,HIGH
Delhi,28.6139,77.209,2021-05-09,34.115,40.48,24.41,25.03,46.06,1.9566666666666668,866.95,32.891666666666666,40.1,21.8,24.076735186046136,27.054249161779687,40.975744444444445,53.31556874137771,25.930248666788742,1.26,24.41,29.691666666666666,37.8,31.297222222222228,40.1,31.3875,32.57138888888889,24.78333333333333,1,0,110,0,100.0,71.71,SEVERE
Delhi,28.6139,77.209,2021-05-10,33.81458333333333,40.68,25.67,26.547083333333333,42.0,2.3091666666666666,768.3,32.37916666666667,40.5,22.9,24.069842389686567,27.313605161808077,41.20645,55.544250268032926,25.068960472305076,0.02,25.67,29.183333333333334,39.2,31.965277777777782,40.5,31.5725,33.31652777777778,24.790000000000003,1,1,111,1,100.0,74.17,SEVERE
Delhi,28.6139,77.209,2021-05-11,34.389583333333334,41.26,25.95,23.294583333333335,41.89,2.313333333333333,844.38,33.045833333333334,41.0,22.8,23.981563128722502,27.28611876704421,41.80267222222221,57.23024519002151,26.49615435705246,0.44999999999999996,25.95,29.474999999999998,38.2,32.772222222222226,41.0,31.863333333333333,34.106388888888894,25.343333333333334,1,1,112,2,100.0,75.95,SEVERE
Delhi,28.6139,77.209,2021-05-12,33.4175,40.17,25.91,27.76,49.9,2.4808333333333334,876.65,32.24583333333333,39.9,24.8,24.005405980428574,27.726610224373573,40.71908333333334,54.859468354280146,24.09929775845153,0.61,25.91,29.3,38.0,32.55694444444445,41.0,32.2375,33.87388888888889,25.843333333333334,1,1,113,3,100.0,72.60999999999999,SEVERE
Delhi,28.6139,77.209,2021-05-13,30.866249999999997,35.64,25.27,36.8225,50.93,1.5166666666666666,828.85,29.995833333333334,35.1,24.5,23.506657483418675,26.003671750473277,35.94288333333333,33.339097794773735,14.693695831001948,1.3599999999999999,25.27,27.625,32.2,31.762500000000003,41.0,32.111666666666665,32.89111111111111,25.709999999999997,1,1,114,4,100.0,57.57000000000001,HIGH
Delhi,28.6139,77.209,2021-05-14,32.20916666666667,38.57,25.12,31.09,48.05,1.5833333333333333,946.3,31.337500000000002,38.5,24.5,23.74435642639597,27.28885672221818,39.04263888888889,48.58843007003618,19.7715662773381,0.0,25.12,28.491666666666664,34.4,31.19305555555556,39.9,31.800833333333333,32.16430555555555,25.433333333333334,1,1,115,5,100.0,67.62,HIGH
Delhi,28.6139,77.209,2021-05-15,33.32833333333333,40.29,26.2,26.0125,41.26,1.7770833333333333,854.12,31.77916666666667,39.3,23.4,23.728724526689785,27.48931825368177,40.81870555555555,52.734220461528395,23.01022107394736,0.03,26.2,28.458333333333332,37.4,31.037500000000005,39.3,31.680833333333332,32.13458333333333,25.53,1,1,116,6,100.0,71.1,SEVERE
Delhi,28.6139,77.209,2021-05-16,34.445,41.98,26.64,20.359166666666667,33.31,2.311666666666667,968.53,32.80416666666667,41.5,24.1,23.391003093727253,26.96673121823623,42.51816666666666,58.106642930071,25.350804996936755,0.0,26.64,29.291666666666668,38.3,31.973611111111115,41.5,31.6325,33.3275,25.986666666666668,1,1,117,7,100.0,78.14,SEVERE
Delhi,28.6139,77.209,2021-05-17,33.19708333333333,38.38,26.54,25.368750000000002,50.39,4.377916666666667,461.83,30.479166666666668,37.4,21.7,23.296769185250156,25.359856970366266,38.588977777777785,39.60252743283792,18.35151029888789,0.0,26.54,27.558333333333334,36.9,31.6875,41.5,31.27916666666667,33.65680555555556,26.459999999999997,1,1,118,8,100.0,65.74,HIGH
Delhi,28.6139,77.209,2021-05-18,29.43166666666667,33.92,23.77,41.89208333333333,62.29,4.704583333333333,251.02,26.28333333333333,31.1,19.3,22.855888762910478,25.214904159156667,34.03286666666667,18.865536231884064,7.236133744967496,2.15,23.77,24.083333333333332,30.5,29.855555555555558,41.5,30.53666666666667,32.35791666666666,25.649999999999995,0,0,0,0,0.0,19.070000000000004,LOW
Delhi,28.6139,77.209,2021-05-19,24.787499999999998,31.49,21.28,74.49083333333333,92.91,6.62625,245.98,20.145833333333332,28.1,13.0,22.2316638486722,24.533942643240977,31.70897222222222,9.34475845410628,1.1050037273008861,69.14,21.28,19.066666666666666,28.1,25.63611111111111,37.4,28.298333333333336,29.138749999999998,23.863333333333333,0,0,0,0,0.0,7.580000000000005,LOW
Delhi,28.6139,77.209,2021-05-20,24.989583333333332,30.46,21.07,72.28625,90.49,5.247916666666667,694.83,22.25,28.0,14.4,22.339297708962675,25.242923428009156,31.86333285939797,9.705066533731902,1.6723617886787159,18.77,21.07,18.900000000000002,22.0,22.89305555555556,31.1,26.392500000000002,26.402916666666666,22.040000000000003,0,0,0,0,0.0,7.07,LOW
Delhi,28.6139,77.209,2021-05-21,28.752916666666668,34.97,21.5,55.98833333333334,81.97,1.7691666666666668,852.78,28.483333333333334,35.1,21.6,23.90922590458175,26.962648814194743,35.40119444444444,35.901096201038335,13.33404366088319,8.48,21.5,25.53333333333333,33.5,23.626388888888886,35.1,25.52833333333333,26.176666666666662,21.283333333333335,1,0,1,0,12.0,31.800000000000004,MODERATE
Delhi,28.6139,77.209,2021-05-22,29.547083333333333,36.73,21.56,50.343333333333334,72.34,2.8529166666666668,967.28,28.358333333333334,36.2,20.1,23.975602663620304,27.91619993382019,37.270088888888885,42.62393313479391,15.219299210155418,0.01,21.56,24.875,34.7,26.36388888888889,36.2,25.104166666666668,27.76319444444444,21.376666666666665,1,0,2,0,24.0,38.16000000000001,MODERATE
Delhi,28.6139,77.209,2021-05-23,28.59375,36.37,21.67,43.17416666666667,72.27,3.135,853.33,26.3,35.4,17.3,22.121570646493083,25.33756267989801,36.58817222222222,32.777765334380014,9.8345734493848,0.0,21.67,22.5,32.3,27.713888888888892,36.2,25.1075,28.964583333333334,21.576666666666668,1,0,3,0,36.0,38.87,MODERATE
Delhi,28.6139,77.209,2021-05-24,29.325833333333335,37.26,22.19,37.6875,54.89,5.769583333333333,991.6,25.849999999999998,36.4,16.8,22.019107780658743,25.840759306332394,37.52669999999999,37.52698773930064,11.234395655554145,0.0,22.19,21.508333333333336,32.6,26.836111111111112,36.4,26.248333333333335,29.155555555555555,21.80666666666667,1,0,4,0,48.0,45.38999999999999,MODERATE
Delhi,28.6139,77.209,2021-05-25,31.27916666666667,40.37,23.12,35.800000000000004,52.85,5.445416666666667,1024.03,28.920833333333334,40.8,17.3,23.306920704754003,27.45002832575733,40.87902777777778,55.838384697821155,18.67883835124557,0.0,23.12,24.233333333333334,36.6,27.023611111111112,40.8,27.582500000000003,29.732916666666664,22.326666666666668,1,0,5,0,60.0,62.519999999999996,HIGH
Delhi,28.6139,77.209,2021-05-26,32.65916666666667,40.63,24.23,33.18208333333333,51.96,3.43625,983.12,31.287499999999998,40.5,21.5,24.213031417637534,28.07757286741716,41.21933888888889,57.74128355420446,23.001920318182936,0.0,24.23,27.650000000000002,38.6,28.686111111111114,40.8,28.143333333333334,31.088055555555556,23.179999999999996,1,0,6,0,72.0,65.73,HIGH
Delhi,28.6139,77.209,2021-05-27,32.9425,41.35,23.32,30.79041666666667,50.28,2.5466666666666664,948.78,31.52916666666667,41.1,19.9,23.852852645163264,27.483709326371493,41.91342222222223,58.16932121582947,24.76734625000545,0.0,23.32,26.375,38.5,30.57916666666667,41.1,28.777500000000003,32.29361111111111,23.55666666666667,1,0,7,0,84.0,69.62,HIGH
Delhi,28.6139,77.209,2021-05-28,31.897499999999997,39.86,23.47,42.220416666666665,77.76,3.315,964.83,30.15416666666667,40.0,19.9,24.724357510738013,28.218337684627198,40.45354444444444,56.32420957231373,21.293425219988997,0.27,23.47,25.308333333333334,35.5,30.99027777777778,41.1,29.548333333333336,32.499722222222225,23.673333333333332,1,0,8,0,96.0,69.47,HIGH
Delhi,28.6139,77.209,2021-05-29,31.998333333333335,39.0,24.94,51.59041666666667,76.61,5.139583333333333,925.62,30.0625,38.9,21.7,26.37098141153946,29.942583864260612,39.80233888888888,58.210220191815644,23.678055953254386,0.36,24.94,25.78333333333333,34.8,30.58194444444445,41.1,30.390833333333337,32.279444444444444,23.91,1,0,9,0,100.0,68.63999999999999,HIGH
Delhi,28.6139,77.209,2021-05-30,32.50125,38.74,25.32,51.678333333333335,74.92,2.5479166666666666,906.6,32.34583333333333,39.6,22.2,26.922636310067446,29.959136137110022,40.36889004334315,59.67741110627537,29.665534727265364,0.46,25.32,28.38333333333333,34.3,30.85416666666667,40.0,31.075833333333332,32.13236111111111,24.576666666666668,1,1,10,1,100.0,71.12,SEVERE
Delhi,28.6139,77.209,2021-05-31,34.97625,41.08,27.8,40.73708333333334,72.61,1.6529166666666668,919.38,35.300000000000004,41.7,28.3,27.3335445086795,29.7173918715296,41.84332777777777,66.05115818435016,38.358355198320126,16.169999999999998,27.8,32.00833333333333,39.3,32.56944444444445,41.7,31.878333333333337,33.15861111111111,26.02,1,1,11,2,100.0,79.9,SEVERE
Delhi,28.6139,77.209,2021-06-01,30.859166666666667,36.19,24.91,43.36291666666667,77.59,1.91,748.08,30.316666666666666,35.8,24.4,24.31691221096196,26.788367415422666,36.58731111111111,38.11960949264479,16.625721298571893,2.41,24.91,27.75,33.6,32.654166666666676,41.7,31.635833333333334,32.77888888888889,26.01,1,0,12,0,100.0,59.30999999999999,HIGH
Delhi,28.6139,77.209,2021-06-02,32.17458333333334,38.42,25.41,40.72833333333333,59.81,1.6358333333333333,793.45,31.90833333333333,38.6,25.4,25.04648464242133,28.112484244460283,38.987566666666666,51.26142374787361,22.67465234978177,0.0,25.41,28.924999999999997,35.9,32.50833333333334,41.7,31.986666666666668,32.67,26.040000000000003,1,1,13,1,100.0,68.21000000000001,HIGH
Delhi,28.6139,77.209,2021-06-03,32.49,38.37,26.8,41.41375,59.66,1.7854166666666667,924.55,32.275,38.4,26.8,25.422676730828048,27.62305619259997,38.87773333333334,49.19763234591586,24.03727400099146,0.0,26.8,29.491666666666664,35.7,31.5,38.6,32.42916666666666,31.841250000000002,25.706666666666667,1,1,14,2,100.0,68.99999999999999,HIGH
Delhi,28.6139,77.209,2021-06-04,34.26125,40.19,27.46,41.1075,61.69,1.67375,859.78,34.604166666666664,40.8,27.7,26.916456822880264,29.687218231523055,40.95179999999999,63.19365469456915,35.2929011050936,1.63,27.46,32.016666666666666,38.7,32.92916666666667,40.8,32.880833333333335,32.975277777777784,26.55666666666667,1,1,15,3,100.0,76.85999999999999,SEVERE
Delhi,28.6139,77.209,2021-06-05,34.155,40.46,27.59,43.940416666666664,69.27,2.685,902.0,33.920833333333334,41.2,27.6,27.1930751273446,29.90561662941635,41.24775555555555,65.1062025452539,34.24972903713672,0.18,27.59,30.974999999999998,39.0,33.6,41.2,32.605,33.635416666666664,27.28333333333333,1,1,16,4,100.0,78.19000000000001,SEVERE
Delhi,28.6139,77.209,2021-06-06,33.76291666666666,39.54,27.46,42.3925,69.02,2.2654166666666664,944.65,33.645833333333336,39.8,27.1,26.704835517445428,29.320749869296222,40.25455555555556,58.94291632311227,31.816609406053118,0.0,27.46,31.03333333333333,37.8,34.05694444444445,41.2,33.27083333333333,34.05972222222222,27.503333333333334,1,1,17,5,100.0,73.85999999999999,SEVERE
Delhi,28.6139,77.209,2021-06-07,35.14791666666667,41.66,28.07,40.82625,58.62,3.795,901.3,34.8375,42.5,26.9,27.66034376618956,30.763938276194885,42.54738888888888,71.8289693282983,38.990952538796186,0.0,28.07,31.375,39.6,34.13472222222223,42.5,33.85666666666667,34.35527777777778,27.706666666666667,1,1,18,6,100.0,82.57,SEVERE
Delhi,28.6139,77.209,2021-06-08,36.187916666666666,42.79,29.46,36.391666666666666,51.36,6.029583333333334,889.4,35.74166666666667,45.4,26.6,27.868937434141927,31.119971364339392,43.73712222222222,81.41393341668967,42.17900701360632,0.0,29.46,31.833333333333332,43.6,34.741666666666674,45.4,34.55,35.032916666666665,28.330000000000002,1,1,19,7,100.0,92.66,EXTREME
Delhi,28.6139,77.209,2021-06-09,36.803333333333335,43.11,29.42,40.52166666666667,61.42,3.47125,836.83,37.112500000000004,44.2,26.6,29.05625251959397,31.939667737062607,44.86309610955222,81.23269403244387,50.80046266101481,0.49,29.42,33.266666666666666,42.0,35.897222222222226,45.4,35.05166666666666,36.04638888888889,28.983333333333334,1,1,20,8,100.0,89.02000000000001,EXTREME
Delhi,28.6139,77.209,2021-06-10,32.940416666666664,38.95,27.44,55.81041666666667,78.76,3.8579166666666667,822.38,32.737500000000004,39.9,27.3,27.812333537770666,30.63604589610642,41.62952011115015,62.79834872111586,33.222897743853686,6.03,27.44,30.700000000000003,37.7,35.19722222222223,45.4,34.815000000000005,35.31055555555556,28.773333333333337,1,1,21,9,100.0,74.13999999999999,SEVERE
Delhi,28.6139,77.209,2021-06-11,32.53875,38.96,27.4,55.41166666666667,79.0,3.5375,829.42,32.12083333333333,39.3,26.7,27.34692182772886,29.785669710571074,39.74241111111111,58.68736661963592,29.57971551232337,2.07,27.4,29.375,36.3,33.990277777777784,44.2,34.510000000000005,34.094166666666666,28.08666666666667,1,1,22,10,100.0,72.29999999999998,SEVERE
Delhi,28.6139,77.209,2021-06-12,32.19083333333334,38.28,25.53,61.06041666666667,88.31,3.549166666666667,840.9,31.912499999999998,39.7,24.7,27.723515969671595,30.724570214790088,44.19967621788349,66.15838465878579,31.838972881404416,12.04,25.53,29.483333333333334,39.0,32.25694444444445,39.9,33.925,32.556666666666665,26.790000000000003,1,1,23,11,100.0,71.63000000000001,SEVERE
Delhi,28.6139,77.209,2021-06-13,32.44583333333333,37.04,25.75,57.109166666666674,87.65,2.3920833333333333,719.88,33.170833333333334,36.7,26.0,27.598783636913435,29.766416723502523,41.74421157464459,53.620303713676776,34.1482304388937,0.77,25.75,30.816666666666666,36.7,32.40138888888889,39.7,33.410833333333336,32.39180555555556,26.22666666666667,1,1,24,12,100.0,62.85000000000001,HIGH
Delhi,28.6139,77.209,2021-06-14,33.007083333333334,39.16,25.46,44.84708333333333,84.49,1.96125,900.17,33.02916666666667,39.2,25.2,26.171470408113745,28.27954331880864,39.74934444444444,53.84467905291863,28.20378048844526,0.03,25.46,30.258333333333336,37.5,32.70416666666667,39.7,32.59416666666667,32.54791666666667,25.58,1,1,25,13,100.0,70.06,SEVERE
Delhi,28.6139,77.209,2021-06-15,33.586666666666666,40.27,25.62,45.61041666666667,85.2,2.6504166666666666,854.05,33.49583333333333,40.6,25.0,26.966700916637762,30.366240746165566,41.11473888888889,64.87240822883487,32.106951542668405,1.31,25.62,30.616666666666664,37.5,33.231944444444444,40.6,32.74583333333333,33.013194444444444,25.61,1,1,26,14,100.0,74.42000000000002,SEVERE
Delhi,28.6139,77.209,2021-06-16,31.46875,36.28,27.38,55.82458333333333,70.52,1.3695833333333332,651.65,32.266666666666666,37.1,28.1,26.58020877596528,28.950046763385302,39.80419375775952,50.734221818642446,26.98675138899496,3.5399999999999996,27.38,29.858333333333334,34.0,32.93055555555555,40.6,32.775,32.6875,26.153333333333332,1,1,27,15,100.0,65.68,HIGH
Delhi,28.6139,77.209,2021-06-17,31.571250000000003,35.0,26.45,56.33083333333334,71.19,1.39875,650.62,32.612500000000004,35.8,27.6,26.78831479394943,29.02464621888072,40.051328340487416,47.92291982228338,29.304734862978847,23.98,26.45,31.150000000000002,35.6,32.791666666666664,40.6,32.915,32.208888888888886,26.483333333333334,1,1,28,16,100.0,60.84999999999999,HIGH
Delhi,28.6139,77.209,2021-06-18,31.031666666666666,36.7,26.35,59.45249999999999,77.42,2.1720833333333336,785.53,31.625,37.0,28.0,26.524648617276725,29.125553751707635,39.863456670714186,49.14631851747458,24.943011771811005,6.03,26.35,30.38333333333333,35.9,32.168055555555554,37.1,32.60583333333333,31.357222222222223,26.72666666666667,1,1,29,17,100.0,64.35,HIGH
Delhi,28.6139,77.209,2021-06-19,29.816666666666666,33.66,25.24,62.3725,82.33,2.10125,647.62,30.4375,33.4,27.4,25.800781145803857,27.833379633641506,37.14369872987492,35.820746492120094,18.889263051554366,6.88,25.24,29.766666666666666,33.1,31.558333333333337,37.0,32.0875,30.806527777777777,26.013333333333335,1,1,30,18,100.0,52.44,HIGH
Delhi,28.6139,77.209,2021-06-20,30.94333333333333,35.58,25.58,61.484166666666674,81.28,2.20125,658.85,31.78333333333333,35.5,27.3,26.753653158038983,29.292333579290553,40.6655307845683,48.26007098532235,26.601179697457983,2.0,25.58,29.808333333333334,33.9,31.281944444444445,37.0,31.745000000000005,30.597222222222218,25.723333333333333,1,1,31,19,100.0,59.08,HIGH
Delhi,28.6139,77.209,2021-06-21,33.24666666666666,39.19,26.57,43.96625,76.0,2.4304166666666664,877.15,33.125,39.0,26.4,26.436423027832607,28.954714161049154,39.855716666666666,55.38050488565784,29.368228267895777,0.19,26.57,30.2,35.7,31.781944444444445,39.0,31.916666666666664,31.335555555555555,25.796666666666667,1,1,32,20,100.0,70.57,SEVERE
Delhi,28.6139,77.209,2021-06-22,34.15291666666666,40.58,27.25,42.81916666666667,63.51,2.910833333333333,863.72,34.016666666666666,40.7,27.3,27.04742971777903,29.689791659988426,41.34346111111111,63.29194985919234,34.17125652629378,0.0,27.25,30.916666666666668,37.7,32.975,40.7,32.197500000000005,32.780972222222225,26.46666666666667,1,1,33,21,100.0,76.35000000000001,SEVERE
Delhi,28.6139,77.209,2021-06-23,34.089999999999996,40.72,27.12,42.42583333333334,66.57,1.7354166666666666,841.55,34.06666666666667,41.2,26.5,26.80570464673259,29.583070657553204,41.47317777777778,64.33458395333595,33.36166403328179,0.0,27.12,31.066666666666666,39.6,33.736111111111114,41.2,32.685833333333335,33.82986111111111,26.98,1,1,34,22,100.0,77.72000000000001,SEVERE
Delhi,28.6139,77.209,2021-06-24,33.51083333333333,39.71,26.1,46.57833333333334,75.76,2.2087499999999998,753.53,33.520833333333336,40.2,26.0,26.979298591194816,29.754643245939665,40.47837222222222,61.377791205168265,32.1611946881578,3.24,26.1,30.241666666666664,37.8,33.86805555555556,41.2,33.302499999999995,33.91791666666666,26.823333333333334,1,1,35,23,100.0,73.70000000000002,SEVERE
Delhi,28.6139,77.209,2021-06-25,33.218333333333334,40.36,25.06,42.93125,72.29,2.60875,884.47,32.733333333333334,40.4,23.2,26.118844884319447,29.177492228810394,41.04271111111112,60.55256022661905,29.31882234600784,0.43000000000000005,25.06,28.691666666666666,38.5,33.44027777777778,41.2,33.4925,33.60638888888889,26.093333333333334,1,1,36,24,100.0,73.25999999999999,SEVERE
Delhi,28.6139,77.209,2021-06-26,32.62291666666667,39.18,25.32,43.708333333333336,69.08,1.5891666666666666,876.1,32.68333333333333,39.4,26.1,25.759926760043452,28.49314485349165,39.79484444444444,55.1053862512962,26.44876990889995,0.64,25.32,29.5,36.8,32.979166666666664,40.4,33.40416666666667,33.11736111111111,25.493333333333336,1,1,37,25,100.0,70.51999999999998,SEVERE
Delhi,28.6139,77.209,2021-06-27,33.8275,40.11,27.08,45.37583333333333,74.14,1.9808333333333332,827.85,34.270833333333336,40.4,27.6,27.06181796426439,29.68306825976464,40.86719444444444,61.95655704547586,34.429112619563305,0.0,27.08,31.508333333333336,38.4,33.229166666666664,40.4,33.455,33.22291666666667,25.819999999999997,1,1,38,26,100.0,75.27999999999999,SEVERE
Delhi,28.6139,77.209,2021-06-28,34.884166666666665,40.43,27.96,40.373333333333335,72.76,1.5841666666666667,836.05,35.266666666666666,41.0,29.0,27.388077054989733,29.887904867111494,41.21762777777778,64.52686919070646,38.39069128756484,0.0,27.96,32.574999999999996,39.1,34.07361111111111,41.0,33.695,33.778194444444445,26.786666666666665,1,1,39,27,100.0,77.96,SEVERE
Delhi,28.6139,77.209,2021-06-29,35.695,43.39,29.03,33.97375,55.6,4.12,917.22,35.00833333333333,44.8,26.3,26.925248293189437,30.53399210885746,44.27727222222222,78.34307777584775,37.188729695455,0.0,29.03,31.358333333333334,40.8,34.848611111111104,44.8,33.99249999999999,34.80222222222222,28.023333333333337,1,1,40,28,100.0,90.42999999999999,EXTREME
Delhi,28.6139,77.209,2021-06-30,36.88791666666666,44.31,29.65,33.861666666666665,50.43,5.630416666666666,867.97,36.72083333333333,47.3,26.4,27.94991567066592,31.26647922588757,45.30546111111112,84.68169371631006,44.81478291562944,0.0,29.65,32.6,44.5,35.66527777777778,47.3,34.79,35.82236111111111,28.88,1,1,41,29,100.0,94.64999999999999,EXTREME
Delhi,28.6139,77.209,2022-04-01,28.95958333333333,39.02,19.49,21.470416666666665,46.97,3.495416666666667,979.67,26.175,37.4,15.3,19.016856375807084,23.384878775850932,39.15902777777777,39.07306763285023,11.602645128824477,0.0,19.49,22.066666666666666,34.8,32.63472222222222,47.3,33.48833333333333,33.8475,26.05666666666666,1,0,42,0,100.0,59.199999999999996,HIGH
Delhi,28.6139,77.209,2022-04-02,28.964166666666667,39.79,18.79,21.375833333333333,34.84,2.585,967.22,25.8,38.4,13.1,18.956999995027545,24.003745136892405,40.014383333333335,42.31685507246377,13.462176328502416,0.0,18.79,21.041666666666668,36.4,29.565277777777776,47.3,31.794166666666673,31.60388888888889,22.64333333333333,1,0,43,0,100.0,62.19999999999999,HIGH
Delhi,28.6139,77.209,2022-04-03,30.56458333333333,41.15,18.09,17.1275,35.85,2.486666666666667,980.5,28.112499999999997,39.8,12.7,19.469080405339213,24.18288047583873,41.461555555555556,47.07526570048309,14.648133856682769,0.0,18.09,23.125,35.5,26.695833333333336,39.8,30.363333333333333,29.49611111111111,18.790000000000003,1,0,44,0,100.0,66.39999999999999,HIGH
Delhi,28.6139,77.209,2022-04-04,29.294166666666666,40.35,19.9,19.570833333333333,33.28,3.5529166666666665,975.05,26.09166666666667,39.0,15.4,18.81963792810939,23.953686047888176,40.6014,44.327304347826086,13.461248188405797,0.0,19.9,21.01666666666667,36.7,26.668055555555554,39.8,28.580000000000002,29.60763888888889,18.926666666666666,1,0,45,0,100.0,64.0,HIGH
Delhi,28.6139,77.209,2022-04-05,29.961250000000003,40.85,19.95,19.48,34.03,3.2583333333333333,951.08,27.254166666666666,39.6,15.9,19.329122126906555,24.189473358573032,41.145133333333334,46.30011594202899,14.637613727858295,0.0,19.95,22.90833333333333,37.3,27.152777777777775,39.8,26.686666666666667,29.939999999999998,19.313333333333333,1,0,46,0,100.0,65.8,HIGH
Delhi,28.6139,77.209,2022-04-06,31.302083333333332,41.27,21.65,17.439583333333335,32.61,2.67125,921.1,29.316666666666666,40.1,19.1,20.087471059398876,24.543930143123582,41.61026666666666,47.95457971014493,16.33764694041868,0.0,21.65,25.25,38.3,27.554166666666664,40.1,27.314999999999998,30.185833333333335,20.499999999999996,1,0,47,0,100.0,68.94999999999999,HIGH
Delhi,28.6139,77.209,2022-04-07,31.989166666666666,41.7,23.66,18.41875,29.42,2.60125,957.08,30.183333333333334,40.9,21.8,20.88676293796694,25.404816003245557,42.12243333333334,51.61439003872218,18.25800132923033,0.0,23.66,25.900000000000002,38.4,28.918055555555554,40.9,28.19166666666667,31.084166666666665,21.75333333333333,1,0,48,0,100.0,73.35999999999999,SEVERE
Delhi,28.6139,77.209,2022-04-08,33.66291666666667,42.9,24.07,15.362916666666665,30.33,1.8791666666666667,972.22,32.12916666666667,42.1,22.4,21.511844377494423,25.67281199571477,43.407444444444444,56.535778982313396,22.208883105929033,0.0,24.07,28.316666666666666,39.9,30.543055555555558,42.1,28.995000000000005,32.31805555555555,23.126666666666665,1,0,49,0,100.0,77.37,SEVERE
Delhi,28.6139,77.209,2022-04-09,33.194583333333334,43.38,23.42,17.32166666666667,29.4,2.785833333333333,942.9,31.1375,42.9,19.6,21.522882643049275,26.391671249915795,43.96051111111111,61.173284281148355,22.5262237169969,0.0,23.42,26.525000000000002,41.0,31.150000000000002,42.9,30.00416666666667,32.94888888888889,23.71666666666667,1,0,50,0,100.0,79.11999999999999,SEVERE
Delhi,28.6139,77.209,2022-04-10,32.93833333333333,43.82,23.17,16.440833333333334,29.8,3.7458333333333336,930.85,30.745833333333334,43.9,19.6,21.072953195028997,26.304001026345947,44.41709444444445,63.63176770971682,22.066202831058742,0.0,23.17,26.075,41.6,31.337500000000002,43.9,30.702500000000004,33.265277777777776,23.553333333333338,1,0,51,0,100.0,81.86999999999999,SEVERE
Delhi,28.6139,77.209,2022-04-11,34.952083333333334,43.78,24.94,14.251666666666667,25.55,2.405,948.5,33.46666666666667,43.4,22.8,22.319494109085724,26.70695778989048,44.40181666666667,63.68471990167919,27.164450796370474,0.0,24.94,29.333333333333332,41.3,31.783333333333335,43.9,31.532500000000006,33.695,23.843333333333334,1,0,52,0,100.0,82.13999999999999,SEVERE
Delhi,28.6139,77.209,2022-04-12,33.37583333333333,42.93,23.76,15.3975,27.04,2.3408333333333333,669.83,31.349999999999998,42.3,20.7,21.433493287653448,26.327427906306575,43.48378888888889,59.06601318751875,21.431424191604957,0.0,23.76,27.175,38.3,31.854166666666668,43.9,31.765833333333337,33.75541666666667,23.956666666666667,1,0,53,0,100.0,77.66,SEVERE
Delhi,28.6139,77.209,2022-04-13,32.38458333333333,41.9,22.68,18.82375,30.98,2.815416666666667,935.85,29.929166666666664,41.2,19.1,21.305156210014683,26.111305954773638,42.38133888888888,54.7089951590069,19.5615441207902,0.0,22.68,25.25,38.5,31.581944444444446,43.4,31.325833333333332,33.57083333333333,23.793333333333333,1,0,54,0,100.0,73.28,SEVERE
Delhi,28.6139,77.209,2022-04-14,31.942083333333333,41.73,22.84,17.90041666666667,33.21,3.3920833333333333,900.0,29.354166666666668,41.1,19.0,20.81554271798311,26.236553906456237,42.21183333333334,54.68734287878901,18.871289649258546,0.03,22.84,24.516666666666666,38.5,30.211111111111112,42.3,30.969166666666666,32.567499999999995,23.093333333333334,1,0,55,0,100.0,73.14000000000001,SEVERE
Delhi,28.6139,77.209,2022-04-15,31.715833333333332,41.43,22.94,17.44666666666667,33.2,3.43375,914.62,29.020833333333332,40.6,19.4,20.562576508947704,25.910940438159948,41.86877777777777,51.967413840255944,17.409939917481378,0.0,22.94,24.891666666666666,37.7,29.434722222222224,41.2,30.624166666666667,32.01416666666666,22.819999999999997,1,0,56,0,100.0,71.74000000000001,SEVERE
Delhi,28.6139,77.209,2022-04-16,31.943749999999998,41.9,21.98,16.020833333333332,30.39,2.6966666666666668,961.33,29.287499999999998,40.9,17.8,20.235712112705613,25.25092629433368,42.32337222222221,51.32745038058557,18.897413809807677,0.0,21.98,24.708333333333332,38.8,29.220833333333335,41.1,29.788333333333334,31.86722222222222,22.58666666666667,1,0,57,0,100.0,71.67999999999999,SEVERE
Delhi,28.6139,77.209,2022-04-17,32.641666666666666,42.23,21.97,15.410000000000002,30.07,2.8158333333333334,951.92,30.0625,41.4,18.1,20.72213394362888,25.561575740129374,42.69211666666667,53.830046060967824,20.054957891309083,0.0,21.97,25.575,39.4,29.456944444444446,41.4,29.530833333333334,32.10041666666667,22.296666666666667,1,0,58,0,100.0,73.16999999999999,SEVERE
Delhi,28.6139,77.209,2022-04-18,34.9925,43.82,23.24,12.67,25.84,2.5504166666666666,936.83,33.270833333333336,43.9,19.2,21.92188871664142,26.37330911036177,44.42492777777778,64.02203844219642,27.147623866525446,0.0,23.24,28.958333333333332,40.4,30.873611111111114,43.9,30.199166666666667,33.19263888888889,22.396666666666665,1,0,59,0,100.0,81.93999999999998,SEVERE
Delhi,28.6139,77.209,2022-04-19,34.767916666666665,43.86,26.28,15.887500000000001,26.19,3.8841666666666668,912.5,32.666666666666664,43.7,22.3,22.556544698479232,27.396607042888462,44.5282,66.46847475669291,26.60257185527006,0.0,26.28,28.316666666666666,41.7,32.0,43.9,30.861666666666668,34.13402777777778,23.83,1,1,60,1,100.0,84.38000000000001,SEVERE
Delhi,28.6139,77.209,2022-04-20,34.90375,43.29,25.97,17.722083333333334,27.1,4.649166666666667,943.4,33.170833333333334,44.6,22.1,23.09112876132683,27.177997561832292,43.91738888888889,67.74476563235677,27.12417421708459,0.0,25.97,29.066666666666666,41.7,33.03611111111112,44.6,31.69166666666667,34.88805555555555,25.16333333333333,1,1,61,2,100.0,86.77,EXTREME
Delhi,28.6139,77.209,2022-04-21,29.58375,35.69,23.37,35.888333333333335,54.39,3.297083333333333,425.27,27.254166666666666,34.3,21.9,22.140321012710377,25.132289014309045,35.88743333333333,28.6842725964733,9.250460836219265,0.07,23.37,24.258333333333336,31.4,31.030555555555555,44.6,31.285000000000004,33.085138888888885,25.206666666666667,1,0,62,0,100.0,53.26999999999999,HIGH
Delhi,28.6139,77.209,2022-04-22,31.891666666666666,40.53,23.22,21.87125,55.08,2.42125,914.38,29.816666666666666,40.1,21.1,21.587166117620715,26.550635238429297,40.98191666666666,52.060094121084994,18.608154217407844,0.0,23.22,25.883333333333336,37.7,30.08055555555556,44.6,31.235833333333336,32.12638888888889,24.186666666666667,1,0,63,0,100.0,70.52,SEVERE
Delhi,28.6139,77.209,2022-04-23,32.361666666666665,41.29,23.81,16.407083333333333,30.42,3.3179166666666666,962.2,30.025000000000002,40.4,20.3,20.808200492799347,25.25830296677664,41.67639444444445,49.35562612775152,18.54012804874545,0.0,23.81,26.15833333333333,38.2,29.031944444444445,40.4,30.586666666666666,31.27902777777778,23.46666666666667,1,0,64,0,100.0,72.00999999999999,SEVERE
Delhi,28.6139,77.209,2022-04-24,32.92791666666667,41.88,23.63,15.84875,27.87,4.7629166666666665,967.92,31.104166666666668,43.4,20.2,21.187853741839373,25.7761710463987,42.33714444444445,59.16516048219127,21.45555180088596,0.0,23.63,26.416666666666668,38.8,30.31527777777778,43.4,30.274166666666666,32.393750000000004,23.55333333333333,1,0,65,0,100.0,80.82999999999998,SEVERE
Delhi,28.6139,77.209,2022-04-25,34.56166666666667,42.74,24.61,15.666666666666666,22.08,3.327083333333333,929.9,33.00416666666667,43.1,21.5,22.503897186878763,26.961506281583752,43.32387777777778,62.82919517325368,26.017445944294835,0.0,24.61,29.666666666666668,39.7,31.37777777777778,43.4,30.24083333333333,33.283750000000005,24.016666666666666,1,0,66,0,100.0,80.91000000000001,SEVERE
Delhi,28.6139,77.209,2022-04-26,34.21666666666667,43.09,26.78,14.533333333333333,22.85,3.737083333333333,939.0,32.38333333333333,43.4,23.7,21.911713259878272,26.703254985673343,43.67493333333334,63.109706986005534,24.432089626974655,0.0,26.78,28.708333333333332,40.9,32.16388888888889,43.4,31.26666666666667,33.90208333333334,25.006666666666664,1,1,67,1,100.0,83.97999999999999,SEVERE
Delhi,28.6139,77.209,2022-04-27,34.60333333333333,43.93,26.26,11.485,18.79,3.4895833333333335,974.38,32.75833333333333,44.4,22.7,21.34670215812615,26.32070943685062,44.53809444444445,65.21264521876442,25.747588506771137,0.0,26.26,28.366666666666664,41.3,32.71527777777778,44.4,31.855,34.46055555555555,25.883333333333336,1,1,68,2,100.0,86.46,EXTREME
Delhi,28.6139,77.209,2022-04-28,36.44833333333333,45.85,26.91,11.170833333333334,23.43,2.5825,952.2,34.791666666666664,45.7,24.2,22.514371033022638,27.473486609209715,46.64278333333333,73.75114098704944,32.49304152211949,0.0,26.91,30.224999999999998,43.4,33.31111111111111,45.7,32.80833333333333,35.089444444444446,26.650000000000002,1,1,69,3,100.0,91.01,EXTREME
Delhi,28.6139,77.209,2022-04-29,36.43416666666666,46.22,26.91,12.564583333333333,24.04,3.984583333333333,942.92,34.704166666666666,47.0,23.0,22.959681660398243,28.253628820909974,47.08085555555555,77.22249998929996,33.431302603005825,0.0,26.91,29.758333333333336,44.4,34.08472222222222,47.0,33.528333333333336,35.828611111111115,26.69333333333333,1,1,70,4,100.0,91.91,EXTREME
Delhi,28.6139,77.209,2022-04-30,37.09041666666666,45.85,26.75,10.987083333333333,19.5,2.6141666666666667,947.67,35.31666666666667,45.7,23.2,22.96588677874817,27.501090658047573,46.64435,73.83531545240359,34.678769865146975,0.0,26.75,30.275000000000002,43.7,34.9375,47.0,33.99083333333333,36.65763888888889,26.856666666666666,1,1,71,5,100.0,90.85000000000001,EXTREME
Delhi,28.6139,77.209,2022-05-01,35.3075,44.19,27.26,15.081249999999999,28.24,4.578333333333333,924.88,32.49583333333333,43.8,22.1,22.760813309938527,27.27047162551301,44.87266111111111,66.85285932098347,26.70090878835515,0.0,27.26,27.425,40.3,34.172222222222224,47.0,34.013333333333335,36.27736111111111,26.973333333333333,1,1,72,6,100.0,85.66,EXTREME
Delhi,28.6139,77.209,2022-05-02,35.27625,43.62,26.89,20.349166666666665,33.65,3.7762499999999997,911.03,33.22083333333333,43.5,22.0,23.979518639376128,28.368223404317206,44.34827777777777,68.94012915014967,29.420285765971343,0.0,26.89,28.633333333333336,41.2,33.67777777777778,45.7,34.10583333333334,35.89138888888889,26.96666666666667,1,1,73,7,100.0,84.39,SEVERE
Delhi,28.6139,77.209,2022-05-03,35.093333333333334,42.45,26.94,23.6725,38.12,2.43125,768.08,33.21666666666667,41.3,23.1,24.54171493336133,27.95494160760772,43.086866666666666,60.719175998699534,28.26280315995793,0.0,26.94,29.291666666666668,39.4,32.97777777777778,43.8,33.79083333333334,35.22569444444445,27.03,1,1,74,8,100.0,77.83999999999999,SEVERE
Delhi,28.6139,77.209,2022-05-04,34.649166666666666,42.49,26.15,27.8575,54.02,2.6808333333333336,817.4,33.358333333333334,42.3,25.1,24.657683967446584,27.960105240369714,43.132172222222216,63.37736000237988,28.170313354403827,5.07,26.15,29.525000000000002,40.6,33.265277777777776,43.5,33.52166666666666,35.00625,26.66,1,1,75,9,100.0,80.04999999999998,SEVERE
Delhi,28.6139,77.209,2022-05-05,32.675000000000004,39.22,26.5,33.1675,53.91,2.285416666666667,868.72,31.804166666666664,38.9,24.8,24.329489584354317,27.49048741009837,39.72421666666667,50.785998462179165,21.686570819500634,0.0,26.5,29.15833333333333,36.3,32.793055555555554,42.3,32.81916666666667,34.13916666666667,26.53,1,1,76,10,100.0,70.19999999999999,SEVERE
Delhi,28.6139,77.209,2022-05-06,34.07416666666666,41.29,26.5,27.832083333333333,44.28,2.60125,792.33,33.05416666666667,41.1,24.9,24.54062376631091,27.79207250934394,41.87745,59.05496957127446,26.663694705922172,0.0,26.5,29.925,39.1,32.73888888888889,42.3,32.930833333333325,33.79944444444445,26.383333333333336,1,1,77,11,100.0,76.80000000000001,SEVERE
Delhi,28.6139,77.209,2022-05-07,34.73833333333334,41.89,27.04,21.917083333333334,39.69,2.2354166666666666,927.65,33.49583333333333,41.6,24.6,23.94903108807908,27.446333384441218,42.46355555555555,59.51650314984857,27.766786439999,0.0,27.04,30.758333333333336,39.7,32.78472222222222,41.6,32.98583333333333,33.82916666666667,26.679999999999996,1,1,78,12,100.0,78.84,SEVERE
Delhi,28.6139,77.209,2022-05-08,34.6425,42.61,26.47,22.457083333333333,43.24,2.555,911.0,32.65833333333333,41.7,23.5,23.797769952566664,27.495042578265352,43.226311111111116,60.405823405523485,26.428086806453987,0.0,26.47,28.666666666666668,40.2,33.069444444444436,41.7,32.87416666666666,34.485,26.669999999999998,1,1,79,13,100.0,78.57000000000001,SEVERE
Delhi,28.6139,77.209,2022-05-09,34.94,42.29,26.69,29.05666666666667,51.1,3.5995833333333334,888.4,33.137499999999996,42.5,22.8,25.37397007746721,28.65053643438048,42.986850000000004,66.10321799879361,29.048911529667716,0.0,26.69,28.75,39.1,33.09722222222222,42.5,32.83,34.773611111111116,26.73333333333333,1,1,80,14,100.0,81.19,SEVERE
Delhi,28.6139,77.209,2022-05-10,35.17375,41.89,28.37,32.43666666666667,52.11,3.029583333333333,849.83,33.94166666666667,42.3,25.3,26.332718452141705,29.64830737956979,42.67061666666666,68.32154532711515,32.77746806265858,0.09,28.37,29.641666666666666,38.4,33.24583333333333,42.5,33.2575,34.91875,27.176666666666666,1,1,81,15,100.0,82.27,SEVERE
Delhi,28.6139,77.209,2022-05-11,36.28333333333333,43.02,28.28,32.156666666666666,50.18,2.8920833333333333,845.9,35.475,43.8,25.4,27.193379273748814,30.584280276529128,43.91909999999999,75.96510169915258,39.41534182512488,0.0,28.28,31.349999999999998,40.7,34.18472222222222,43.8,33.74166666666667,35.465694444444445,27.78,1,1,82,16,100.0,86.67999999999999,EXTREME
Delhi,28.6139,77.209,2022-05-12,37.069583333333334,44.44,28.71,26.412916666666664,51.06,2.9483333333333337,875.53,36.204166666666666,45.1,26.2,26.67579462680203,30.665923177348024,45.37613333333332,80.33410712038953,41.57305525559377,0.09,28.71,31.59166666666667,42.0,35.206944444444446,45.1,34.28333333333334,36.175555555555555,28.453333333333333,1,1,83,17,100.0,91.00999999999999,EXTREME
Delhi,28.6139,77.209,2022-05-13,37.82375,46.21,28.79,17.525000000000002,39.16,3.0887499999999997,963.7,36.8125,47.1,26.2,25.170434353339598,29.112946896672653,47.11450555555555,79.75407257407592,40.48573718516621,0.0,28.79,32.333333333333336,43.3,36.16388888888889,47.1,35.11416666666666,37.05888888888889,28.593333333333334,1,1,84,18,100.0,93.78999999999999,EXTREME
Delhi,28.6139,77.209,2022-05-14,37.971666666666664,47.11,28.79,10.799166666666666,22.7,3.7079166666666663,979.6,36.916666666666664,48.8,26.3,23.486798504577,28.083433740974925,48.01598888888889,77.52507416978469,38.451037904765016,0.0,28.79,32.275,46.0,36.644444444444446,48.8,35.870000000000005,37.62166666666667,28.763333333333332,1,1,85,19,100.0,93.78999999999999,EXTREME
Delhi,28.6139,77.209,2022-05-15,38.06916666666667,47.49,28.66,10.950416666666667,20.32,3.389583333333333,996.3,36.71666666666667,48.5,25.7,23.63380612387859,28.436452296343056,48.43973333333333,78.95260326584076,38.38132178865184,0.0,28.66,31.45,44.4,36.81527777777777,48.8,36.425,37.954861111111114,28.74666666666667,1,1,86,20,100.0,93.66,EXTREME
Delhi,28.6139,77.209,2022-05-16,37.155,44.58,27.4,14.344999999999999,27.79,3.10375,874.17,35.74583333333333,44.7,24.4,24.04985627257369,28.162330473360115,45.34369999999999,72.01996099108581,36.63739301946983,0.03,27.4,31.183333333333334,43.2,36.45972222222222,48.8,36.479166666666664,37.73194444444445,28.28333333333333,1,1,87,21,100.0,88.5,EXTREME
Delhi,28.6139,77.209,2022-05-17,36.07041666666667,43.95,27.59,15.76625,29.91,2.4254166666666666,870.55,34.24166666666667,43.5,24.7,23.42235235440388,26.99726907755596,44.60239444444445,65.04823718435871,30.31432375827932,0.0,27.59,30.008333333333336,41.1,35.56805555555556,48.5,36.086666666666666,37.09819444444445,27.883333333333336,1,1,88,22,100.0,85.09,EXTREME
Delhi,28.6139,77.209,2022-05-18,36.5075,43.69,28.77,16.970000000000002,26.68,2.45125,840.5,34.80833333333333,43.0,25.4,24.223882627503276,27.93624247721439,44.39107222222222,66.4313989292277,33.045833520201434,0.0,28.77,30.900000000000002,41.6,34.93194444444445,44.7,35.685833333333335,36.57763888888889,27.919999999999998,1,1,89,23,100.0,84.77,SEVERE
Delhi,28.6139,77.209,2022-05-19,37.72291666666667,45.5,28.93,15.207083333333335,26.48,3.07375,911.97,36.7125,46.1,26.6,24.688669562645952,28.77710258548771,46.352044444444445,78.15917249076266,39.738435859951636,0.0,28.93,32.50833333333333,43.0,35.25416666666666,46.1,35.644999999999996,36.76694444444445,28.429999999999996,1,1,90,24,100.0,93.92999999999999,EXTREME
Delhi,28.6139,77.209,2022-05-20,39.25875,46.78,30.49,14.93625,26.17,3.611666666666667,894.58,38.958333333333336,49.4,28.5,25.73342469045559,29.460161750845128,47.7404611111111,81.21110844094116,46.4802475014482,0.24,30.49,35.074999999999996,45.6,36.826388888888886,49.4,36.09333333333333,37.82972222222222,29.396666666666665,1,1,91,25,100.0,95.49,EXTREME
Delhi,28.6139,77.209,2022-05-21,34.28333333333333,44.37,25.71,25.495833333333334,39.13,3.942083333333333,823.42,32.90416666666667,44.5,23.9,24.139181018662658,28.799077507259664,45.165966666666655,73.44372527540217,27.49695123074537,0.46,25.71,30.0,42.1,36.19166666666667,49.4,35.525,37.08833333333334,28.376666666666665,1,1,92,26,100.0,86.21,EXTREME
Delhi,28.6139,77.209,2022-05-22,34.44083333333334,42.62,23.6,24.415833333333335,66.57,2.5733333333333333,895.7,32.395833333333336,42.2,19.2,23.605556442244946,27.345672766031633,43.226083333333335,61.64665597925433,26.913899727729156,19.11,23.6,27.558333333333334,39.3,34.75277777777779,49.4,35.155833333333334,35.99430555555556,26.599999999999998,1,0,93,0,100.0,77.20000000000002,SEVERE
Delhi,28.6139,77.209,2022-05-23,30.934583333333332,38.03,23.15,42.346666666666664,84.19,5.385833333333333,776.22,28.3,37.3,18.9,23.90208885123445,26.350491162701214,38.38544999999999,42.01439315889898,15.398191949725932,10.7,23.15,23.599999999999998,34.5,31.200000000000003,44.5,33.85416666666667,33.21958333333334,24.153333333333336,1,0,94,0,100.0,62.04999999999999,HIGH
Delhi,28.6139,77.209,2022-05-24,28.639166666666668,34.34,23.01,53.06833333333333,84.97,2.4975,894.78,27.604166666666668,34.5,18.8,23.622131764603306,26.779518247099965,34.77686666666668,32.9948910707701,10.793368980106736,0.0,23.01,23.991666666666664,29.7,29.433333333333337,42.2,32.0325,31.33819444444445,23.25333333333333,1,0,95,0,100.0,53.510000000000005,HIGH
Delhi,28.6139,77.209,2022-05-25,30.707083333333333,36.93,24.5,42.99583333333334,61.36,1.7691666666666668,866.65,30.2625,36.6,24.7,24.135831943539362,27.219660812573363,37.387994444444445,42.19202108506308,16.54201397162138,0.01,24.5,27.991666666666664,34.5,28.722222222222225,37.3,30.293333333333333,30.093611111111112,23.55333333333333,1,0,96,0,100.0,61.3,HIGH
Delhi,28.6139,77.209,2022-05-26,32.33541666666667,39.03,25.28,38.57458333333333,58.64,2.3466666666666667,857.88,31.65416666666667,38.5,25.2,24.842246023254635,27.735458633249245,39.55882222222222,50.37709087559314,21.83456747743592,0.0,25.28,28.78333333333333,36.2,29.840277777777782,38.5,30.043333333333333,30.560555555555556,24.263333333333332,1,1,97,1,100.0,67.78,HIGH
Delhi,28.6139,77.209,2022-05-27,34.755833333333335,40.72,27.29,36.98708333333334,54.74,2.4225,882.67,34.61666666666667,40.8,26.6,26.74588420880012,29.394815170569156,41.453855555555556,62.75301556001665,35.02482336518484,0.3,27.29,31.641666666666666,38.1,32.17777777777778,40.8,30.4875,32.59944444444445,25.689999999999998,1,1,98,2,100.0,76.69,SEVERE
Delhi,28.6139,77.209,2022-05-28,36.324999999999996,43.53,26.44,33.15416666666667,53.08,2.7862500000000003,785.2,36.291666666666664,44.3,25.1,27.248869544916747,30.263750191284714,44.41194999999999,76.68207666081065,42.44072145846723,0.15,26.44,32.108333333333334,42.2,34.1875,44.3,32.08583333333333,34.47208333333334,26.33666666666667,1,1,99,3,100.0,86.33999999999999,EXTREME
Delhi,28.6139,77.209,2022-05-29,34.34125,42.91,26.29,36.1725,66.82,2.7691666666666666,874.2,33.800000000000004,43.4,25.4,25.921712242239646,29.77716491241196,43.728644444444434,72.37814208023103,31.46772142477198,3.41,26.29,29.575,39.8,34.90277777777778,44.3,33.325,35.14069444444445,26.673333333333332,1,1,100,4,100.0,83.48999999999998,SEVERE
Delhi,28.6139,77.209,2022-05-30,33.87,41.86,26.38,36.719166666666666,63.69,1.6008333333333333,889.15,33.449999999999996,41.8,25.6,25.707664296759944,28.823784088153158,42.55876111111112,64.50070975238218,29.960345937279225,1.95,26.38,29.991666666666664,39.7,34.513888888888886,44.3,33.9625,34.845416666666665,26.37,1,1,101,5,100.0,78.77999999999999,SEVERE
Delhi,28.6139,77.209,2022-05-31,34.1425,41.53,26.29,28.124166666666667,43.07,2.0566666666666666,774.53,33.170833333333334,41.3,25.6,24.51307638274041,27.426892500804936,42.09053333333333,58.48155910418215,26.58656462121473,0.0,26.29,29.933333333333334,39.0,33.47361111111112,43.4,34.26583333333333,34.11791666666667,26.320000000000004,1,1,102,6,100.0,77.19,SEVERE
Delhi,28.6139,77.209,2022-06-01,36.025416666666665,44.39,27.86,22.182083333333335,37.48,3.145,938.35,34.983333333333334,44.6,25.4,24.770937772218,27.692965499414978,45.11224444444444,70.32867427602271,33.32163637042664,0.0,27.86,31.691666666666666,42.2,33.86805555555555,44.6,34.339166666666664,34.67930555555556,26.843333333333334,1,1,103,7,100.0,88.66,EXTREME
Delhi,28.6139,77.209,2022-06-02,36.23,43.69,27.2,21.92125,35.69,2.6754166666666666,912.95,35.199999999999996,43.5,24.5,24.996436586695527,27.851366129443456,44.384283333333336,67.40261419724618,34.51643483376676,0.0,27.2,31.166666666666668,40.8,34.45138888888889,44.6,34.12083333333333,35.46597222222223,27.116666666666664,1,1,104,8,100.0,84.7,SEVERE
Delhi,28.6139,77.209,2022-06-03,36.602916666666665,44.32,28.53,17.558333333333334,36.0,2.8666666666666667,941.22,35.666666666666664,45.0,27.1,24.29108688253143,27.525632569239406,45.01618333333333,70.28671171159417,34.666985868624515,0.0,28.53,32.550000000000004,42.5,35.28333333333333,45.0,34.494166666666665,36.28611111111111,27.863333333333333,1,1,105,9,100.0,90.53,EXTREME
Delhi,28.6139,77.209,2022-06-04,36.57541666666666,44.77,27.47,17.714166666666667,30.95,2.129166666666667,978.25,35.375,44.4,24.5,24.24913552761329,27.464828315558776,45.49734444444445,69.4791322896715,34.38122050241015,0.0,27.47,31.875,42.5,35.413888888888884,45.0,34.87916666666666,36.46944444444444,27.733333333333334,1,1,106,10,100.0,87.66999999999999,EXTREME
Delhi,28.6139,77.209,2022-06-05,36.91958333333333,45.01,27.56,19.233333333333334,30.04,3.362916666666667,959.72,35.50833333333333,44.9,24.3,24.963205423668956,28.34884766777038,45.80390555555555,73.49251805593451,37.01079325285287,0.0,27.56,30.433333333333334,42.6,35.516666666666666,45.0,35.34666666666667,36.699305555555554,27.853333333333335,1,1,107,11,100.0,89.25999999999999,EXTREME
Delhi,28.6139,77.209,2022-06-06,38.045833333333334,44.58,29.22,13.864166666666668,24.04,1.9383333333333332,962.3,36.666666666666664,44.2,25.3,24.571255678030145,27.647105298482856,45.30766666666667,69.36102604037612,39.0849691029703,0.0,29.22,33.475,43.3,35.849999999999994,44.9,35.68333333333333,37.18027777777778,28.083333333333332,1,1,108,12,100.0,88.82000000000001,EXTREME
Delhi,28.6139,77.209,2022-06-07,37.35583333333333,45.91,29.36,16.93,25.39,3.9266666666666663,851.08,35.987500000000004,46.8,25.2,24.800783866843858,29.075757508456213,46.80408888888888,79.44821938527201,37.84097485365407,0.0,29.36,31.724999999999998,43.4,36.05416666666667,46.8,35.84083333333333,37.440416666666664,28.713333333333328,1,1,109,13,100.0,94.36,EXTREME
Delhi,28.6139,77.209,2022-06-08,37.01291666666667,45.26,29.52,18.440416666666668,29.62,5.195833333333334,910.33,35.958333333333336,46.9,24.9,24.91928556127722,28.990208087434375,46.11337222222221,78.59094793380069,37.54975193995397,0.0,29.52,31.71666666666667,45.6,36.20416666666667,46.9,35.899166666666666,37.47152777777779,29.366666666666664,1,1,110,14,100.0,94.52,EXTREME
Delhi,28.6139,77.209,2022-06-09,38.473333333333336,45.13,30.32,18.861250000000002,29.66,2.782083333333333,870.72,37.67916666666667,45.3,28.0,26.19277827500085,29.29057526749826,45.99491666666667,77.59553256577979,44.93933415886067,0.0,30.32,33.824999999999996,43.9,36.54166666666667,46.9,36.36,37.61402777777778,29.733333333333334,1,1,111,15,100.0,93.22,EXTREME
Delhi,28.6139,77.209,2022-06-10,37.57083333333333,45.55,29.65,20.728333333333335,30.7,5.3808333333333325,870.47,37.02916666666667,49.0,26.5,26.04326954878695,31.060804109819834,46.55039444444444,84.95303333860997,42.22593759090108,0.0,29.65,32.46666666666667,44.3,36.88888888888889,49.0,36.664166666666674,37.685694444444444,29.83,1,1,112,16,100.0,94.64999999999999,EXTREME
Delhi,28.6139,77.209,2022-06-11,38.38458333333333,45.96,30.05,20.368333333333336,30.98,5.66875,913.25,37.99166666666667,49.1,26.6,26.54717630379012,30.83668322357934,46.97998333333333,84.88394822146265,45.651010628030406,0.0,30.05,32.975,45.5,37.56666666666667,49.1,36.92916666666667,38.14291666666667,30.00666666666667,1,1,113,17,100.0,95.05,EXTREME
Delhi,28.6139,77.209,2022-06-12,38.797916666666666,46.01,31.25,20.044166666666666,30.81,4.02875,887.0,38.487500000000004,47.6,29.0,26.78190828194019,30.451278419960804,46.997122222222224,83.49248664303394,47.776111274103094,0.0,31.25,35.041666666666664,44.9,37.836111111111116,49.1,37.429166666666674,38.251111111111115,30.316666666666663,1,1,114,18,100.0,96.25,EXTREME
Delhi,28.6139,77.209,2022-06-13,39.32791666666667,45.91,32.15,24.968333333333334,46.78,5.549166666666667,677.95,39.025,47.8,30.5,28.059330866794955,30.629607239188523,46.91088333333332,84.18668162094721,53.064868858565546,0.0,32.15,35.083333333333336,44.5,38.50138888888889,49.1,38.042500000000004,38.83680555555556,31.150000000000002,1,1,115,19,100.0,97.15,EXTREME
Delhi,28.6139,77.209,2022-06-14,38.07458333333333,44.23,32.44,31.950833333333332,51.39,6.102916666666666,785.22,37.87916666666667,46.5,30.4,28.706644124482725,31.955090439841946,45.28456666666668,86.61202011179637,51.33021616591672,0.0,32.44,34.4,42.5,38.46388888888889,47.8,38.0825,38.73347222222222,31.94666666666667,1,1,116,20,100.0,97.44,EXTREME
Delhi,28.6139,77.209,2022-06-15,38.63166666666667,44.86,31.75,31.19666666666667,50.67,4.550416666666666,902.25,38.8375,46.7,31.2,28.983420081394957,31.91081547835211,45.930566666666664,87.19380875389689,54.92112094148501,0.48000000000000004,31.75,35.391666666666666,44.5,38.580555555555556,47.8,38.44416666666667,38.67805555555556,32.11333333333334,1,1,117,21,100.0,96.75,EXTREME
Delhi,28.6139,77.209,2022-06-16,37.472500000000004,42.87,30.09,40.05041666666667,76.21,3.4933333333333336,904.78,37.72083333333333,44.1,31.2,29.515861407213595,32.062403800961185,43.92068888888889,81.15085391496085,53.902913972159496,8.67,30.09,35.083333333333336,42.8,38.145833333333336,46.7,38.39,38.059583333333336,31.426666666666662,1,1,118,22,100.0,89.39,EXTREME
Delhi,28.6139,77.209,2022-06-17,33.38458333333333,37.71,29.76,54.90958333333333,77.41,1.9341666666666668,836.67,34.53333333333333,38.4,31.3,28.22110099515437,30.129007802454193,42.689811784674916,60.030338002732066,40.51416013260556,4.77,29.76,33.50833333333333,37.9,37.03055555555556,46.7,37.59916666666666,36.49625,30.53333333333333,1,1,119,23,100.0,71.96,SEVERE
Delhi,28.6139,77.209,2022-06-18,30.634583333333335,36.33,25.54,62.645833333333336,87.68,1.6587500000000002,664.4,31.40416666666667,37.3,26.8,26.51455854033114,29.14238711734712,40.23180344314155,52.127928689911315,23.982832104822766,14.649999999999999,25.54,30.025000000000002,35.7,34.55277777777778,44.1,36.075,33.83055555555556,28.463333333333335,1,1,120,24,100.0,64.44,HIGH
Delhi,28.6139,77.209,2022-06-19,31.306250000000002,35.65,26.32,54.553333333333335,80.36,1.8454166666666667,406.4,31.833333333333332,36.1,27.1,26.261527213791425,28.955844556220796,39.8967357545153,47.69767599839915,25.084513525883253,0.07,26.32,29.900000000000002,34.8,32.59027777777778,38.4,34.865833333333335,31.775138888888893,27.206666666666667,1,1,121,25,100.0,61.62000000000001,HIGH
Delhi,28.6139,77.209,2022-06-20,32.94416666666667,38.45,26.68,37.78791666666667,67.16,1.3141666666666667,682.75,32.825,38.2,26.4,25.322309208550895,27.687659906708948,38.95790000000001,48.93012947858095,25.419670014566233,0.0,26.68,30.425,36.0,32.020833333333336,38.2,33.663333333333334,31.62833333333334,26.179999999999996,1,1,122,26,100.0,68.28,HIGH
Delhi,28.6139,77.209,2022-06-21,32.72958333333333,37.61,26.99,43.790416666666665,59.81,2.3058333333333336,800.33,32.475,37.7,26.6,26.04081324066519,28.308176464041164,38.20649444444445,48.91930716990129,26.46327463121276,0.09,26.99,29.95,35.7,32.37777777777778,38.2,32.61416666666667,32.32666666666667,26.66333333333333,1,1,123,27,100.0,67.09,HIGH
Delhi,28.6139,77.209,2022-06-22,33.73875,39.72,27.62,40.347500000000004,59.38,2.7466666666666666,845.12,32.829166666666666,40.0,25.4,26.34329729611729,28.858339157880003,40.35803333333334,57.542090847883514,28.71339886124541,0.0,27.62,29.583333333333332,38.0,32.709722222222226,40.0,32.27333333333333,33.13750000000001,27.096666666666664,1,1,124,28,100.0,74.62,SEVERE
Delhi,28.6139,77.209,2022-06-23,33.0325,40.58,25.16,37.362500000000004,59.17,4.398750000000001,920.8,31.516666666666666,40.9,22.8,25.22695448813982,28.824798658379198,41.21212222222222,60.63352313899853,24.68574631131916,0.0,25.16,27.90833333333333,36.8,32.273611111111116,40.9,32.295833333333334,33.16694444444445,26.59,1,1,125,29,100.0,74.85999999999999,SEVERE
Delhi,28.6139,77.209,2022-06-24,33.43333333333333,41.38,25.79,29.545416666666668,51.71,3.784166666666667,967.33,31.641666666666666,41.1,22.4,24.111350458532076,27.47460197225714,41.94224444444445,58.167061955418774,23.09337294618828,0.0,25.79,27.958333333333332,38.4,31.995833333333334,41.1,32.2575,33.40152777777778,26.19,1,1,126,30,100.0,76.09,SEVERE
Delhi,28.6139,77.209,2022-06-25,34.98875,42.03,27.34,27.452916666666667,43.58,1.5679166666666668,948.2,34.0375,41.9,24.5,25.22303623047364,28.47523121509588,42.69797777777777,63.785775770891505,31.107646735178033,0.0,27.34,30.599999999999998,39.0,32.398611111111116,41.9,32.5,33.81819444444445,26.096666666666664,1,1,127,31,100.0,80.03999999999999,SEVERE
Delhi,28.6139,77.209,2022-06-26,36.02791666666666,42.0,28.13,33.97541666666667,54.83,3.7725000000000004,857.08,35.208333333333336,42.4,25.0,27.24091009326622,29.61191500073475,42.77777777777777,68.55555176548927,39.752796489981044,0.1,28.13,31.875,39.9,33.62916666666667,42.4,33.04666666666667,34.81666666666667,27.08666666666667,1,1,128,32,100.0,82.32999999999998,SEVERE
Delhi,28.6139,77.209,2022-06-27,36.577083333333334,41.52,31.25,42.257083333333334,54.34,2.7779166666666666,795.25,36.954166666666666,42.8,29.5,29.30161442695359,31.90603720997309,42.55475555555556,76.24398602605453,50.79533303479681,0.0,31.25,34.18333333333333,40.2,35.400000000000006,42.8,33.87166666666667,35.864583333333336,28.906666666666666,1,1,129,33,100.0,86.64999999999999,EXTREME
Delhi,28.6139,77.209,2022-06-28,37.954166666666666,43.58,32.35,38.4,58.49,2.7954166666666667,724.17,38.275,44.7,32.4,29.739603436612228,31.895717687494972,44.62022222222222,82.61046442916287,56.44208041298247,0.18,32.35,35.791666666666664,42.9,36.81250000000001,44.7,35.223333333333336,36.85305555555556,30.576666666666664,1,1,130,34,100.0,93.45000000000002,EXTREME
Delhi,28.6139,77.209,2022-06-29,38.20583333333334,44.75,31.44,42.23625,73.8,2.705416666666667,637.53,39.43333333333333,46.1,33.0,30.329331201466346,32.124911808640626,45.84116111111111,87.7583537834098,62.91443031859223,7.33,31.44,37.11666666666667,44.0,38.22083333333333,46.1,36.781666666666666,37.57902777777778,31.680000000000003,1,1,131,35,100.0,96.44,EXTREME
Delhi,28.6139,77.209,2022-06-30,29.743750000000002,34.48,26.35,79.2975,92.25,4.217083333333333,169.23,30.116666666666664,37.1,25.4,27.619309040580493,30.031869217955823,43.605606823776434,57.167256770879,26.01389984849565,19.669999999999998,26.35,30.575000000000003,37.1,35.94166666666667,46.1,35.9975,35.30125,30.046666666666667,1,1,132,36,100.0,64.65,HIGH
Delhi,28.6139,77.209,2023-04-01,22.907083333333333,28.54,16.87,57.67083333333333,93.01,2.11125,910.1,21.633333333333336,26.3,16.2,18.843599181839128,21.89971101067277,28.417233333333343,1.791154589371981,0.25562786118224057,1.48,16.87,19.608333333333334,24.8,30.394444444444446,46.1,33.2825,30.28555555555556,24.886666666666667,0,0,0,0,0.0,0.9000000000000021,LOW
Delhi,28.6139,77.209,2023-04-02,24.236666666666665,31.93,17.23,51.151666666666664,74.25,2.969583333333333,785.45,21.991666666666664,28.7,16.5,19.23744305852552,23.295682298983696,31.913061111111105,11.022227053140089,2.2573212558398423,0.0,17.23,19.583333333333332,26.2,24.58055555555556,37.1,30.29,25.629166666666666,20.150000000000002,0,0,0,0,0.0,8.099999999999996,LOW
Delhi,28.6139,77.209,2023-04-03,26.26833333333333,33.98,18.02,48.21875,73.0,1.9845833333333334,918.97,25.070833333333336,32.4,17.2,20.673033868344195,24.825478874958083,34.14377777777778,22.2119806763285,7.044577386387249,4.6,18.02,21.141666666666666,30.4,22.89861111111112,32.4,27.649166666666666,24.470694444444444,17.37333333333333,1,0,1,0,12.0,22.199999999999996,LOW
Delhi,28.6139,77.209,2023-04-04,24.726666666666663,32.49,17.65,49.88583333333333,69.27,3.5070833333333336,925.17,21.712500000000002,29.7,13.9,19.574886608689102,24.037870915391466,32.56901111111111,14.09261835748792,2.9166515700483093,0.0,17.65,19.158333333333335,27.1,22.925,32.4,24.104999999999997,25.07722222222222,17.63333333333333,0,0,0,0,0.0,11.099999999999998,LOW
Delhi,28.6139,77.209,2023-04-05,24.756666666666664,33.73,17.08,38.45291666666667,70.47,3.702916666666667,967.03,20.841666666666665,30.9,11.4,18.165000486085667,22.814280505134228,33.63456111111111,18.019183574879225,4.254573671497586,0.0,17.08,16.916666666666668,28.3,22.54166666666667,32.4,22.25,25.250555555555554,17.58333333333333,0,0,0,0,0.0,14.699999999999996,LOW
Delhi,28.6139,77.209,2023-04-06,25.42833333333333,34.44,16.77,35.324999999999996,53.36,4.704166666666667,945.92,20.616666666666667,31.8,11.2,18.438737466952677,23.9735863759471,34.488411111111105,21.01166183574879,5.075405998389694,0.0,16.77,16.05,28.8,21.056944444444447,31.8,22.04666666666667,24.970555555555553,17.16666666666666,0,0,0,0,0.0,17.400000000000002,LOW
Delhi,28.6139,77.209,2023-04-07,24.83,34.77,15.65,31.14916666666667,55.41,4.557083333333334,977.42,20.095833333333335,31.9,10.1,17.18523580470615,22.315975626348123,34.64304444444445,21.396125603864736,5.0592592592592585,0.0,15.65,15.775,28.7,20.51805555555556,31.9,21.6675,25.005,16.499999999999996,0,0,0,0,0.0,17.699999999999996,LOW
Delhi,28.6139,77.209,2023-04-08,25.13,35.66,15.06,28.124583333333334,48.28,3.5887499999999997,970.2,21.279166666666665,33.0,9.9,16.882970490475326,21.947605753780227,35.53169999999999,24.918869565217378,6.2501608293075686,0.0,15.06,17.183333333333334,30.0,20.66388888888889,33.0,20.90916666666667,25.129444444444445,15.826666666666663,1,0,1,0,12.0,24.0,LOW
Delhi,28.6139,77.209,2023-04-09,26.078333333333333,35.89,16.75,28.956666666666667,46.81,3.1591666666666662,972.4,22.691666666666666,33.5,11.8,17.858038606042925,22.66191141165438,35.832222222222214,26.43019323671497,7.676217391304347,0.0,16.75,18.408333333333335,32.1,21.355555555555558,33.5,21.105,25.346111111111114,15.819999999999999,1,0,2,0,24.0,28.5,MODERATE
Delhi,28.6139,77.209,2023-04-10,26.58125,36.27,16.53,30.133750000000003,48.28,3.6133333333333333,919.4,23.158333333333335,34.0,12.0,18.464830248208447,23.27675462172754,36.28181666666667,28.07114492753624,7.9314271336553945,0.0,16.53,19.150000000000002,31.9,22.376388888888894,34.0,21.568333333333335,25.929861111111112,16.113333333333333,1,0,3,0,36.0,33.0,MODERATE
Delhi,28.6139,77.209,2023-04-11,28.315416666666668,37.63,19.65,31.96291666666667,48.74,4.331666666666667,965.72,25.09166666666667,36.2,15.9,20.17456794486681,24.380836741929,37.78669444444445,34.87973429951692,10.000852254428342,0.0,19.65,21.433333333333334,33.3,23.647222222222226,36.2,22.46333333333333,26.99166666666667,17.64333333333333,1,0,4,0,48.0,42.60000000000001,MODERATE
Delhi,28.6139,77.209,2023-04-12,29.679166666666664,38.7,21.04,34.11375,52.14,4.243333333333333,858.78,26.9375,37.9,17.3,21.72261219116608,26.1406559278599,39.05508333333333,43.65464894299999,13.439948917808833,0.0,21.04,22.78333333333333,35.2,25.062500000000004,37.9,23.831666666666667,28.19194444444445,19.07333333333333,1,0,5,0,60.0,51.739999999999995,HIGH
Delhi,28.6139,77.209,2023-04-13,29.20375,39.53,20.48,31.630416666666665,53.27,3.6145833333333335,943.05,26.395833333333332,38.6,17.0,20.82302215645384,25.796873705669864,39.88034999999999,45.09092546483568,13.396653957496321,0.0,20.48,21.991666666666664,35.5,26.14166666666667,38.6,24.854999999999997,29.066111111111113,20.389999999999997,1,0,6,0,72.0,56.28,HIGH
Delhi,28.6139,77.209,2023-04-14,30.628333333333334,38.89,20.58,26.870833333333334,51.53,2.5575,930.75,28.65416666666667,37.8,16.9,21.420095750338533,25.1650219558593,39.161988888888885,40.57070837965518,15.246226198173252,0.0,20.58,24.28333333333333,36.3,27.32916666666667,38.6,26.047500000000003,29.837083333333336,20.7,1,0,7,0,84.0,56.97999999999999,HIGH
Delhi,28.6139,77.209,2023-04-15,31.813333333333333,40.74,22.54,25.83375,42.06,2.0704166666666666,951.58,30.116666666666664,40.1,20.2,22.06991997841372,25.96881492136281,41.15468888888889,50.464869884861386,18.691960512594378,0.0,22.54,25.8,38.2,28.38888888888889,40.1,27.439166666666665,30.548472222222227,21.2,1,0,8,0,96.0,68.83999999999999,HIGH
Delhi,28.6139,77.209,2023-04-16,32.14625,41.24,23.96,29.029583333333335,44.01,2.6141666666666667,913.95,30.47083333333333,40.8,20.8,22.985066095743974,27.02452285429441,41.760044444444446,55.908389818921876,19.914507822789776,0.0,23.96,26.441666666666666,38.5,29.747222222222224,40.8,28.514999999999997,31.529305555555556,22.359999999999996,1,0,9,0,100.0,73.35999999999999,SEVERE
Delhi,28.6139,77.209,2023-04-17,33.080416666666665,41.26,23.34,25.129583333333333,45.65,2.2883333333333336,964.1,31.554166666666664,40.8,20.3,23.069038166105628,26.866620645901385,41.762983333333324,55.25447729615853,23.17884744684891,0.0,23.34,26.891666666666666,38.9,30.71388888888889,40.8,29.438333333333333,32.34666666666667,23.279999999999998,1,0,10,0,100.0,72.74,SEVERE
Delhi,28.6139,77.209,2023-04-18,32.17,40.78,23.79,33.52708333333333,56.96,3.517916666666667,946.22,30.09166666666667,40.6,20.7,23.757664879010477,27.855082311731582,41.354311111111116,57.47088006968841,20.90718164896437,0.0,23.79,26.058333333333334,38.7,30.70555555555556,40.8,30.1775,32.46555555555556,23.69666666666667,1,0,11,0,100.0,72.59,SEVERE
Delhi,28.6139,77.209,2023-04-19,30.727500000000003,37.83,23.32,39.36541666666667,65.92,2.7062500000000003,904.22,29.3,36.9,20.7,23.38071906167109,26.27396278209802,38.17850555555556,40.79232795982063,15.98417563001175,0.03,23.32,25.3,36.2,30.31527777777778,40.8,30.306666666666665,31.99263888888889,23.48333333333333,1,0,12,0,100.0,61.019999999999996,HIGH
Delhi,28.6139,77.209,2023-04-20,29.93541666666667,37.08,22.69,40.922916666666666,63.98,2.8920833333333333,854.88,28.279166666666665,36.1,21.0,23.025248912692362,26.31837636179042,37.42661666666666,38.27175227377706,13.002725794680186,1.24,22.69,24.933333333333334,33.4,29.223611111111115,40.6,29.939166666666665,30.94430555555556,23.266666666666666,1,0,13,0,100.0,57.990000000000016,HIGH
Delhi,28.6139,77.209,2023-04-21,28.177083333333332,36.56,19.58,38.09666666666667,62.25,2.28375,879.5,26.0625,35.7,16.8,21.00151291821447,25.00685420869538,36.75356666666667,32.75192494492673,10.553567122302702,1.01,19.58,22.025000000000002,32.9,27.88055555555556,36.9,29.057499999999997,29.613333333333333,21.86333333333333,1,0,14,0,100.0,54.10000000000001,HIGH
Delhi,28.6139,77.209,2023-04-22,28.320833333333336,36.8,19.77,28.324166666666667,57.12,2.9566666666666666,975.47,25.179166666666664,35.4,15.5,19.76149797429492,23.86867948213722,36.88022222222222,32.09149758454106,10.502890096618357,0.03,19.77,21.525000000000002,33.8,26.506944444444446,36.1,27.7825,28.811111111111114,20.679999999999996,1,0,15,0,100.0,53.199999999999996,HIGH
Delhi,28.6139,77.209,2023-04-23,25.042083333333334,30.65,18.61,39.35875,61.37,3.450416666666667,669.85,21.729166666666668,28.8,14.1,18.63689991774657,21.53268854611952,30.399833333333326,9.854565217391313,1.6505883655394538,0.0,18.61,19.558333333333334,26.0,24.32361111111111,35.7,26.109999999999996,27.179999999999996,19.319999999999997,0,0,0,0,0.0,8.400000000000002,LOW
Delhi,28.6139,77.209,2023-04-24,26.879583333333333,35.25,18.32,35.749583333333334,62.61,3.1358333333333337,808.85,24.066666666666666,33.2,15.9,19.625177357174252,23.62131521567409,35.26765555555554,25.189265700483087,6.975075080515299,0.0,18.32,20.375,29.7,23.65833333333333,35.4,25.063333333333333,26.747500000000002,18.9,1,0,1,0,12.0,24.60000000000001,LOW
Delhi,28.6139,77.209,2023-04-25,28.44125,34.89,19.23,31.364166666666666,50.49,1.9666666666666668,918.8,26.458333333333332,33.9,15.9,20.56682794527758,24.185348833071778,34.964349999999996,26.675521739130428,8.699574074074073,0.0,19.23,22.483333333333334,30.1,24.084722222222226,33.9,24.699166666666663,26.78763888888889,18.72,1,0,2,0,24.0,29.699999999999996,MODERATE
Delhi,28.6139,77.209,2023-04-26,29.82875,35.82,21.52,31.637916666666666,47.28,1.4004166666666666,748.22,28.462500000000002,34.7,19.7,21.77725094259652,24.60846684401546,35.95758333333333,29.53920289855073,11.996631642512078,0.0,21.52,25.391666666666666,33.9,26.32916666666667,34.7,25.179166666666667,28.383194444444445,19.689999999999998,1,0,3,0,36.0,36.620000000000005,MODERATE
Delhi,28.6139,77.209,2023-04-27,27.329583333333332,35.39,20.73,38.94833333333333,62.27,3.6108333333333333,787.88,24.383333333333336,34.0,18.5,20.573382692368728,24.91586477245906,35.55873888888888,27.44238164251207,6.009088566827696,0.57,20.73,22.116666666666664,31.3,26.434722222222224,34.7,25.020000000000003,28.533194444444444,20.49333333333333,1,0,4,0,48.0,36.730000000000004,MODERATE
Delhi,28.6139,77.209,2023-04-28,28.95958333333333,35.68,20.99,35.312083333333334,58.85,1.7666666666666666,442.38,27.6375,34.5,19.8,21.506412531689467,24.68348330084392,35.82708333333333,28.84735748792272,9.54482648953301,0.0,20.99,24.575,31.8,26.827777777777783,34.7,26.201666666666664,28.70597222222222,21.079999999999995,1,0,5,0,60.0,41.489999999999995,MODERATE
Delhi,28.6139,77.209,2023-04-29,27.042083333333334,34.55,21.02,48.03,75.29,3.095416666666667,620.72,25.329166666666666,32.6,20.6,21.423525711503512,24.555071586239354,34.66972777777777,23.16932850241546,4.630115265162362,1.76,21.02,24.733333333333334,32.6,25.783333333333335,34.5,26.45416666666667,27.777083333333334,20.91333333333333,1,0,6,0,72.0,38.82000000000001,MODERATE
Delhi,28.6139,77.209,2023-04-30,25.769583333333333,32.27,20.53,60.76916666666667,89.64,2.1675,516.22,24.662499999999998,31.6,17.6,21.72074394798841,24.401478587280653,32.42075,18.713695652173914,4.343004811387821,9.92,20.53,22.016666666666666,30.9,25.876388888888886,34.5,26.095,27.25708333333333,20.846666666666664,0,0,0,0,0.0,17.330000000000005,LOW
Delhi,28.6139,77.209,2023-05-01,22.631249999999998,25.73,20.24,76.99458333333332,93.19,4.2058333333333335,389.45,19.304166666666667,22.0,16.7,20.50903976587553,21.57381747111112,25.84349444444444,0.0,0.0,13.95,20.24,17.991666666666667,20.8,23.09861111111111,32.6,24.263333333333332,25.14763888888889,20.596666666666664,0,0,0,0,0.0,0.23999999999999844,LOW
Delhi,28.6139,77.209,2023-05-02,23.5425,27.81,19.0,70.61,93.04,2.6625,589.08,22.224999999999998,28.1,17.2,20.784847456576472,23.19819765253991,28.579260042836673,6.623269602466675,0.9085101117105198,3.42,19.0,19.608333333333334,24.4,22.063888888888886,31.6,23.831666666666667,23.981111111111108,19.923333333333332,0,0,0,0,0.0,6.300000000000004,LOW
Delhi,28.6139,77.209,2023-05-03,26.067083333333333,31.81,19.14,59.951666666666675,86.31,1.4808333333333332,732.85,26.004166666666666,31.6,18.9,21.9744229610218,24.833013137809314,32.06123333333333,18.401072463768113,5.22197528941872,11.61,19.14,24.233333333333334,29.9,22.511111111111116,31.6,23.505000000000003,24.08027777777778,19.459999999999997,0,0,0,0,0.0,16.800000000000004,LOW
Delhi,28.6139,77.209,2023-05-04,27.996666666666666,33.74,21.58,45.8225,77.75,1.25375,919.6,27.65416666666667,33.1,22.0,22.151518112810354,25.260152935947694,33.95784999999999,24.241045228982344,8.212486813414257,0.52,21.58,25.25,30.4,25.294444444444448,33.1,23.97,25.868750000000002,19.906666666666663,1,0,1,0,12.0,25.880000000000003,MODERATE
Delhi,28.6139,77.209,2023-05-05,27.745,34.63,21.33,43.18958333333333,59.45,2.6725,874.35,26.03333333333333,33.3,18.8,21.639575697262725,25.334131627965842,34.85538333333333,25.42947539338843,5.814010130668443,0.0,21.33,24.875,33.3,26.563888888888894,33.3,24.244166666666665,27.269583333333333,20.68333333333333,1,0,2,0,24.0,29.22999999999999,MODERATE
Delhi,28.6139,77.209,2023-05-06,29.743333333333336,37.49,21.5,40.72541666666667,59.89,3.7595833333333335,746.17,27.820833333333336,36.4,19.3,22.844675656629203,27.083169204688723,37.93088333333334,41.754623556095154,13.860654576193157,0.0,21.5,24.508333333333336,34.5,27.16944444444445,36.4,25.9475,28.495,21.47,1,0,3,0,36.0,41.699999999999996,MODERATE
Delhi,28.6139,77.209,2023-05-07,31.758750000000003,39.25,23.11,32.788333333333334,56.6,2.42875,844.53,30.545833333333334,38.6,20.9,23.31839637466325,27.114473082750163,39.71465555555556,48.89964147047272,19.264222330201033,1.02,23.11,26.724999999999998,36.1,28.133333333333336,38.6,27.611666666666668,29.74902777777778,21.98,1,0,4,0,48.0,52.910000000000004,HIGH
Delhi,28.6139,77.209,2023-05-08,30.50791666666667,38.98,19.4,25.985416666666666,57.59,2.672916666666667,987.42,28.208333333333332,37.8,14.6,21.018485208707293,25.79262328541575,39.267516666666666,41.81235777895257,16.0735959630955,0.24,19.4,22.991666666666664,35.2,28.858333333333338,38.6,28.0525,30.67,21.336666666666662,1,0,5,0,60.0,50.39999999999999,HIGH
Delhi,28.6139,77.209,2023-05-09,28.87125,38.59,19.58,25.99291666666667,46.68,4.425833333333333,1014.65,25.104166666666668,37.2,14.8,19.74849563660705,24.764593898198452,38.81606111111112,38.274835748792285,12.089731481481481,0.0,19.58,20.533333333333335,34.2,27.952777777777783,38.6,27.5425,30.379305555555558,20.696666666666662,1,0,6,0,72.0,51.60000000000001,HIGH
Delhi,28.6139,77.209,2023-05-10,28.842083333333335,38.12,19.91,25.47875,43.36,4.0825000000000005,1020.08,25.65833333333333,36.4,15.3,19.578601255345177,23.78129843130797,38.24605555555555,35.779178743961346,11.248793679549111,0.0,19.91,21.40833333333333,33.3,26.32361111111111,37.8,27.4675,29.407083333333333,19.629999999999995,1,0,7,0,84.0,52.199999999999996,HIGH
Delhi,28.6139,77.209,2023-05-11,31.549583333333334,39.54,20.23,20.14,44.43,1.92875,979.67,29.741666666666664,38.4,17.3,20.944733283631532,24.61058300206954,39.79552222222222,42.12654106280192,17.151029186795494,0.0,20.23,25.441666666666666,36.0,26.834722222222226,38.4,27.851666666666667,29.754305555555558,19.906666666666663,1,0,8,0,96.0,61.429999999999986,HIGH
Delhi,28.6139,77.209,2023-05-12,30.52916666666667,40.18,21.47,24.43541666666667,43.09,2.5629166666666667,984.58,28.1125,39.1,17.7,20.876969625742095,25.792842600433005,40.49743333333333,44.52848146585995,14.788456907870753,0.0,21.47,22.741666666666664,32.6,27.837500000000002,39.1,27.365,30.306944444444444,20.536666666666665,1,0,9,0,100.0,65.77,HIGH
Delhi,28.6139,77.209,2023-05-13,34.468333333333334,41.78,21.58,21.659166666666668,44.95,1.4974999999999998,929.75,33.041666666666664,41.2,18.4,23.600140491440545,27.008481717908246,42.31383333333333,57.04163229663919,27.67911010329253,0.0,21.58,28.5,39.4,30.298611111111114,41.2,28.331666666666667,32.18236111111111,21.09333333333333,1,0,10,0,100.0,72.18,SEVERE
Delhi,28.6139,77.209,2023-05-14,33.405833333333334,41.18,25.62,25.3725,39.0,3.1845833333333338,905.05,31.375,40.9,21.8,23.47048295618608,27.127405971780014,41.70553333333333,56.4196382051951,22.44780376197009,0.0,25.62,27.858333333333334,39.0,30.843055555555555,41.2,29.585833333333333,32.80111111111111,22.889999999999997,1,1,11,1,100.0,75.32,SEVERE
Delhi,28.6139,77.209,2023-05-15,33.827083333333334,42.55,25.51,26.761666666666667,40.24,4.317083333333334,975.47,31.599999999999998,42.5,21.7,23.991154583578307,27.639125200110385,43.16997222222223,63.06396966700889,24.38454221504746,0.0,25.51,26.941666666666666,39.1,32.00555555555555,42.5,30.774166666666666,33.900416666666665,24.236666666666665,1,1,12,2,100.0,80.01,SEVERE
Delhi,28.6139,77.209,2023-05-16,33.16125,40.46,25.76,28.044583333333335,46.31,4.854583333333333,704.12,30.633333333333336,40.1,22.4,23.712942609281146,27.090567654046097,40.95870555555556,53.65970779305617,20.74563441814499,0.0,25.76,26.900000000000002,38.4,31.202777777777783,42.5,30.952499999999997,33.46472222222223,25.63,1,1,13,3,100.0,73.06,SEVERE
Delhi,28.6139,77.209,2023-05-17,34.5225,41.92,25.9,31.769583333333333,51.28,3.62875,919.97,33.25833333333333,42.0,23.2,25.473317876510496,28.63536317285425,42.593427777777784,64.42159676493958,29.605929954643667,2.0100000000000002,25.9,29.25,39.6,31.83055555555556,42.5,31.981666666666666,33.83694444444445,25.72333333333333,1,1,14,4,100.0,78.9,SEVERE
Delhi,28.6139,77.209,2023-05-18,31.169166666666666,38.57,24.2,41.505,64.6,4.830416666666667,931.15,28.666666666666668,38.0,21.1,24.298692331851928,28.29980989619832,39.14913888888889,50.46389828762878,17.377094532445522,2.56,24.2,24.75,34.8,30.852777777777785,42.0,31.106666666666666,32.95097222222223,25.28666666666666,1,0,15,0,100.0,65.2,HIGH
Delhi,28.6139,77.209,2023-05-19,31.764166666666668,39.56,24.29,32.39458333333334,53.84,5.129583333333334,983.92,29.670833333333334,39.7,21.6,23.322333813856556,27.00700703196192,40.010711111111114,51.58468293163456,18.674437163554472,0.0,24.29,25.983333333333334,36.7,30.53194444444445,42.0,30.765833333333337,32.485277777777775,24.796666666666663,1,0,16,0,100.0,70.39,SEVERE
Delhi,28.6139,77.209,2023-05-20,33.51916666666667,41.38,24.88,26.20625,48.33,4.015,991.3,32.266666666666666,42.2,22.6,23.739590727112883,27.586482289312105,41.95164444444445,61.01087681962714,24.078577036415606,0.0,24.88,29.075,38.6,30.201388888888896,42.2,30.899166666666666,32.15083333333333,24.456666666666663,1,0,17,0,100.0,78.48,SEVERE
Delhi,28.6139,77.209,2023-05-21,35.07666666666667,43.74,26.94,24.84125,38.89,2.8558333333333334,980.35,33.87083333333333,43.8,22.5,24.58927412550518,28.183390357133476,44.460172222222226,68.98292952550672,30.62108638957939,0.0,26.94,29.158333333333335,40.6,31.936111111111114,43.8,31.54666666666667,33.45333333333333,25.369999999999994,1,1,18,1,100.0,85.33999999999999,EXTREME
Delhi,28.6139,77.209,2023-05-22,36.42041666666667,44.8,27.38,25.713333333333335,39.37,5.877083333333334,955.65,35.30833333333333,47.4,22.1,26.061636319802272,30.57422758394098,45.75098333333332,83.02788565037366,37.545818805211205,0.0,27.38,30.125,43.1,33.81527777777777,47.4,31.956666666666667,35.00541666666667,26.399999999999995,1,1,19,2,100.0,92.38,EXTREME
Delhi,28.6139,77.209,2023-05-23,36.91625,45.05,28.67,29.561666666666667,51.44,4.2325,900.9,36.545833333333334,46.8,26.0,27.03554891617266,30.711032123041313,46.0205,83.65716400197418,42.47055319761087,1.0,28.67,32.025,42.6,35.24166666666667,47.4,33.532500000000006,36.13777777777778,27.66333333333333,1,1,20,3,100.0,93.67,EXTREME
Delhi,28.6139,77.209,2023-05-24,34.47291666666667,39.87,28.88,35.69166666666667,51.47,2.7608333333333337,544.78,33.69583333333333,40.2,28.2,26.33012868783399,29.224040321828113,40.56611666666666,59.6423914968853,30.83349652815194,0.23,28.88,30.974999999999998,38.1,35.18333333333333,47.4,34.3375,35.936527777777776,28.31,1,1,21,4,100.0,76.48,SEVERE
Delhi,28.6139,77.209,2023-05-25,32.216249999999995,38.12,25.71,45.114583333333336,75.83,2.0383333333333336,914.55,32.125,38.0,26.3,25.615096338047568,27.82905317030631,38.623099999999994,48.46973429164845,23.422756556720614,11.78,25.71,30.40833333333333,35.9,34.12222222222223,46.8,34.30916666666667,34.53513888888889,27.75333333333333,1,1,22,5,100.0,66.71,HIGH
Delhi,28.6139,77.209,2023-05-26,28.988333333333333,34.8,25.37,54.81875,75.27,2.9608333333333334,931.2,27.84583333333333,34.2,23.5,24.14734188013813,26.758908585661327,35.22777222222222,32.717316011579726,9.99064747046604,7.86,25.37,25.291666666666668,28.8,31.222222222222225,40.2,33.10416666666667,31.892500000000002,26.653333333333332,1,1,23,6,100.0,54.970000000000006,HIGH
Delhi,28.6139,77.209,2023-05-27,30.39125,36.88,24.84,48.7175,61.95,2.872916666666667,917.05,29.366666666666664,37.0,22.8,24.635644406900365,28.34266516444226,37.49357777777779,46.652845734872685,16.127847500598516,2.18,24.84,26.724999999999998,35.5,29.77916666666667,38.0,31.91583333333333,30.531944444444445,25.30666666666666,1,0,24,0,100.0,62.84,HIGH
Delhi,28.6139,77.209,2023-05-28,30.114166666666666,35.12,25.15,46.76208333333333,63.66,2.1725,781.5,29.270833333333332,35.0,22.6,24.183953091122973,26.594664193578076,35.51710555555556,34.64617615561346,13.557015948681892,0.7200000000000001,25.15,26.45,31.3,28.82777777777778,37.0,30.460833333333333,29.83125,25.119999999999994,1,1,25,1,100.0,57.15,HIGH
Delhi,28.6139,77.209,2023-05-29,30.800416666666667,36.92,25.84,47.240833333333335,64.2,2.4525,851.5,30.2,36.4,24.3,24.76180317682729,27.611163801821895,37.429477777777784,42.9026025165768,16.692504148014848,0.5,25.84,28.5,35.1,29.6125,37.0,29.761666666666667,30.43527777777778,25.27666666666666,1,1,26,2,100.0,62.03999999999999,HIGH
Delhi,28.6139,77.209,2023-05-30,30.674166666666668,37.11,23.56,47.55875,76.13,2.797916666666667,903.1,29.741666666666664,36.1,21.7,24.6441884692633,27.579246850249557,37.60871111111112,42.14889997103854,16.86248325883383,3.67,23.56,26.84166666666667,34.1,29.7375,36.4,29.285000000000004,30.529583333333335,24.849999999999994,1,0,27,0,100.0,58.860000000000014,HIGH
Delhi,28.6139,77.209,2023-05-31,28.270833333333332,34.13,21.76,52.3975,78.18,3.9166666666666665,798.05,25.95,32.3,20.1,23.150338231985426,26.485900215892872,34.54403888888888,26.767734464103718,8.63376401122411,1.28,21.76,23.90833333333333,31.8,28.630555555555556,36.4,28.905833333333334,29.91513888888889,23.72,1,0,28,0,100.0,45.66,MODERATE
Delhi,28.6139,77.209,2023-06-01,30.25375,37.38,22.49,44.21625,68.87,3.565,902.9,28.145833333333332,36.7,20.5,23.797781020845402,27.42848993821421,37.86053888888888,43.463010877444574,14.786128021056376,0.01,22.49,24.566666666666666,33.9,27.945833333333336,36.7,28.66166666666667,29.732916666666668,22.603333333333328,1,0,29,0,100.0,59.59,HIGH
Delhi,28.6139,77.209,2023-06-02,30.716250000000002,37.42,24.27,42.58083333333333,63.08,3.750833333333333,947.85,28.84583333333333,36.3,20.8,24.06542541219194,27.38713173302357,37.89618333333333,42.38633722805621,15.162265537106686,0.01,24.27,25.825,33.9,27.647222222222222,36.7,28.576666666666664,29.74694444444445,22.84,1,0,30,0,100.0,60.16999999999999,HIGH
Delhi,28.6139,77.209,2023-06-03,31.243750000000002,38.28,25.04,37.37,55.78,3.8945833333333333,937.85,29.5625,37.4,23.3,23.697184728182943,26.954577137130318,38.69622222222222,44.25220001042476,15.643061125281015,0.63,25.04,26.758333333333336,33.8,28.85138888888889,37.4,28.449166666666667,30.737916666666667,23.933333333333326,1,1,31,1,100.0,64.24,HIGH
Delhi,28.6139,77.209,2023-06-04,28.0125,35.9,24.1,46.00791666666667,60.07,2.5370833333333334,596.05,26.433333333333334,35.0,18.9,21.99803262411179,24.78065125850438,36.054722222222225,30.373671497584542,6.8047453703703695,0.0,24.23,26.566666666666666,34.8,28.280555555555555,37.4,27.7875,29.99083333333333,24.513333333333332,1,0,32,0,100.0,56.230000000000004,HIGH
Delhi,28.6139,77.209,2023-06-05,32.93333333333333,40.24,25.52,37.01583333333333,55.83,3.5679166666666666,865.08,31.608333333333334,40.1,23.3,25.06968445707606,28.484763438022746,40.86658333333334,57.76218886479288,23.84119874726827,0.12,25.52,28.083333333333332,37.4,29.20138888888889,40.1,28.919166666666666,30.72986111111111,24.929999999999996,1,1,33,1,100.0,72.82,SEVERE
Delhi,28.6139,77.209,2023-06-06,33.52583333333333,40.91,26.27,35.4675,56.49,2.705,889.3,32.62916666666667,40.9,25.8,25.277903453549957,28.365768933902316,41.53882777777776,59.98976573890499,26.066797559006318,0.0,26.27,29.40833333333333,38.5,30.223611111111115,40.9,29.81583333333333,31.490555555555556,25.339999999999993,1,1,34,2,100.0,75.96999999999998,SEVERE
Delhi,28.6139,77.209,2023-06-07,33.47958333333333,40.66,25.76,33.00208333333333,51.0,3.1916666666666664,931.65,32.12083333333333,40.4,23.8,24.873763770185576,27.98353201376062,41.23902222222222,57.170137711336935,25.195366316710047,0.0,25.76,28.90833333333333,38.3,32.11944444444445,40.9,30.47083333333333,33.312916666666666,25.849999999999998,1,1,35,3,100.0,73.96,SEVERE
Delhi,28.6139,77.209,2023-06-08,34.770833333333336,41.98,26.8,33.17166666666667,49.72,4.312916666666667,941.6,33.833333333333336,42.9,24.5,26.05119066769844,29.782054768619332,42.773272222222225,70.3120531947469,31.898710546315133,0.0,26.8,30.183333333333334,39.9,32.861111111111114,42.9,31.325,33.92541666666667,26.276666666666667,1,1,36,4,100.0,82.49999999999999,SEVERE
Delhi,28.6139,77.209,2023-06-09,36.1425,43.0,28.89,31.645833333333332,48.11,3.9475,931.92,35.608333333333334,44.0,26.8,26.93993108617013,30.129452623741443,43.852450000000005,75.04266221905041,38.77845190127079,0.36,28.89,32.375,41.3,33.85416666666667,44.0,33.160000000000004,34.79763888888888,27.149999999999995,1,1,37,5,100.0,87.89,EXTREME
Delhi,28.6139,77.209,2023-06-10,37.13875,44.06,30.92,35.09583333333333,49.92,4.36,920.65,37.05833333333333,46.1,29.3,28.434827412492393,31.697319237279057,45.087122222222234,85.71983183343727,47.81116754328554,0.21,30.92,33.56666666666667,42.4,35.50000000000001,46.1,34.25,36.017361111111114,28.869999999999994,1,1,38,6,100.0,95.92,EXTREME
Delhi,28.6139,77.209,2023-06-11,36.265,42.09,30.03,35.750416666666666,51.4,4.7404166666666665,929.85,36.00833333333333,43.9,29.3,27.89333943381665,31.02727156070813,43.01229444444445,76.56644080051413,42.607836156348824,0.0,30.03,32.958333333333336,40.4,36.225,46.1,34.92583333333333,36.51541666666666,29.94666666666667,1,1,39,7,100.0,88.72999999999999,EXTREME
Delhi,28.6139,77.209,2023-06-12,37.17333333333333,43.26,30.57,33.287083333333335,49.89,5.46,891.83,37.18333333333333,46.3,29.0,28.189849939849726,30.961913043205055,44.201116666666664,82.84323188323835,47.14204548159419,0.0,30.57,33.483333333333334,41.8,36.75,46.3,35.93833333333333,36.85902777777778,30.506666666666664,1,1,40,8,100.0,95.57,EXTREME
Delhi,28.6139,77.209,2023-06-13,38.00541666666667,44.61,30.72,31.721249999999998,49.75,7.1554166666666665,953.25,38.2875,49.0,27.9,28.58125240636585,31.95724699773546,45.67802222222222,87.11349944731265,50.626205744905576,0.0,30.72,33.86666666666667,46.0,37.15972222222222,49.0,36.829166666666666,37.14791666666667,30.439999999999998,1,1,41,9,100.0,95.72,EXTREME
Delhi,28.6139,77.209,2023-06-14,37.54458333333333,43.68,30.9,32.441250000000004,46.83,7.742083333333333,951.62,37.59583333333333,47.3,27.9,28.40360019343768,31.535884717345745,44.68557222222222,84.98641260614352,48.670659975980804,0.0,30.9,33.375,44.2,37.68888888888889,49.0,37.22666666666667,37.574444444444445,30.73,1,1,42,10,100.0,95.9,EXTREME
Delhi,28.6139,77.209,2023-06-15,35.420833333333334,40.08,29.82,40.00833333333333,57.65,5.641666666666667,848.5,35.375,41.4,29.3,27.934742817510937,30.853693087632447,40.991122222222224,68.22727249961231,40.55970064346659,0.0,29.82,33.416666666666664,40.1,37.086111111111116,49.0,36.89,36.99027777777778,30.48,1,1,43,11,100.0,81.01999999999998,SEVERE
Delhi,28.6139,77.209,2023-06-16,36.1025,41.2,30.19,39.3975,57.07,3.5345833333333334,860.88,36.270833333333336,42.1,29.9,28.38978977219996,30.769863310809075,42.09413333333334,70.68492326576057,45.200862388344866,1.15,30.19,34.050000000000004,40.1,36.41388888888889,47.3,36.9425,36.35597222222222,30.30333333333333,1,1,44,12,100.0,83.49,SEVERE
Delhi,28.6139,77.209,2023-06-17,35.512499999999996,41.0,29.75,38.458333333333336,56.59,3.3962499999999998,850.5,35.1,41.4,29.8,27.748972456741242,30.774778221550804,41.8945,68.77607379508719,39.38419480654555,0.81,29.75,33.300000000000004,40.3,35.58194444444445,42.1,36.52583333333333,35.67861111111111,29.919999999999998,1,1,45,13,100.0,80.94999999999999,SEVERE
Delhi,28.6139,77.209,2023-06-18,35.01833333333334,40.18,29.66,45.317499999999995,62.83,2.8891666666666667,806.2,35.1625,40.7,30.4,28.343290365576596,30.94969831884218,41.10216666666667,66.80170365217872,42.000183149389194,1.13,29.66,32.78333333333333,37.4,35.51111111111112,42.1,35.90083333333333,35.544444444444444,29.866666666666664,1,1,46,14,100.0,78.76,SEVERE
Delhi,28.6139,77.209,2023-06-19,33.8825,38.16,29.76,50.08708333333333,65.82,4.3549999999999995,575.0,33.854166666666664,37.8,29.8,28.012638832008463,29.765547835573525,40.36879122771565,54.2005613811167,37.40945431450354,2.23,29.76,32.458333333333336,36.3,34.705555555555556,41.4,35.1525,34.80444444444444,29.723333333333333,1,1,47,15,100.0,70.16,SEVERE
Delhi,28.6139,77.209,2023-06-20,33.66916666666667,38.6,29.3,55.024166666666666,73.38,3.02375,864.3,34.295833333333334,38.7,30.8,28.412423405837576,30.635129581732286,42.72317480073644,59.53466893843358,40.21253632456044,7.98,29.3,33.166666666666664,37.9,34.43750000000001,40.7,34.93666666666667,34.190000000000005,29.573333333333334,1,1,48,16,100.0,72.4,SEVERE
Delhi,28.6139,77.209,2023-06-21,33.85958333333333,38.08,29.8,50.42916666666667,69.69,2.2325,777.28,34.454166666666666,38.7,30.8,28.047976744828333,29.945680270319613,41.228457371428874,56.68873163221489,38.89675666708332,1.03,29.8,32.875,37.2,34.20138888888889,38.7,34.57333333333334,33.80375,29.62,1,1,49,17,100.0,72.9,SEVERE
Delhi,28.6139,77.209,2023-06-22,35.444583333333334,39.51,30.25,54.19916666666666,69.22,1.8741666666666665,763.72,37.31666666666667,40.8,31.2,30.01427384862883,32.054232236666174,48.12404827482094,76.5206305337597,57.40788992738583,4.19,30.25,35.75,39.7,35.35555555555556,40.8,35.016666666666666,34.324444444444445,29.78333333333333,1,1,50,18,100.0,79.64999999999999,SEVERE
Delhi,28.6139,77.209,2023-06-23,35.681666666666665,39.42,31.85,50.302083333333336,64.29,2.1179166666666664,643.17,36.99166666666667,40.1,34.1,29.717560562485968,31.418955484586228,44.99775229858119,67.6962957276081,53.77131215141777,0.66,31.85,35.65833333333333,39.2,36.25416666666667,40.8,35.3825,34.99527777777778,30.63333333333333,1,1,51,19,100.0,79.15,SEVERE
Delhi,28.6139,77.209,2023-06-24,32.342083333333335,37.83,27.95,67.99499999999999,92.24,2.985,512.45,33.65833333333333,38.8,29.3,28.716141647773856,30.971589929907573,45.16116212919277,65.70708468467295,40.84563556648355,19.74,27.95,33.65,38.8,35.988888888888894,40.8,35.343333333333334,34.489444444444445,30.016666666666666,1,1,52,20,100.0,71.35,SEVERE
Delhi,28.6139,77.209,2023-06-25,30.017083333333332,32.71,26.63,75.20583333333333,91.86,1.7758333333333332,191.85,32.30833333333333,34.4,29.2,27.462904981261477,28.488157869394385,39.04715562291822,41.85894087532333,30.759584428998277,11.46,26.63,31.625,34.3,34.31944444444445,40.1,34.94583333333334,32.680277777777775,28.81,1,1,53,21,100.0,56.83,HIGH
Delhi,28.6139,77.209,2023-06-26,31.69125,36.76,26.92,61.009166666666665,90.35,2.3995833333333336,522.0,32.604166666666664,36.6,29.3,27.341627072376383,29.367617583522833,40.8371102415326,51.543754258996294,31.245954637161926,3.39,26.92,30.816666666666666,33.8,32.856944444444444,38.8,34.575833333333335,31.35013888888889,27.16666666666666,1,1,54,22,100.0,63.72,HIGH
Delhi,28.6139,77.209,2023-06-27,32.149166666666666,36.89,27.9,58.754999999999995,76.99,2.5108333333333333,642.12,32.84583333333334,37.1,29.6,27.563790775396104,29.83963527332987,41.97144429389719,55.28755303207413,33.116138721756776,6.37,27.9,31.766666666666666,35.9,32.586111111111116,37.1,33.681666666666665,31.285833333333333,27.149999999999995,1,1,55,23,100.0,66.2,HIGH
Delhi,28.6139,77.209,2023-06-28,31.985,36.26,27.76,62.44125,77.52,3.438333333333333,752.22,32.354166666666664,36.8,28.1,27.880719988078322,30.291045746183674,43.445937292954504,57.17395227590275,33.53657277908025,9.8,27.76,30.28333333333333,34.4,32.60138888888889,37.1,32.75416666666666,31.941805555555558,27.526666666666667,1,1,56,24,100.0,65.15999999999998,HIGH
Delhi,28.6139,77.209,2023-06-29,31.12875,35.68,26.82,68.56208333333333,90.69,3.5516666666666663,742.75,31.808333333333334,35.6,27.7,27.729107325535946,29.844631065683927,42.18551380507871,51.48868781016371,31.01140280501814,13.71,26.82,30.183333333333334,33.4,32.336111111111116,37.1,32.384166666666665,31.754305555555558,27.49333333333333,1,1,57,25,100.0,60.620000000000005,HIGH
Delhi,28.6139,77.209,2023-06-30,30.375,34.56,25.94,71.71625,92.73,2.995416666666667,741.33,31.241666666666664,35.6,27.8,27.39977131797757,29.330962763867642,40.984291818254995,49.15314204660728,27.647821753196453,8.530000000000001,25.94,29.650000000000002,33.4,31.801388888888894,36.8,32.170833333333334,31.162916666666664,26.84,1,1,58,26,100.0,59.74000000000001,HIGH
Delhi,28.6139,77.209,2024-04-01,25.859583333333333,34.17,18.4,26.79875,50.67,5.02625,817.33,21.120833333333334,31.4,14.0,17.812528403207075,23.065273540604377,34.10942222222223,19.68210628019324,3.701904790660224,0.0,18.4,18.51666666666667,29.2,28.05694444444445,35.6,29.874166666666667,29.12111111111111,23.72,0,0,0,0,0.0,16.199999999999992,LOW
Delhi,28.6139,77.209,2024-04-02,26.916666666666668,35.91,17.82,19.155416666666667,35.12,4.194583333333333,953.75,23.045833333333334,33.3,13.3,17.19116179680488,21.94267899077665,35.79233888888887,25.89551207729466,6.878023953301127,0.0,17.82,19.383333333333333,30.2,25.136111111111116,35.6,27.914166666666667,27.717083333333335,20.72,1,0,1,0,12.0,24.89999999999999,LOW
Delhi,28.6139,77.209,2024-04-03,29.73375,37.83,20.88,20.949583333333333,32.94,1.6395833333333334,822.62,27.7375,36.6,19.5,19.80621591728583,23.962876233940754,37.959694444444445,36.0301690821256,12.680650563607086,0.0,20.88,23.483333333333334,34.5,23.968055555555562,36.6,26.99083333333333,27.503333333333334,19.03333333333333,1,0,2,0,24.0,38.67999999999999,MODERATE
Delhi,28.6139,77.209,2024-04-04,30.079166666666666,38.48,22.56,18.08625,30.0,2.8575,872.35,27.133333333333336,37.2,19.8,19.573320980124112,24.22443659239868,38.65772222222222,38.137149758454115,12.30721960547504,0.0,22.56,24.05,35.3,25.97222222222223,37.2,26.055833333333332,28.909861111111113,20.419999999999998,1,0,3,0,36.0,45.16000000000001,MODERATE
Delhi,28.6139,77.209,2024-04-05,27.93875,36.96,19.05,22.312916666666666,32.32,3.997916666666667,812.42,24.287499999999998,35.0,14.7,18.676224520678165,23.712951847255376,37.034811111111104,31.225922705314005,8.275353260869565,0.0,19.05,21.308333333333334,34.9,26.386111111111116,37.2,24.665,29.250555555555554,20.83,1,0,4,0,48.0,39.0,MODERATE
Delhi,28.6139,77.209,2024-04-06,27.52333333333333,37.55,18.5,18.11,33.6,3.749166666666667,911.83,23.787499999999998,35.6,14.0,17.543976416259465,23.401246378663892,37.62114444444444,33.23577777777778,9.762522141706926,0.0,18.5,19.474999999999998,33.3,25.069444444444446,37.2,25.19833333333333,28.513749999999998,20.036666666666665,1,0,5,0,60.0,43.800000000000004,MODERATE
Delhi,28.6139,77.209,2024-04-07,28.49875,37.71,18.38,15.147916666666667,25.09,3.6279166666666662,983.45,25.25,35.6,14.1,17.697338618328704,22.60101321463528,37.726905555555554,33.32774396135266,9.916536634460547,0.0,18.38,21.55,32.4,24.441666666666666,35.6,25.639166666666664,27.986944444444443,18.64333333333333,1,0,6,0,72.0,46.800000000000004,MODERATE
Delhi,28.6139,77.209,2024-04-08,29.105416666666667,39.16,19.76,16.03375,26.31,3.4137500000000003,947.47,25.991666666666664,37.6,15.5,18.290481364151724,23.793697784653904,39.33705,39.72786956521739,12.737699879227051,0.0,19.76,21.875,34.9,25.009722222222223,37.6,25.29,28.375833333333333,18.88,1,0,7,0,84.0,55.800000000000004,HIGH
Delhi,28.6139,77.209,2024-04-09,29.578333333333333,39.58,20.0,14.900416666666667,28.8,2.93375,779.75,26.641666666666666,38.0,16.8,18.350809278545032,23.78277268385429,39.77868333333333,41.11189855072464,13.233068035426733,0.0,20.0,22.416666666666668,35.4,25.96111111111112,38.0,25.191666666666663,29.060833333333335,19.38,1,0,8,0,96.0,60.0,HIGH
Delhi,28.6139,77.209,2024-04-10,30.753333333333334,40.2,20.67,21.261666666666667,55.06,2.2591666666666668,889.12,28.52916666666667,38.9,17.5,20.011197608797588,24.109944370812332,40.45415555555556,43.94926570048309,15.434042270531402,0.0,20.67,24.233333333333334,36.4,27.054166666666674,38.9,26.04,29.812361111111112,20.14333333333333,1,0,9,0,100.0,64.36999999999999,HIGH
Delhi,28.6139,77.209,2024-04-11,32.139583333333334,40.4,23.54,21.92375,44.77,1.23,841.58,30.325,38.7,22.4,21.644514356795437,24.9133317597138,40.72089444444444,43.68121256038648,16.176365338164253,0.33,23.54,27.416666666666668,36.6,28.498611111111117,38.9,27.347500000000004,30.82375,21.403333333333332,1,0,10,0,100.0,66.64000000000001,HIGH
Delhi,28.6139,77.209,2024-04-12,31.834166666666665,39.72,25.02,23.565416666666668,37.21,2.2729166666666667,782.67,29.941666666666666,38.9,22.2,21.875514741488562,25.661912862697385,40.067416666666674,45.598709602584904,16.946189229364048,0.0,25.02,26.516666666666666,36.8,29.598611111111115,38.9,28.285833333333336,31.57569444444444,23.076666666666664,1,1,11,1,100.0,68.71999999999998,HIGH
Delhi,28.6139,77.209,2024-04-13,31.674166666666668,39.77,23.21,27.37875,49.71,2.877916666666667,726.38,29.925,39.1,21.6,22.45632558354184,26.95841570626902,40.23417222222222,50.13322296421768,17.984592033451253,0.39,23.21,26.0,36.5,30.063888888888894,39.1,29.072499999999998,31.88263888888889,23.923333333333332,1,0,12,0,100.0,67.50999999999999,HIGH
Delhi,28.6139,77.209,2024-04-14,30.9075,36.17,22.85,31.867499999999996,51.34,2.11,714.47,29.558333333333334,35.3,21.3,22.748608391631794,25.7605181133701,36.4452,33.744771731414644,13.825465941905781,1.89,22.85,27.166666666666668,34.4,29.808333333333337,39.1,29.655833333333334,31.471944444444443,23.69333333333333,1,0,13,0,100.0,55.74999999999999,HIGH
Delhi,28.6139,77.209,2024-04-15,29.06375,34.53,24.04,39.98416666666667,52.72,3.125,620.15,26.758333333333336,33.1,21.2,22.437771198647024,25.625425506435604,34.80726666666666,26.415204055538698,7.341816723138405,0.06,24.04,23.900000000000002,27.6,28.74722222222223,39.1,29.30166666666667,30.548472222222227,23.366666666666664,1,0,14,0,100.0,50.34,HIGH
Delhi,28.6139,77.209,2024-04-16,30.036666666666665,36.99,23.13,31.15041666666667,55.25,5.25,945.62,26.308333333333334,35.6,17.7,21.911281441318256,25.97834771993871,37.283227777777775,35.53058926921622,11.12347011357639,0.0,23.13,22.65833333333333,32.9,27.541666666666675,35.6,28.498333333333335,30.002638888888885,23.339999999999993,1,0,15,0,100.0,56.93000000000001,HIGH
Delhi,28.6139,77.209,2024-04-17,29.769166666666667,37.05,21.92,23.229583333333334,45.87,5.960416666666667,974.7,25.991666666666664,36.0,16.7,20.16586735182754,23.54780212028225,37.11318333333333,33.79407246376812,10.138318438003223,0.0,21.92,21.991666666666664,31.7,26.352777777777785,36.0,27.708333333333336,29.623194444444447,23.03,1,0,16,0,100.0,56.92,HIGH
Delhi,28.6139,77.209,2024-04-18,31.191666666666666,38.95,22.66,24.855,41.78,4.337083333333333,959.78,28.75,38.4,18.0,21.663023302139763,25.861023253047687,39.285694444444445,44.26628231952954,15.386110553818696,0.0,22.66,24.675,36.3,27.01666666666667,38.4,27.473333333333336,30.3325,22.569999999999997,1,0,17,0,100.0,64.85999999999999,HIGH
Delhi,28.6139,77.209,2024-04-19,31.989583333333332,40.91,22.48,23.508333333333336,43.49,4.1379166666666665,955.08,29.358333333333334,40.5,18.8,22.08562574996804,27.095770844910913,41.41453888888887,55.01586325937042,19.612672444150306,0.0,22.48,24.375,36.4,28.033333333333335,40.5,27.43333333333333,30.983472222222222,22.353333333333335,1,0,18,0,100.0,70.98,SEVERE
Delhi,28.6139,77.209,2024-04-20,30.922083333333333,38.82,22.24,24.472916666666666,42.37,4.120833333333334,931.45,27.925,37.8,18.8,21.376249149642234,25.749873461620805,39.14138888888888,42.30734985346143,14.336215183064757,0.0,22.24,24.15833333333333,35.5,28.677777777777788,40.5,27.666666666666668,31.367777777777775,22.459999999999997,1,0,19,0,100.0,62.639999999999986,HIGH
Delhi,28.6139,77.209,2024-04-21,32.02916666666667,39.04,23.27,25.17833333333333,43.48,4.213333333333334,799.25,29.45,38.1,19.9,22.431721385935106,25.636926540138347,39.36014999999999,42.90873614215416,15.609807618512852,0.0,23.27,26.208333333333332,35.1,28.911111111111115,40.5,28.294999999999998,31.646944444444443,22.66333333333333,1,0,20,0,100.0,64.57000000000001,HIGH
Delhi,28.6139,77.209,2024-04-22,31.685833333333335,38.62,25.1,22.843333333333334,42.59,3.6079166666666667,952.78,29.120833333333334,37.6,20.7,21.88576487575453,26.33345701291843,38.98092222222222,43.08353021059325,15.20066632645237,0.0,25.1,25.691666666666666,35.5,28.83194444444445,38.1,28.920833333333338,31.545694444444447,23.53666666666666,1,1,21,1,100.0,64.9,HIGH
Delhi,28.6139,77.209,2024-04-23,32.03916666666667,40.29,24.16,19.622083333333332,34.37,2.4929166666666664,920.12,30.041666666666668,39.3,21.6,21.25929887608191,25.391206872454894,40.64115,46.285490182582066,17.70587208598753,0.81,24.16,26.8,37.9,29.537500000000005,39.3,29.179166666666667,31.918055555555554,24.176666666666666,1,0,22,0,100.0,69.05999999999999,HIGH
Delhi,28.6139,77.209,2024-04-24,31.067916666666665,39.38,23.46,21.67625,33.67,3.86,954.9,28.445833333333336,38.5,19.5,20.996279769832608,25.706475244576204,39.71691666666666,44.42761413952571,15.209945975032065,0.0,23.46,24.858333333333334,35.7,29.202777777777783,39.3,28.99666666666667,31.59763888888889,24.24,1,0,23,0,100.0,65.96,HIGH
Delhi,28.6139,77.209,2024-04-25,32.821666666666665,41.03,23.67,19.095833333333335,34.12,4.3741666666666665,954.7,30.704166666666666,41.5,20.0,21.805094054951116,26.23042999467743,41.47734444444444,55.01251338537219,19.963342334060954,0.0,23.67,26.950000000000003,38.6,29.730555555555565,41.5,29.5525,31.976249999999997,23.763333333333332,1,0,24,0,100.0,75.17,SEVERE
Delhi,28.6139,77.209,2024-04-26,34.33875,41.87,25.26,18.859166666666667,33.23,3.1141666666666663,935.62,32.25,41.3,22.5,22.96024538509198,26.456370347348496,42.374449999999996,55.988197998567216,23.915175666771997,0.5,25.26,28.416666666666668,38.5,30.46666666666667,41.5,30.1125,32.742777777777775,24.13,1,1,25,1,100.0,76.16,SEVERE
Delhi,28.6139,77.209,2024-04-27,32.76833333333333,40.82,24.16,21.66125,38.32,3.7862500000000003,929.25,30.34166666666667,40.3,20.9,22.32313335233763,26.818106578034044,41.30352777777778,53.53498037334969,20.263665373997465,0.0,24.16,26.34166666666667,38.1,31.098611111111115,41.5,30.356666666666666,33.30958333333333,24.36333333333333,1,0,26,0,100.0,72.05999999999999,SEVERE
Delhi,28.6139,77.209,2024-04-28,32.441250000000004,40.07,24.36,22.93875,38.7,2.9137500000000003,870.4,30.45,39.2,21.4,22.253482881357996,25.850810494343545,40.446672222222226,47.24518993713693,17.994170107377947,0.0,24.36,27.2,36.4,31.013888888888896,41.3,30.438333333333333,33.18277777777777,24.59333333333333,1,0,27,0,100.0,68.96000000000001,HIGH
Delhi,28.6139,77.209,2024-04-29,32.858333333333334,41.08,23.09,26.105833333333333,51.63,4.6033333333333335,946.22,30.291666666666668,40.5,19.4,22.793196304491687,26.133386749460076,41.51615555555554,51.99190904065076,20.933122988676836,0.0,23.09,26.108333333333334,38.5,30.361111111111114,40.5,30.807500000000005,32.689305555555556,23.869999999999994,1,0,28,0,100.0,71.59,SEVERE
Delhi,28.6139,77.209,2024-04-30,29.722083333333334,38.7,20.19,17.087500000000002,51.62,4.303333333333334,995.15,25.945833333333336,36.9,15.1,18.720354881573375,22.915659112409177,38.79057777777777,37.5026763285024,12.420932568438,0.0,20.19,21.808333333333334,34.0,28.89583333333334,40.5,29.855833333333333,31.673888888888893,22.546666666666667,1,0,29,0,100.0,57.88999999999999,HIGH
Delhi,28.6139,77.209,2024-05-01,27.499166666666667,35.85,19.11,19.850833333333334,38.67,5.405833333333334,904.28,23.329166666666666,33.8,14.5,17.731776053741473,21.984771857271287,35.73260555555555,27.07605797101449,7.583146135265701,0.0,19.11,19.650000000000002,31.7,26.522222222222226,40.5,28.071666666666665,30.026527777777776,20.796666666666667,1,0,30,0,100.0,48.39999999999999,MODERATE
Delhi,28.6139,77.209,2024-05-02,29.174166666666665,37.94,19.19,17.507916666666667,32.15,4.210833333333333,1004.7,25.5125,36.2,14.7,18.719204404754983,23.414583215569305,38.02638333333333,35.088159420289855,10.460708735909824,0.0,19.19,21.016666666666666,31.6,24.929166666666674,36.9,27.105833333333333,28.79847222222222,19.496666666666666,1,0,31,0,100.0,55.60000000000001,HIGH
Delhi,28.6139,77.209,2024-05-03,32.23,40.15,21.94,15.127916666666666,25.54,4.671666666666667,908.5,29.491666666666664,39.6,18.2,20.457889425479934,24.04943628160861,40.39863333333332,45.65098550724637,16.193776771336555,0.0,21.94,25.516666666666666,35.6,26.111111111111114,39.6,26.914166666666667,29.63444444444444,20.08,1,0,32,0,100.0,67.74,HIGH
Delhi,28.6139,77.209,2024-05-04,33.7475,42.71,24.75,17.042916666666667,35.41,3.1925000000000003,959.45,31.858333333333334,42.4,21.8,21.92989892264247,26.36980573370758,43.25223333333333,59.24179401271694,22.957354297897353,0.0,24.75,27.61666666666667,39.1,28.95416666666667,42.4,27.2275,31.71722222222222,21.959999999999997,1,0,33,0,100.0,78.94999999999999,SEVERE
Delhi,28.6139,77.209,2024-05-05,34.82875,43.84,24.85,20.522083333333335,35.81,4.089166666666666,943.4,32.725,44.0,21.3,23.643679084071533,28.337848043977676,44.576438888888894,70.29740403531468,28.014433670014636,0.0,24.85,28.099999999999998,41.3,31.358333333333338,44.0,28.583333333333332,33.60208333333333,23.846666666666664,1,0,34,0,100.0,83.85,SEVERE
Delhi,28.6139,77.209,2024-05-06,35.007083333333334,43.03,26.99,20.475416666666668,32.61,3.7266666666666666,928.4,33.40416666666667,43.2,24.4,23.869886948601707,28.223744468492914,43.72121111111111,67.21141698035797,28.895617744352553,0.0,26.99,29.483333333333334,40.3,32.6625,44.0,30.598333333333336,34.52777777777777,25.53,1,1,35,1,100.0,83.59,SEVERE
Delhi,28.6139,77.209,2024-05-07,36.0225,43.37,27.48,19.054166666666667,30.48,2.1266666666666665,891.7,34.34583333333333,43.0,24.1,24.31642965170894,28.153752037245088,44.071188888888884,66.80576818902995,32.043517062462705,0.0,27.48,30.616666666666664,40.6,33.491666666666674,44.0,32.364999999999995,35.286111111111104,26.439999999999998,1,1,36,2,100.0,83.48,SEVERE
Delhi,28.6139,77.209,2024-05-08,34.51958333333334,43.13,25.68,21.844166666666666,43.84,3.7529166666666662,898.8,31.770833333333332,42.7,20.5,23.43235586450871,27.322018152816163,43.75862222222223,63.266478955689344,25.867069502423664,0.03,25.68,26.974999999999998,40.7,33.173611111111114,43.2,32.82083333333333,35.18305555555555,26.716666666666665,1,1,37,3,100.0,80.78,SEVERE
Delhi,28.6139,77.209,2024-05-09,33.42541666666667,40.91,25.64,27.974166666666665,44.68,3.063333333333333,906.35,31.441666666666666,40.8,20.5,24.0847831174473,28.137941629698016,41.50383888888888,58.956800734504675,23.331320597540998,0.0,25.64,26.875,36.4,32.519444444444446,43.0,32.7375,34.655833333333334,26.266666666666666,1,1,38,4,100.0,75.03999999999999,SEVERE
Delhi,28.6139,77.209,2024-05-10,34.56666666666667,41.9,26.65,29.25125,49.26,3.0816666666666666,898.53,32.862500000000004,41.6,22.6,25.083537269265946,28.159619775616406,42.54061666666666,61.6842994936487,27.54095544902592,0.04,26.65,28.55,38.1,32.025000000000006,42.7,32.765,34.17055555555555,25.989999999999995,1,1,39,5,100.0,78.44999999999999,SEVERE
Delhi,28.6139,77.209,2024-05-11,34.464999999999996,41.73,27.6,26.677083333333332,49.11,2.2433333333333336,881.8,33.604166666666664,41.8,26.5,24.672942922291828,28.458303496576296,42.380250000000004,63.213475707120175,28.684714342010817,0.38000000000000006,27.6,30.266666666666666,38.1,32.63611111111111,41.8,32.805,34.152361111111105,26.63,1,1,40,6,100.0,79.99999999999999,SEVERE
Delhi,28.6139,77.209,2024-05-12,34.81041666666667,41.92,27.78,24.14125,38.97,2.862083333333333,860.75,33.6,41.9,25.9,24.496008630576416,28.13553485635355,42.55948333333334,62.68659007630704,28.59839216454853,0.03,27.78,29.991666666666664,39.2,33.355555555555554,41.9,32.65583333333334,34.61402777777777,27.343333333333334,1,1,41,7,100.0,80.47999999999999,SEVERE
Delhi,28.6139,77.209,2024-05-13,34.528333333333336,42.4,25.36,18.368750000000002,35.11,2.8266666666666667,881.0,32.725,42.2,21.9,23.086481374492806,27.661869114358097,43.02168333333333,62.41750589379893,27.17959106458707,0.0,25.36,29.116666666666664,40.6,33.30972222222223,42.2,32.84666666666667,34.60124999999999,26.91333333333333,1,1,42,8,100.0,78.96000000000001,SEVERE
Delhi,28.6139,77.209,2024-05-14,34.642916666666665,43.09,25.63,15.086666666666666,25.99,3.4791666666666665,920.97,32.9,43.2,22.7,22.39103749253862,27.16404573881258,43.70600555555556,64.01909856909475,26.370703731830886,0.0,25.63,28.933333333333334,40.7,33.07500000000001,43.2,33.138333333333335,34.660555555555554,26.256666666666664,1,1,43,9,100.0,82.23,SEVERE
Delhi,28.6139,77.209,2024-05-15,35.37,43.64,26.63,10.902916666666668,16.4,2.8958333333333335,957.12,33.55416666666667,43.2,23.4,21.878758772358434,26.743335411677027,44.25747777777778,63.23650865049002,27.97216109190954,0.0,26.63,29.766666666666666,41.2,33.05972222222223,43.2,33.276666666666664,34.84708333333333,25.87333333333333,1,1,44,10,100.0,83.23,SEVERE
Delhi,28.6139,77.209,2024-05-16,37.46708333333333,44.87,26.86,13.742083333333333,22.82,2.1504166666666666,923.33,36.1875,44.8,23.8,24.151620889664745,28.27847263217492,45.6465111111111,73.0215048530465,37.70034146473731,0.0,26.86,32.300000000000004,42.2,34.213888888888896,44.8,33.79333333333334,35.82666666666666,26.37333333333333,1,1,45,11,100.0,88.25999999999999,EXTREME
Delhi,28.6139,77.209,2024-05-17,38.46375,46.63,29.45,14.25625,23.01,3.0070833333333336,923.4,37.375,46.9,27.1,24.939689916973318,29.1286552830934,47.56788888888889,80.27108662222706,42.354213023586794,0.0,29.45,33.5,44.5,35.705555555555556,46.9,34.54833333333333,37.10027777777777,27.646666666666665,1,1,46,12,100.0,94.45,EXTREME
Delhi,28.6139,77.209,2024-05-18,38.343333333333334,46.88,30.15,15.613750000000001,26.83,3.7516666666666665,919.38,37.512499999999996,48.6,27.8,25.22237939873655,29.873435509937067,47.87500555555557,82.61246238315178,42.63756071429689,0.0,30.15,33.21666666666667,44.7,37.025,48.6,35.50583333333333,38.09138888888888,28.819999999999997,1,1,47,13,100.0,95.15,EXTREME
Delhi,28.6139,77.209,2024-05-19,39.10333333333333,47.13,30.65,18.12125,28.84,4.290416666666666,914.17,38.6625,49.6,28.7,26.424969268929903,30.435803423589434,48.17794444444444,84.7230141355026,47.05797667913719,0.0,30.65,34.35,45.6,37.85,49.6,36.65833333333334,38.63680555555555,30.083333333333332,1,1,48,14,100.0,95.64999999999999,EXTREME
Delhi,28.6139,77.209,2024-05-20,38.87583333333333,47.01,30.97,14.950833333333334,28.13,4.1120833333333335,922.75,38.30833333333333,49.6,28.9,25.45721791560659,29.856339406314877,48.00442777777777,82.75945783247121,44.970798747080956,0.0,30.97,34.00833333333333,45.3,38.16111111111112,49.6,37.60916666666667,38.774166666666666,30.589999999999993,1,1,49,15,100.0,95.97,EXTREME
Delhi,28.6139,77.209,2024-05-21,37.61958333333333,45.96,29.17,16.062916666666666,26.28,2.7862500000000003,923.5,36.275,45.8,26.0,24.75703183180246,28.76856658385211,46.83689444444445,77.86329200411512,38.64712866665207,0.0,29.17,32.15,43.0,37.74861111111111,49.6,37.626666666666665,38.532916666666665,30.263333333333332,1,1,50,16,100.0,93.57,EXTREME
Delhi,28.6139,77.209,2024-05-22,37.60583333333333,45.02,29.62,20.389166666666664,42.8,3.828333333333333,883.28,35.90416666666667,45.0,25.9,25.70482965109942,29.033700135045656,45.86425555555556,76.00480088822876,38.23929993320939,0.0,29.62,31.650000000000002,42.8,36.82916666666667,49.6,37.332499999999996,38.03374999999999,29.919999999999998,1,1,51,17,100.0,91.62,EXTREME
Delhi,28.6139,77.209,2024-05-23,36.66708333333333,43.06,30.12,30.471666666666668,45.93,4.664166666666667,892.47,35.525,43.7,27.2,27.21366559346083,30.36943688250423,43.92758888888889,75.07747006780255,39.65391686772701,0.0,30.12,31.75,41.4,35.901388888888896,45.8,36.934999999999995,37.29749999999999,29.636666666666667,1,1,52,18,100.0,88.22000000000001,EXTREME
Delhi,28.6139,77.209,2024-05-24,36.77041666666667,43.11,30.23,29.674166666666668,46.07,2.935416666666667,895.08,36.06666666666667,43.6,27.2,27.184093450765342,30.328538499504962,43.97553888888889,74.40379882586114,41.121216780921564,0.0,30.23,32.325,40.8,35.831944444444446,45.0,36.41583333333333,37.014444444444436,29.99,1,1,53,19,100.0,88.03000000000002,EXTREME
Delhi,28.6139,77.209,2024-05-25,38.204166666666666,46.22,30.06,19.831666666666667,39.96,3.44,866.28,37.61666666666667,47.7,28.1,26.203737921321622,30.55129548698064,47.21454444444444,84.18185388310195,44.97763148577118,0.0,30.06,33.24166666666667,43.8,36.40277777777778,47.7,36.277499999999996,37.21388888888888,30.136666666666667,1,1,54,20,100.0,95.06,EXTREME
Delhi,28.6139,77.209,2024-05-26,39.427083333333336,47.84,29.91,17.1575,32.09,3.7899999999999996,977.4,39.15416666666667,49.9,27.8,26.41818049944038,30.869167797927332,48.95555000000001,86.69928600247766,48.65700899115199,0.0,29.91,34.43333333333333,45.4,37.612500000000004,49.9,36.85333333333334,38.13388888888889,30.066666666666663,1,1,55,21,100.0,94.91,EXTREME
Delhi,28.6139,77.209,2024-05-27,39.53916666666667,47.76,30.44,13.254166666666668,32.81,3.1320833333333336,948.6,38.62083333333333,48.5,28.4,25.435374810810046,30.07610093197675,48.811149999999984,83.9448583514858,47.01005804602528,0.0,30.44,34.458333333333336,45.9,38.463888888888896,49.9,37.39666666666667,39.05680555555555,30.136666666666667,1,1,56,22,100.0,95.44,EXTREME
Delhi,28.6139,77.209,2024-05-28,40.08583333333333,48.5,30.23,9.82625,15.97,2.922083333333333,995.9,38.987500000000004,49.4,27.4,24.81728056499053,29.6320872268928,49.579455555555555,83.53057085942237,46.91135519623421,0.0,30.23,34.15833333333333,46.5,38.92083333333334,49.9,38.089166666666664,39.68402777777777,30.19333333333333,1,1,57,23,100.0,95.23,EXTREME
Delhi,28.6139,77.209,2024-05-29,40.19708333333333,48.07,30.78,12.22375,23.11,3.2466666666666666,966.55,39.22083333333333,48.6,28.5,25.624393012711835,29.906641888970267,49.13804999999999,83.9283630984166,48.67870766564382,0.0,30.78,34.675,45.6,38.94305555555556,49.4,38.720000000000006,39.94069444444444,30.483333333333334,1,1,58,24,100.0,95.78,EXTREME
Delhi,28.6139,77.209,2024-05-30,39.13458333333333,47.77,31.31,11.352083333333333,25.47,4.3620833333333335,950.55,38.15416666666667,48.3,28.8,24.60477043122984,30.51061712902634,48.76992777777778,83.79053100899841,45.12161360486426,0.0,31.31,34.800000000000004,47.7,38.7875,49.4,38.8275,39.80583333333333,30.77333333333333,1,1,59,25,100.0,96.31,EXTREME
Delhi,28.6139,77.209,2024-05-31,39.490833333333335,48.21,30.67,12.482083333333334,25.63,3.9745833333333334,967.08,38.520833333333336,49.6,28.0,25.010672515805947,29.483957847499386,49.263327777777775,82.81128900143536,44.860116509540596,0.0,30.67,34.1,47.0,38.63194444444445,49.6,38.700833333333335,39.607499999999995,30.919999999999998,1,1,60,26,100.0,95.67,EXTREME
Delhi,28.6139,77.209,2024-06-01,38.65875,45.9,30.84,17.611666666666668,40.58,3.7541666666666664,748.85,37.6,46.1,28.4,25.794045088924573,28.97726505770741,46.7863,79.07577268405872,43.57007469288015,0.01,30.84,33.99166666666667,45.2,38.09166666666667,49.6,38.49666666666667,39.09472222222222,30.939999999999998,1,1,61,27,100.0,95.84,EXTREME
Delhi,28.6139,77.209,2024-06-02,38.83416666666667,45.92,31.18,20.49875,40.19,2.8783333333333334,946.55,38.300000000000004,46.4,29.2,26.815607198135037,30.219209234033556,46.892116666666666,82.95512045572386,47.844278826581764,0.0,31.18,35.025,44.2,38.14027777777778,49.6,38.35916666666667,38.99458333333333,30.896666666666665,1,1,62,28,100.0,96.18,EXTREME
Delhi,28.6139,77.209,2024-06-03,39.473333333333336,46.35,31.7,17.892083333333332,29.5,4.307083333333334,921.58,39.199999999999996,48.5,29.9,26.74555757282381,30.208505935164897,47.34266111111111,83.31478833689566,49.42484363121546,2.0300000000000002,31.7,35.358333333333334,44.9,38.36666666666667,48.5,38.355,38.988749999999996,31.24,1,1,63,29,100.0,96.7,EXTREME
Delhi,28.6139,77.209,2024-06-04,39.38291666666667,46.15,31.35,19.371666666666666,29.85,3.0941666666666667,841.58,39.1625,47.0,29.6,27.04539481868973,30.323244314192394,47.14015555555555,83.44479546615214,50.66902227417889,0.01,31.35,35.958333333333336,44.8,38.8875,48.5,38.55666666666667,39.23013888888889,31.409999999999997,1,1,64,30,100.0,96.35,EXTREME
Delhi,28.6139,77.209,2024-06-05,38.58083333333334,46.09,30.49,22.31125,34.17,4.617916666666667,813.9,38.27916666666667,47.8,28.8,27.037189886759236,30.394470823657706,47.08355555555557,83.64737382363013,47.65828244620585,1.33,30.49,34.233333333333334,44.6,38.88055555555556,48.5,38.50833333333334,39.14569444444444,31.179999999999996,1,1,65,31,100.0,95.49,EXTREME
Delhi,28.6139,77.209,2024-06-06,37.002916666666664,44.05,30.26,23.445833333333336,38.93,2.98625,930.17,36.37083333333333,44.8,29.4,26.05306035812028,29.19521931313949,44.86044444444443,75.07647378371018,39.610362313502286,0.0,30.26,33.03333333333333,41.3,37.9375,47.8,38.2625,38.322222222222216,30.7,1,1,66,32,100.0,91.66,EXTREME
Delhi,28.6139,77.209,2024-06-07,37.69166666666667,44.7,31.0,25.729583333333334,38.13,5.102916666666666,918.35,37.00416666666667,46.7,28.5,27.20591537816428,30.97171584580588,45.675450000000005,83.94917066522953,44.37777701260927,0.0,31.0,33.083333333333336,43.1,37.21805555555556,47.8,38.00333333333334,37.75847222222222,30.583333333333332,1,1,67,33,100.0,96.0,EXTREME
Delhi,28.6139,77.209,2024-06-08,37.48666666666667,44.42,30.37,25.67375,41.62,5.035,844.7,36.666666666666664,45.8,28.5,26.84062602463122,29.84538872536764,45.29198888888889,79.75235340018205,42.176267613711275,0.0,30.37,33.05833333333333,43.6,36.68055555555555,46.7,37.49666666666666,37.39375,30.543333333333333,1,1,68,34,100.0,94.77,EXTREME
Delhi,28.6139,77.209,2024-06-09,36.977916666666665,45.02,28.68,17.828333333333333,40.29,4.7775,979.5,35.645833333333336,46.4,25.4,24.715129027665,29.144793002662134,45.852244444444445,78.78977031233423,36.906144314264935,0.0,28.68,31.55,42.6,36.43888888888889,46.7,36.79333333333334,37.385416666666664,30.016666666666666,1,1,69,35,100.0,93.68,EXTREME
Delhi,28.6139,77.209,2024-06-10,37.825833333333335,45.39,29.61,17.970000000000002,24.53,4.385,945.67,36.958333333333336,47.2,26.6,25.552390210100402,30.416766891191166,46.35246111111111,83.0291173189932,42.034764818958585,0.0,29.61,32.625,44.2,36.423611111111114,47.2,36.52916666666666,37.430138888888884,29.55333333333333,1,1,70,36,100.0,94.61,EXTREME
Delhi,28.6139,77.209,2024-06-11,38.45125,45.86,30.93,15.357916666666668,22.43,3.6045833333333337,841.08,37.5,46.4,28.6,25.329902262494716,29.487037612405622,46.77963888888889,80.66079882755503,43.528613349072394,0.0,30.93,34.016666666666666,44.5,36.70138888888889,47.2,36.754999999999995,37.751666666666665,29.739999999999995,1,1,71,37,100.0,95.93,EXTREME
Delhi,28.6139,77.209,2024-06-12,39.23458333333333,46.81,31.26,15.7425,28.66,4.239583333333333,939.17,38.237500000000004,47.6,27.9,25.920643886375956,29.79002423702407,47.79905000000001,82.45620314585483,46.05563606382507,0.0,31.26,34.36666666666667,45.5,37.56527777777778,47.6,37.001666666666665,38.50388888888889,30.599999999999998,1,1,72,38,100.0,96.26,EXTREME
Delhi,28.6139,77.209,2024-06-13,39.71958333333333,47.02,31.92,21.512083333333333,38.19,6.1745833333333335,908.12,39.6625,49.8,28.3,27.73136637513301,31.23913658452264,48.11595555555555,86.97322320663889,52.00197367242567,0.35,31.92,35.516666666666666,48.0,38.46666666666667,49.8,37.600833333333334,39.13513888888888,31.37,1,1,73,39,100.0,96.92,EXTREME
Delhi,28.6139,77.209,2024-06-14,39.915416666666665,46.74,32.93,22.17833333333333,35.57,7.211666666666667,914.08,40.329166666666666,50.0,30.2,28.10465705063218,31.000609831473085,47.80873888888888,86.0963850499748,54.70446229876813,0.0,32.93,36.225,48.3,39.40972222222223,50.0,38.5375,39.623194444444444,32.03666666666666,1,1,74,40,100.0,97.93,EXTREME
Delhi,28.6139,77.209,2024-06-15,40.24375,47.26,32.94,20.787499999999998,33.12,6.440416666666667,955.78,40.733333333333334,51.2,30.0,28.017735338026995,31.348814849374435,48.36663888888888,87.43431411334069,54.973210589415224,0.0,32.94,36.56666666666667,48.9,40.24166666666667,51.2,39.292500000000004,39.959583333333335,32.596666666666664,1,1,75,41,100.0,97.94,EXTREME
Delhi,28.6139,77.209,2024-06-16,40.3675,47.04,33.61,21.905833333333334,33.6,6.3308333333333335,946.8,41.204166666666666,51.3,31.0,28.45358127469797,31.971407009295355,48.19305,89.34296015832085,57.291468059198586,0.0,33.61,37.1,48.4,40.75555555555556,51.3,40.03333333333334,40.175555555555555,33.16,1,1,76,42,100.0,98.61,EXTREME
Delhi,28.6139,77.209,2024-06-17,41.35541666666666,47.67,34.9,24.550833333333333,34.93,6.192083333333334,887.47,42.637499999999996,52.0,32.9,29.878433543128722,33.21071699266721,48.94688888888889,93.71640218573108,65.24812752149568,0.0,34.9,38.96666666666667,49.9,41.525,52.0,40.913333333333334,40.655555555555544,33.81666666666666,1,1,77,43,100.0,99.9,EXTREME
Delhi,28.6139,77.209,2024-06-18,41.165,47.03,34.78,23.72458333333333,33.8,6.957916666666667,878.08,42.47083333333334,52.1,32.7,29.57950568581374,32.72176370257579,48.24262777777777,91.63714134927326,63.68169600269081,0.0,34.78,38.791666666666664,50.0,42.104166666666664,52.1,41.475,40.96263888888888,34.43,1,1,78,44,100.0,99.78,EXTREME
Delhi,28.6139,77.209,2024-06-19,40.9125,47.1,33.95,25.035416666666666,36.69,5.742083333333333,863.6,41.854166666666664,50.5,32.9,29.662928232195366,32.710766700590305,48.3151888888889,91.6672469616743,63.74103811848625,0.8300000000000001,33.95,38.300000000000004,48.6,42.32083333333333,52.1,41.78,41.14430555555555,34.54333333333333,1,1,79,45,100.0,98.95,EXTREME
Delhi,28.6139,77.209,2024-06-20,38.35583333333333,43.97,31.23,28.61916666666667,47.4,2.685,761.45,38.333333333333336,44.9,30.6,28.296539156230327,31.107310791009247,44.92989444444444,81.01970246826255,51.20951982847478,2.28,31.23,35.583333333333336,43.7,40.88611111111112,52.1,41.3,40.14444444444444,33.32,1,1,80,46,100.0,92.92999999999999,EXTREME
Delhi,28.6139,77.209,2024-06-21,36.884166666666665,42.89,31.32,30.221666666666668,47.51,3.1454166666666663,837.22,36.12083333333333,43.6,29.5,27.45065756376871,30.65157450007409,43.7714,75.28142398331406,42.067209357959534,0.89,31.32,33.19166666666667,41.0,38.769444444444446,50.5,40.28333333333333,38.717499999999994,32.166666666666664,1,1,81,47,100.0,89.12,EXTREME
Delhi,28.6139,77.209,2024-06-22,37.33416666666667,42.5,31.6,29.79125,41.5,1.6004166666666668,771.17,37.2,43.0,29.5,27.750954540049026,30.121590218932273,43.343183333333336,72.07623442491277,45.796667125727595,0.0,31.6,34.766666666666666,41.1,37.21805555555556,44.9,39.19583333333334,37.524722222222216,31.38333333333333,1,1,82,48,100.0,87.6,EXTREME
Delhi,28.6139,77.209,2024-06-23,38.388333333333335,43.4,33.13,31.922083333333333,43.09,2.78,755.85,38.449999999999996,44.5,32.4,29.088327520905125,31.570583734981838,44.4078611111111,81.09902173634647,54.052950681494735,0.6699999999999999,33.13,35.75833333333333,41.6,37.25694444444445,44.5,38.391666666666666,37.535555555555554,32.016666666666666,1,1,83,49,100.0,93.63,EXTREME
Delhi,28.6139,77.209,2024-06-24,34.21125,38.33,30.11,53.17916666666667,70.18,2.5791666666666666,683.7,35.041666666666664,38.6,31.8,28.693067858497546,30.603262590947214,44.12956209450661,62.19829704198676,44.201825447675496,20.509999999999998,30.11,34.675000000000004,38.6,36.89722222222222,44.5,37.02916666666666,36.64458333333334,31.613333333333333,1,1,84,50,100.0,72.91,SEVERE
Delhi,28.6139,77.209,2024-06-25,36.495416666666664,41.9,30.51,44.75958333333333,65.74,1.7870833333333334,696.62,37.5875,43.2,32.1,29.527959666597255,31.92222965686129,43.642858517537235,77.55386288362735,53.98540182670251,0.6799999999999999,30.51,35.083333333333336,40.4,37.026388888888896,44.5,36.88,36.364999999999995,31.25,1,1,85,51,100.0,87.11000000000001,EXTREME
Delhi,28.6139,77.209,2024-06-26,35.78958333333333,41.11,30.56,48.27291666666667,73.01,3.20375,537.35,36.30833333333333,42.1,32.1,29.375334424232303,31.754702626261423,42.13247777777778,73.67278420728668,49.683048450900834,4.88,30.56,34.49166666666667,40.2,36.3125,43.2,36.917500000000004,35.498749999999994,30.393333333333334,1,1,86,52,100.0,83.86,SEVERE
Delhi,28.6139,77.209,2024-06-27,31.607083333333335,34.0,28.75,72.99708333333334,86.69,2.919166666666667,518.03,33.56666666666667,35.5,31.3,28.774222013176516,29.859792980671152,43.55434317130475,52.72445996053933,41.45191345437903,26.189999999999998,28.75,32.416666666666664,33.9,35.82083333333333,43.2,36.19083333333333,34.63069444444444,29.939999999999998,1,1,87,53,100.0,62.25,HIGH
Delhi,28.6139,77.209,2024-06-28,31.928749999999997,35.41,28.78,65.40666666666667,86.45,3.685,495.7,32.25833333333333,35.9,29.5,28.194040678288104,29.881052245723314,42.49472045414857,52.86682669729913,34.97222066215157,1.8499999999999999,28.78,30.758333333333336,33.6,34.044444444444444,42.1,34.9525,33.10847222222222,29.363333333333333,1,1,88,54,100.0,63.48,HIGH
Delhi,28.6139,77.209,2024-06-29,32.75,37.27,28.58,65.04583333333333,85.76,4.193333333333333,502.88,33.25,37.6,29.4,28.87307051736812,30.988340705748126,45.46466936213939,63.021256345191674,41.03976072982451,7.09,28.58,31.675,35.9,33.025000000000006,37.6,34.594166666666666,32.095277777777774,28.703333333333333,1,1,89,55,100.0,68.38,HIGH
Delhi,28.6139,77.209,2024-06-30,33.3825,38.42,28.63,63.067499999999995,85.38,3.485416666666667,644.3,34.15416666666667,39.7,29.2,29.18892386021138,31.5014789504531,46.73036055358454,70.6721549001345,44.93868145001767,5.42,28.63,31.258333333333336,36.9,33.22083333333334,39.7,33.9075,32.68708333333333,28.66333333333333,1,1,90,56,100.0,74.73,SEVERE
Kolkata,22.5726,88.3639,2020-04-01,29.76125,38.03,22.37,55.768750000000004,100.0,3.202083333333333,927.5,28.962500000000002,37.2,21.4,24.428355977544655,27.46774521065723,38.51052222222222,45.25280406618554,14.753180399957117,0.39,22.37,26.858333333333334,36.0,28.962500000000002,37.2,28.962500000000002,29.76125,22.37,1,0,1,0,12.0,38.97000000000001,MODERATE
Kolkata,22.5726,88.3639,2020-04-02,30.832916666666666,38.93,23.99,60.31333333333333,97.21,3.37125,880.33,30.570833333333336,38.5,25.2,25.971872493426456,28.50368159248289,39.54491111111111,52.6696631349366,19.553591273577528,0.8200000000000001,23.99,29.083333333333332,37.4,29.76666666666667,38.5,29.76666666666667,30.297083333333333,23.18,1,0,2,0,24.0,47.489999999999995,MODERATE
Kolkata,22.5726,88.3639,2020-04-03,30.549166666666665,38.95,23.79,50.87875,91.1,2.8979166666666667,821.03,30.141666666666666,38.3,23.8,24.686977221199825,28.292322012555594,39.50320000000001,50.527620714746384,17.972411916418455,0.04,23.79,28.058333333333334,37.1,29.89166666666667,38.5,29.89166666666667,30.38111111111111,23.383333333333336,1,0,3,0,36.0,49.68999999999999,MODERATE
Kolkata,22.5726,88.3639,2020-04-04,30.215,38.6,22.77,47.385416666666664,86.43,2.512916666666667,870.5,29.504166666666666,37.9,23.0,23.74127845204825,26.894920582751542,39.02968333333334,45.895355951153185,15.278634810627535,0.14,22.77,27.516666666666666,37.2,30.072222222222223,38.5,29.79479166666667,30.53236111111111,23.516666666666666,1,0,4,0,48.0,50.47,HIGH
Kolkata,22.5726,88.3639,2020-04-05,29.27333333333333,38.07,20.67,51.68333333333334,93.06,2.79875,845.6,28.349999999999998,37.2,20.0,23.459223698712638,27.227573383190006,38.53023888888888,44.70901483556035,14.446260331620877,0.0,20.67,26.441666666666666,36.7,29.331944444444446,38.3,29.505833333333335,30.0125,22.41,1,0,5,0,60.0,49.27000000000001,MODERATE
Kolkata,22.5726,88.3639,2020-04-06,29.2925,38.14,21.4,43.46125,89.66,3.1904166666666662,958.3,27.329166666666666,36.9,19.5,22.2534956031138,25.155495980443156,38.385033333333325,37.61332793257557,11.997007604074426,0.01,21.4,24.666666666666668,35.6,28.394444444444446,37.9,29.179166666666664,29.593611111111112,21.613333333333333,1,0,6,0,72.0,52.099999999999994,HIGH
Kolkata,22.5726,88.3639,2020-04-07,30.78708333333333,39.18,22.66,49.2875,90.59,3.8020833333333335,947.45,29.254166666666666,38.4,20.8,24.368609122677224,26.705568845179485,39.60214444444445,47.0750930089684,15.260812479105281,0.0,22.66,27.25,37.2,28.311111111111114,38.4,28.915833333333335,29.78430555555555,21.576666666666668,1,0,7,0,84.0,60.859999999999985,HIGH
Kolkata,22.5726,88.3639,2020-04-08,31.10166666666667,39.71,23.61,54.79125,95.44,3.564166666666667,637.92,30.270833333333332,39.3,24.5,25.407321395615753,27.92145088312216,40.26948333333334,53.55303380878677,18.58372348029342,0.78,23.61,28.441666666666666,38.1,28.951388888888886,39.3,28.941666666666663,30.39375,22.55666666666667,1,0,8,0,96.0,67.50999999999999,HIGH
Kolkata,22.5726,88.3639,2020-04-09,30.06958333333333,38.74,23.11,54.08583333333333,100.0,3.3054166666666664,943.58,29.070833333333336,38.0,23.9,24.24557871359067,26.746253373793763,39.15548333333333,45.80874562862766,14.64850462921567,0.02,23.11,27.283333333333335,36.7,29.531944444444445,39.3,28.855,30.652777777777775,23.126666666666665,1,0,9,0,100.0,64.11,HIGH
Kolkata,22.5726,88.3639,2020-04-10,30.851666666666663,39.22,23.71,57.4025,100.0,3.2675,948.1,30.287499999999998,39.2,24.1,25.52717153377898,28.196401184701184,39.79993888888888,53.71958519661563,18.524729144405754,0.0,23.71,28.625,38.1,29.876388888888886,39.3,29.2425,30.674305555555552,23.47666666666667,1,0,10,0,100.0,68.31,HIGH
Kolkata,22.5726,88.3639,2020-04-11,30.93625,39.35,23.42,56.82708333333333,97.39,3.3991666666666664,908.58,30.395833333333332,39.1,24.6,25.558510299500767,28.242668662544432,39.93693333333334,53.72751323401012,19.068959668423616,0.01,23.42,28.708333333333332,37.9,29.918055555555554,39.2,29.855833333333333,30.61916666666666,23.413333333333338,1,0,11,0,100.0,67.72,HIGH
Kolkata,22.5726,88.3639,2020-04-12,30.73,38.93,23.65,54.7825,98.99,2.4766666666666666,891.67,30.616666666666664,38.9,25.1,25.106549875170405,27.69576126363834,39.45091111111112,51.16416301796816,18.272587618543593,0.43,23.65,28.875,37.8,30.433333333333326,39.2,30.12833333333333,30.839305555555555,23.593333333333334,1,0,12,0,100.0,67.35,HIGH
Kolkata,22.5726,88.3639,2020-04-13,31.435000000000002,39.51,24.67,57.085,100.0,2.92,824.75,31.554166666666664,39.4,26.7,26.07953869018397,28.830764083458373,40.167244444444435,56.442070028152884,22.467161915454668,0.030000000000000002,24.67,29.741666666666664,37.9,30.855555555555554,39.4,30.384999999999998,31.03375,23.913333333333338,1,0,13,0,100.0,69.86999999999999,HIGH
Kolkata,22.5726,88.3639,2020-04-14,32.07416666666666,40.49,24.96,56.49625,94.95,3.442083333333333,903.92,31.775000000000002,40.7,26.4,26.534896527028113,29.088568994055343,41.18466666666667,61.35019973578923,25.010654632213072,0.0,24.96,30.083333333333332,39.6,31.315277777777776,40.7,30.925833333333333,31.41305555555556,24.426666666666666,1,0,14,0,100.0,74.06,SEVERE
Kolkata,22.5726,88.3639,2020-04-15,32.22875,40.59,24.72,54.106249999999996,95.0,2.9795833333333337,748.6,32.28333333333333,40.7,26.4,26.408195881644215,29.127329256046014,41.292316666666665,61.560089217413406,25.95189592117066,3.74,24.72,30.058333333333334,39.1,31.870833333333334,40.7,31.325,31.91263888888889,24.78333333333333,1,0,15,0,100.0,73.82000000000001,SEVERE
Kolkata,22.5726,88.3639,2020-04-16,30.9275,38.25,25.67,61.05291666666667,93.43,3.56375,802.28,30.491666666666664,37.8,25.4,26.266958358187733,28.48177626794071,38.86401666666666,50.26186503570617,19.887817619358206,2.19,25.67,29.241666666666664,36.5,31.516666666666666,40.7,31.344166666666666,31.74347222222222,25.116666666666664,1,1,16,1,100.0,66.07,HIGH
Kolkata,22.5726,88.3639,2020-04-17,32.10208333333333,41.07,26.11,58.57333333333333,90.61,4.4799999999999995,882.83,31.487499999999997,41.2,25.1,26.80729018860232,29.22879443988754,41.76907222222221,63.52905481724716,25.391118777245822,0.54,26.11,29.299999999999997,39.0,31.42083333333333,41.2,31.518333333333334,31.752777777777776,25.5,1,1,17,2,100.0,76.71000000000001,SEVERE
Kolkata,22.5726,88.3639,2020-04-18,31.698333333333334,39.91,25.41,63.903333333333336,95.14,4.379583333333334,720.97,31.208333333333332,40.2,26.0,27.30283716931751,30.06372370780486,40.71142777777778,62.38856747376843,26.110188112864616,6.58,25.41,29.0,37.8,31.0625,41.2,31.449166666666667,31.575972222222223,25.73,1,1,18,3,100.0,73.01,SEVERE
Kolkata,22.5726,88.3639,2020-04-19,30.9075,38.17,25.2,66.40916666666666,97.81,4.429166666666666,939.62,30.691666666666666,37.8,26.4,26.988615326194637,29.60128825536362,38.97177435324704,53.683971046284086,23.128513648422828,1.55,25.2,29.391666666666666,36.1,31.129166666666666,41.2,31.232499999999998,31.56930555555556,25.573333333333334,1,1,19,4,100.0,65.6,HIGH
Kolkata,22.5726,88.3639,2020-04-20,31.66333333333333,39.78,25.96,62.03333333333333,94.68,3.5533333333333332,756.9,31.666666666666668,39.9,27.2,26.93536484848943,29.179880093128716,40.481216666666654,59.012437380835415,25.776703534374814,17.86,25.96,30.541666666666668,39.1,31.188888888888886,40.2,31.109166666666663,31.423055555555553,25.52333333333333,1,1,20,5,100.0,72.65999999999998,SEVERE
Kolkata,22.5726,88.3639,2020-04-21,30.15625,37.08,25.34,64.65583333333333,92.6,3.3675,420.67,30.05,36.2,25.1,26.11955915040232,28.6709722924735,37.75117777777777,45.8617671189664,18.5994773518803,8.68,25.34,28.916666666666668,34.6,30.802777777777777,39.9,31.020833333333332,30.909027777777776,25.5,1,1,21,6,100.0,60.94000000000001,HIGH
Kolkata,22.5726,88.3639,2020-04-22,29.466250000000002,35.27,24.87,65.23583333333333,93.15,3.2245833333333334,752.92,29.2375,34.2,25.7,25.64207039198624,27.803811058183015,36.74582214080052,36.52778100063601,14.32187045934507,1.61,24.87,28.75,33.8,30.31805555555556,39.9,30.570833333333336,30.42861111111111,25.39,1,0,22,0,100.0,54.470000000000006,HIGH
Kolkata,22.5726,88.3639,2020-04-23,29.9575,36.9,24.49,66.3425,95.83,3.5654166666666662,644.97,29.6875,36.1,25.8,26.11231729839624,28.65608718471256,37.89975069587368,45.23463301257887,17.34733900284721,10.9,24.49,28.675,35.4,29.65833333333333,36.2,30.266666666666662,29.86,24.900000000000002,1,0,23,0,100.0,59.790000000000006,HIGH
Kolkata,22.5726,88.3639,2020-04-24,28.85291666666667,34.62,24.61,76.3175,96.12,4.025416666666667,662.47,28.895833333333332,33.6,26.2,26.343478518494525,28.626620837766662,39.003490573982575,40.31768040371962,15.86145660553895,12.28,24.61,27.741666666666664,32.3,29.273611111111112,36.1,29.9075,29.425555555555558,24.656666666666666,1,0,24,0,100.0,52.410000000000004,HIGH
Kolkata,22.5726,88.3639,2020-04-25,29.435833333333335,35.17,24.97,71.24833333333333,98.22,2.5975,840.05,30.27916666666667,34.8,26.2,26.31590050895014,28.548757192105025,38.77572867971264,42.886035645630415,19.205426982443203,1.05,24.97,29.016666666666666,33.7,29.620833333333334,36.1,29.630000000000003,29.41541666666667,24.689999999999998,1,0,25,0,100.0,56.36999999999999,HIGH
Kolkata,22.5726,88.3639,2020-04-26,28.720416666666665,33.98,23.85,71.79666666666667,95.97,2.1750000000000003,798.22,29.729166666666668,34.2,26.0,25.74787385407369,27.963433477447204,37.39561501315268,38.42996566117004,16.536223591209275,3.41,23.85,28.90833333333333,33.8,29.634722222222223,34.8,29.56583333333333,29.00305555555556,24.47666666666667,1,0,26,0,100.0,53.45000000000001,HIGH
Kolkata,22.5726,88.3639,2020-04-27,28.520416666666666,34.15,24.05,69.82416666666667,95.96,2.0679166666666666,608.3,29.258333333333336,34.2,25.9,25.28676427753049,27.32205868921656,36.167573463692555,35.437979079556264,13.430427981050144,4.61,24.05,28.78333333333333,33.7,29.75555555555556,34.8,29.57,28.89222222222222,24.290000000000003,1,0,27,0,100.0,53.650000000000006,HIGH
Kolkata,22.5726,88.3639,2020-04-28,27.3,32.58,23.22,77.81791666666666,98.93,3.4058333333333333,608.38,27.083333333333332,31.8,24.2,25.060584622706298,27.341744774717387,36.03346229111701,29.38041892512348,8.544608936034301,5.61,23.22,27.099999999999998,31.2,28.69027777777778,34.2,29.049166666666668,28.180277777777775,23.706666666666667,0,0,0,0,0.0,20.62,LOW
Kolkata,22.5726,88.3639,2020-04-29,28.46291666666667,34.05,24.14,67.88916666666667,93.71,2.7470833333333338,775.2,28.395833333333332,33.5,25.1,25.04520765669609,27.19250138853368,35.878428760649776,33.047877000948674,11.061609545539774,1.9300000000000002,24.14,27.291666666666668,32.6,28.245833333333334,34.2,28.949166666666667,28.094444444444445,23.80333333333333,1,0,1,0,12.0,29.64,MODERATE
Kolkata,22.5726,88.3639,2020-04-30,29.204583333333332,34.77,24.78,69.53750000000001,95.34,2.65625,863.3,29.620833333333334,34.8,26.3,25.92280832406532,28.148677368136767,37.876838919483916,40.904152903961524,16.168684284820472,6.26,24.78,28.74166666666667,34.2,28.366666666666664,34.8,28.817500000000003,28.3225,24.046666666666667,1,0,2,0,24.0,37.17999999999999,MODERATE
Kolkata,22.5726,88.3639,2020-05-01,28.450416666666666,32.94,23.98,75.88666666666667,97.5,2.2725,836.38,29.608333333333334,33.7,25.9,25.961347378835843,27.934656154114695,37.33610654669925,37.04188719860431,16.577590831202855,22.46,23.98,28.525000000000002,33.6,29.208333333333332,34.8,28.793333333333333,28.705972222222226,24.3,1,0,3,0,36.0,36.080000000000005,MODERATE
Kolkata,22.5726,88.3639,2020-05-02,28.64,33.49,24.74,72.56791666666668,93.89,1.9545833333333331,788.05,29.870833333333334,33.9,26.9,25.77779795014499,27.841464890815487,37.106258981808324,37.06244596097543,16.517349843298728,6.96,24.74,28.75,33.5,29.700000000000003,34.8,28.91583333333333,28.764999999999997,24.5,1,0,4,0,48.0,40.44,MODERATE
Kolkata,22.5726,88.3639,2020-05-03,29.469583333333333,34.62,24.79,69.59791666666666,98.82,1.1529166666666666,782.4,31.025000000000002,35.4,27.5,26.18871069773576,28.1006158279522,37.73502913076549,42.13665542365268,20.764690024723315,0.8600000000000001,24.79,29.808333333333334,34.5,30.168055555555554,35.4,29.70416666666667,28.853333333333335,24.50333333333333,1,0,5,0,60.0,47.989999999999995,MODERATE
Kolkata,22.5726,88.3639,2020-05-04,30.4725,35.7,26.02,70.67291666666667,96.83,2.8945833333333333,676.2,31.275000000000002,36.1,27.7,27.259662124265663,29.183834825421236,40.38258230878921,49.437118676813185,26.401975139059108,0.89,26.02,30.191666666666666,35.6,30.72361111111111,36.1,30.28,29.52736111111111,25.183333333333334,1,1,6,1,85.33333333333333,57.653333333333336,HIGH
Kolkata,22.5726,88.3639,2020-05-05,30.916666666666668,36.81,26.1,71.36958333333332,95.84,3.7125,841.1,31.5,36.6,28.3,27.71264739804012,29.889818329478363,42.09457877900288,54.2951756658289,29.3531695493262,20.02,26.1,30.533333333333335,35.7,31.266666666666666,36.6,30.655833333333334,30.28625,25.636666666666667,1,1,7,2,100.0,62.9,HIGH
Kolkata,22.5726,88.3639,2020-05-06,29.594166666666666,35.0,24.14,71.06833333333334,100.0,2.2954166666666667,939.62,30.65833333333333,35.3,26.5,26.450319968753018,28.72568637762531,39.17477311050095,45.013818359398485,21.580858575419814,6.97,24.14,29.974999999999998,35.1,31.144444444444446,36.6,30.865833333333335,30.32777777777778,25.42,1,0,8,0,96.0,56.03999999999999,HIGH
Kolkata,22.5726,88.3639,2020-05-07,29.944999999999997,36.08,23.97,68.67125,100.0,2.273333333333333,845.85,30.8875,36.6,26.1,26.46548383701681,28.972371444891085,39.79389431484043,49.54223982583885,22.22818111930785,3.3,23.97,29.400000000000002,35.8,31.015277777777772,36.6,31.069166666666668,30.151944444444442,24.736666666666668,1,0,9,0,100.0,60.769999999999996,HIGH
Kolkata,22.5726,88.3639,2020-05-08,30.29625,36.84,25.07,67.74249999999999,100.0,2.65375,969.6,31.037499999999998,36.8,27.4,26.615544108056472,29.01211453349529,39.696200226154346,48.15594479676219,22.21004160258292,3.14,25.07,29.508333333333336,35.2,30.86111111111111,36.8,31.071666666666665,29.945138888888888,24.39333333333333,1,1,10,1,100.0,62.469999999999985,HIGH
Kolkata,22.5726,88.3639,2020-05-09,31.42375,38.02,25.5,63.31041666666667,100.0,1.7479166666666668,961.78,32.675000000000004,38.6,27.9,27.065684080587612,29.25278839391469,38.73243333333334,54.42468885324167,28.569665291104528,0.51,25.5,31.224999999999998,37.4,31.53333333333333,38.6,31.351666666666667,30.554999999999996,24.846666666666664,1,1,11,2,100.0,68.3,HIGH
Kolkata,22.5726,88.3639,2020-05-10,31.4475,38.59,25.76,63.61625,95.63,2.9604166666666667,932.47,31.958333333333332,38.9,27.4,27.18319632013703,30.077131212899648,39.41661666666668,58.27845160971344,27.249550239461445,2.37,25.76,30.933333333333334,37.8,31.89027777777778,38.9,31.443333333333335,31.055833333333336,25.44333333333333,1,1,12,3,100.0,69.46,HIGH
Kolkata,22.5726,88.3639,2020-05-11,30.41333333333333,36.07,25.27,69.31333333333333,99.83,2.009583333333333,949.8,31.808333333333334,37.1,28.0,27.03146235875684,29.19489556413752,40.29560934256902,51.89608612073346,26.790177728659696,4.8,25.27,30.36666666666667,36.0,32.14722222222222,38.9,31.673333333333336,31.09486111111111,25.51,1,1,13,4,100.0,63.57000000000001,HIGH
Kolkata,22.5726,88.3639,2020-05-12,31.38,38.1,25.76,63.15416666666667,93.45,2.842083333333333,945.67,31.670833333333334,38.6,26.3,27.062355123710915,29.38729456054738,38.82513333333334,54.6336233734424,26.301046220892655,1.87,25.76,30.266666666666666,37.2,31.8125,38.9,31.830000000000002,31.08027777777778,25.596666666666668,1,1,14,5,100.0,68.56,HIGH
Kolkata,22.5726,88.3639,2020-05-13,31.26291666666667,38.38,25.82,63.72541666666667,91.77,4.297916666666667,912.65,30.675,38.1,26.1,26.992459238652994,29.36105120079322,39.108850000000004,53.64078789401282,23.4793259935746,0.77,25.82,28.866666666666664,36.2,31.384722222222223,38.6,31.757500000000004,31.01875,25.616666666666664,1,1,15,6,100.0,67.12,HIGH
Kolkata,22.5726,88.3639,2020-05-14,31.942083333333333,39.15,26.53,64.88916666666667,93.27,4.54625,937.08,31.587500000000002,39.3,26.4,27.78222188340469,30.269431246337923,40.14793345856023,60.35603770036642,29.69974415669803,0.87,26.53,29.78333333333333,37.7,31.311111111111114,39.3,31.54,31.528333333333336,26.036666666666672,1,1,16,7,100.0,71.42999999999999,SEVERE
Kolkata,22.5726,88.3639,2020-05-15,31.764583333333334,38.83,26.35,65.60958333333333,93.39,4.684583333333333,948.35,31.454166666666666,38.9,27.0,27.741901940720137,30.326505313078524,39.816598347681484,59.228398822766586,28.93263682073098,0.45999999999999996,26.35,29.625,36.8,31.23888888888889,39.3,31.439166666666665,31.65652777777778,26.233333333333334,1,1,17,8,100.0,70.04999999999998,SEVERE
Kolkata,22.5726,88.3639,2020-05-16,32.454166666666666,39.91,26.84,64.16916666666667,94.92,4.35125,940.62,32.525,40.3,27.2,28.11795776733423,30.664598517798527,40.787411111111105,64.72234627803326,33.56346627082473,0.9,26.84,30.8,38.5,31.855555555555554,40.3,31.5825,32.05361111111111,26.573333333333334,1,1,18,9,100.0,74.74,SEVERE
Kolkata,22.5726,88.3639,2020-05-17,32.472500000000004,40.19,25.9,62.72666666666667,95.67,3.345833333333333,865.88,32.8125,41.3,27.8,27.97424624472261,30.953061239204672,41.111599999999996,68.38014023935314,33.36639861096903,0.51,25.9,31.233333333333334,39.8,32.263888888888886,41.3,31.810833333333335,32.23041666666666,26.363333333333333,1,1,19,10,100.0,76.8,SEVERE
Kolkata,22.5726,88.3639,2020-05-18,31.995,38.89,27.17,63.8375,88.72,3.6891666666666665,909.25,32.30416666666667,39.2,28.2,27.778908335121788,30.330816844958687,40.87802753747565,60.07601092134949,31.70526697190243,0.0,27.17,31.3,38.4,32.54722222222222,41.3,32.13666666666667,32.30722222222222,26.636666666666667,1,1,20,11,100.0,71.77000000000001,SEVERE
Kolkata,22.5726,88.3639,2020-05-19,27.62291666666667,31.67,23.92,72.45458333333333,91.59,6.035416666666666,406.0,24.84583333333333,29.1,18.4,24.82363372468265,26.27529393361412,33.297091528888394,16.094062262458664,6.377136380602013,18.36,23.92,23.933333333333334,29.1,29.987499999999994,41.3,30.788333333333334,30.696805555555557,25.66333333333333,0,0,0,0,0.0,13.220000000000006,LOW
Kolkata,22.5726,88.3639,2020-05-20,26.325416666666666,28.83,23.51,90.60958333333333,95.12,12.050833333333335,232.48,21.849999999999998,25.2,16.8,25.480954445294202,27.444850006066616,35.32247042378279,14.571480821489232,5.247217263807028,137.77,23.51,19.900000000000002,24.7,26.33333333333333,39.2,28.8675,28.647777777777776,24.86666666666667,0,0,0,0,0.0,3.510000000000001,LOW
Kolkata,22.5726,88.3639,2020-05-21,27.532916666666665,31.27,24.05,80.94500000000001,95.43,4.672083333333333,372.55,27.46666666666667,29.8,18.3,25.66780358626593,27.366998362401556,36.07627167519019,24.243405239543964,10.916540754546952,0.68,24.05,25.5,29.1,24.72083333333333,29.8,27.855833333333333,27.160416666666663,23.826666666666668,0,0,0,0,0.0,15.450000000000003,LOW
Kolkata,22.5726,88.3639,2020-05-22,29.63875,34.81,25.67,77.94791666666667,100.0,3.484166666666667,819.5,30.55,34.2,28.0,27.275335254246063,29.06161374200024,40.1747311559825,44.141129187724644,24.068486504957093,0.08,25.67,29.583333333333332,33.4,26.62222222222222,34.2,27.40333333333333,27.832361111111112,24.41,1,1,1,1,25.333333333333332,36.60333333333334,MODERATE
Kolkata,22.5726,88.3639,2020-05-23,30.589166666666667,35.86,27.21,79.33208333333333,96.44,4.964583333333333,799.4,31.0125,36.1,26.8,28.38833867519203,30.437074415831034,44.018726584722764,56.36011592986073,31.99674280738869,0.0,27.21,29.775000000000002,35.3,29.67638888888889,36.1,27.145,29.253611111111113,25.643333333333334,1,1,2,2,50.666666666666664,50.17666666666668,HIGH
Kolkata,22.5726,88.3639,2020-05-24,30.485416666666666,35.31,27.24,80.23791666666666,95.07,7.016249999999999,757.2,30.47083333333333,36.3,26.2,28.423407324553718,30.514107664085316,44.59200901232892,57.589722133411534,30.99673126222518,0.04,27.24,29.3,35.6,30.677777777777777,36.3,28.27,30.23777777777778,26.706666666666667,1,1,3,3,76.0,57.139999999999986,HIGH
Kolkata,22.5726,88.3639,2020-05-25,30.116249999999997,34.63,27.24,79.375,90.72,8.362083333333333,589.3,29.599999999999998,35.7,25.5,28.002996934687783,30.182444395946984,43.7788928557406,54.38767480152843,26.808676496036867,0.19,27.24,28.683333333333334,35.3,30.361111111111104,36.3,29.82,30.396944444444443,27.23,1,1,4,4,100.0,61.34,HIGH
Kolkata,22.5726,88.3639,2020-05-26,30.0175,34.21,27.08,79.79541666666667,93.75,8.8325,617.53,29.508333333333336,35.3,25.7,27.948390898153736,30.018618880866782,43.403163498586466,52.541896231727875,26.121397354185543,0.4,27.08,28.40833333333333,34.8,29.859722222222217,36.3,30.228333333333335,30.206388888888885,27.186666666666664,1,1,5,5,100.0,59.97999999999999,HIGH
Kolkata,22.5726,88.3639,2020-05-27,29.851249999999997,34.56,26.59,82.08583333333333,96.98,6.81375,587.6,29.829166666666666,35.4,26.5,28.006496978798513,30.271734889764296,44.14432220255248,54.223310932382006,26.731495231943356,31.64,26.59,28.958333333333332,34.8,29.64583333333333,35.7,30.084166666666665,29.994999999999994,26.97,1,1,6,6,100.0,59.78999999999999,HIGH
Kolkata,22.5726,88.3639,2020-05-28,28.693749999999998,32.23,25.62,85.3675,98.88,3.4154166666666668,271.42,30.070833333333336,33.2,27.4,27.236602459419544,28.797022653744,40.035094513640644,40.72593275570214,22.722773325875078,11.49,25.62,29.34166666666667,32.1,29.802777777777777,35.4,29.895833333333336,29.520833333333332,26.430000000000003,1,1,7,7,100.0,52.22000000000001,HIGH
Kolkata,22.5726,88.3639,2020-05-29,29.152083333333334,33.32,25.7,80.51958333333333,96.2,2.5391666666666666,887.97,30.954166666666666,35.0,28.2,27.182297905236407,29.173465811893568,40.70022008906522,46.28899498906662,24.89974878089959,2.2,25.7,30.433333333333334,35.0,30.284722222222218,35.4,29.9925,29.232361111111107,25.97,1,1,8,8,100.0,57.699999999999996,HIGH
Kolkata,22.5726,88.3639,2020-05-30,29.944166666666664,34.39,26.7,79.44083333333333,96.34,3.03125,771.42,31.45,35.8,28.8,27.820368335941467,29.71912224350166,42.23534513085922,51.90549293125212,30.017589531515355,5.62,26.7,30.458333333333332,34.9,30.825,35.8,30.3625,29.263333333333332,26.006666666666664,1,1,9,9,100.0,61.09999999999999,HIGH
Kolkata,22.5726,88.3639,2020-05-31,29.933333333333334,33.88,26.85,79.74249999999999,96.31,2.8375,738.35,31.691666666666666,35.2,28.8,27.847582001508652,29.491272044805573,41.64541101093727,49.14148985295526,30.796578570938717,9.05,26.85,30.61666666666667,34.4,31.365277777777777,35.8,30.799166666666668,29.67652777777778,26.416666666666668,1,1,10,10,100.0,59.45000000000001,HIGH
Kolkata,22.5726,88.3639,2020-06-01,29.516666666666666,33.43,27.14,81.71291666666666,94.84,3.5729166666666665,882.03,30.71666666666667,33.6,27.7,27.673976763100868,29.20715013161041,40.7775792818895,43.51125965910006,27.365691902751298,11.14,27.14,29.75,33.0,31.286111111111108,35.8,30.976666666666667,29.798055555555553,26.896666666666665,1,1,11,11,100.0,54.940000000000005,HIGH
Kolkata,22.5726,88.3639,2020-06-02,29.724999999999998,34.03,26.36,81.50291666666666,97.06,3.970416666666667,914.33,30.729166666666668,34.3,28.0,27.851220057688057,29.722114838514692,42.259621614681215,48.18558070222339,28.20667355741843,6.99,26.36,29.625,33.7,31.04583333333333,35.2,31.10833333333333,29.724999999999998,26.78333333333333,1,1,12,12,100.0,56.25999999999999,HIGH
Kolkata,22.5726,88.3639,2020-06-03,29.899583333333336,33.91,26.81,77.63125000000001,95.98,3.265416666666667,932.4,30.945833333333336,34.8,28.1,27.578493411951058,29.05233915168762,40.17874904252676,44.91060599129692,27.462631222707373,2.18,26.81,29.700000000000003,33.7,30.79722222222222,34.8,31.106666666666666,29.71375,26.77,1,1,13,13,100.0,58.209999999999994,HIGH
Kolkata,22.5726,88.3639,2020-06-04,29.75791666666667,33.85,26.77,80.07583333333334,96.91,3.65625,836.9,30.766666666666666,34.3,28.6,27.716168160162265,29.335938995829196,41.09041991453937,46.01035604360877,27.659518634172652,11.73,26.77,30.28333333333333,33.9,30.813888888888886,34.8,30.97,29.794166666666666,26.646666666666665,1,1,14,14,100.0,56.66999999999999,HIGH
Kolkata,22.5726,88.3639,2020-06-05,29.372083333333332,31.93,27.59,85.42291666666667,96.11,4.54875,861.1,30.395833333333332,32.1,29.2,27.96878429158691,28.848808850637617,39.99296395566799,37.09465607858067,28.228884068913242,3.38,27.59,29.683333333333334,31.0,30.702777777777772,34.8,30.710833333333333,29.67652777777778,27.05666666666667,1,1,15,15,100.0,50.89,HIGH
Kolkata,22.5726,88.3639,2020-06-06,29.524583333333336,33.11,26.54,82.37541666666667,98.43,2.4566666666666666,854.5,31.78333333333333,35.3,29.0,27.760884633349377,29.216186419459458,40.93658747365665,47.76733097460156,30.20488797751166,0.54,26.54,30.433333333333334,34.1,30.98194444444444,35.3,30.924166666666668,29.55152777777778,26.96666666666667,1,1,16,16,100.0,59.43999999999999,HIGH
Kolkata,22.5726,88.3639,2020-06-07,29.604166666666668,33.67,26.53,80.90458333333333,95.73,2.3454166666666665,694.58,31.879166666666666,35.5,29.9,27.65905008517329,29.353204714036067,41.23954095647225,49.191823669475376,30.037945946465783,9.74,26.53,31.224999999999998,35.0,31.352777777777774,35.5,31.15416666666666,29.50027777777778,26.886666666666667,1,1,17,17,100.0,60.03,HIGH
Kolkata,22.5726,88.3639,2020-06-08,29.262083333333333,32.73,26.35,82.09,95.76,1.79125,849.0,32.041666666666664,35.2,29.6,27.48453692124561,29.05864743533121,40.53896785260096,46.94895782999447,29.381859001010813,5.33,26.35,31.40833333333333,34.8,31.901388888888885,35.5,31.373333333333335,29.46361111111111,26.473333333333333,1,1,18,18,100.0,58.95000000000001,HIGH
Kolkata,22.5726,88.3639,2020-06-09,29.857916666666668,33.24,26.85,81.06541666666666,95.98,1.8625,747.3,32.795833333333334,35.1,31.0,27.948246700442635,29.38258963523768,41.496258837632915,48.50321137321992,34.2180548076001,1.24,26.85,32.175,34.3,32.23888888888889,35.5,31.77916666666666,29.57472222222222,26.576666666666668,1,1,19,19,100.0,59.150000000000006,HIGH
Kolkata,22.5726,88.3639,2020-06-10,29.184166666666666,32.02,26.8,84.00958333333334,97.61,2.12,632.58,31.958333333333332,33.6,30.3,27.6197120153694,28.77953129392762,39.8547494777539,41.493694400748126,30.157046823654138,4.2700000000000005,26.8,31.974999999999998,33.6,32.265277777777776,35.2,32.09166666666667,29.43472222222222,26.666666666666668,1,1,20,20,100.0,54.6,HIGH
Kolkata,22.5726,88.3639,2020-06-11,28.48125,30.77,26.88,89.92125,97.0,3.263333333333333,447.95,30.5,31.9,29.0,27.54851768848957,28.633191224529963,39.41831866894454,36.42360060770734,25.825276349386527,11.959999999999999,26.88,30.474999999999998,31.9,31.751388888888886,35.1,31.835,29.174444444444447,26.843333333333334,0,1,0,21,100.0,49.58,MODERATE
Kolkata,22.5726,88.3639,2020-06-12,28.929583333333337,31.56,27.4,87.46958333333333,95.45,4.56125,304.4,29.916666666666668,31.7,28.1,27.720750815303845,28.855251311131585,40.387240580783136,37.20224915325787,25.588348755193994,23.73,27.42,29.208333333333332,31.3,30.791666666666668,33.6,31.442500000000003,28.865,27.03333333333333,0,1,0,22,100.0,49.519999999999996,MODERATE
Kolkata,22.5726,88.3639,2020-06-13,29.142083333333332,31.71,27.85,89.93666666666667,96.83,4.9070833333333335,413.8,30.525000000000002,32.2,28.7,28.198604649226983,29.300538304485855,41.75007053033576,41.227763200706065,29.772691668583388,11.27,27.85,30.558333333333334,31.8,30.313888888888886,32.2,31.13916666666667,28.85097222222222,27.383333333333336,1,1,1,23,100.0,51.45000000000001,HIGH
Kolkata,22.5726,88.3639,2020-06-14,28.89,30.63,27.3,90.87291666666665,97.15,3.60875,354.1,31.104166666666668,32.6,30.3,28.048200879207272,28.684067711386117,39.643406653314756,37.623930437411516,30.284927323934625,16.1,27.3,30.59166666666667,31.1,30.51527777777778,32.6,30.800833333333333,28.987222222222226,27.523333333333337,1,1,2,24,100.0,52.10000000000001,HIGH
Kolkata,22.5726,88.3639,2020-06-15,28.892916666666665,31.4,27.33,89.74416666666667,96.99,3.984583333333333,472.65,30.47083333333333,32.2,29.1,27.93760885644574,29.0187505535821,40.82145365774639,39.57490701530839,28.041557378895067,20.78,27.33,30.191666666666666,31.7,30.7,32.6,30.50333333333333,28.974999999999998,27.493333333333336,1,1,3,25,100.0,50.93000000000001,HIGH
Kolkata,22.5726,88.3639,2020-06-16,28.361666666666665,30.04,26.94,90.12625000000001,96.6,2.8233333333333337,684.05,30.733333333333334,33.1,27.8,27.462032452494736,28.24384721224423,38.07791345862259,35.634759571736566,25.971406387309273,6.45,26.94,29.958333333333332,32.9,30.769444444444442,33.1,30.55,28.71486111111111,27.189999999999998,1,1,4,26,100.0,53.24,HIGH
Kolkata,22.5726,88.3639,2020-06-17,28.2175,30.03,26.21,89.83916666666666,96.3,5.542916666666667,422.35,28.270833333333332,30.2,25.5,27.28117090437766,28.295000147256076,38.263456803257824,30.080792903597608,18.633999776627117,12.790000000000001,26.21,27.858333333333334,29.3,29.825,33.1,30.22083333333334,28.490694444444443,26.826666666666668,0,1,0,27,100.0,43.809999999999995,MODERATE
Kolkata,22.5726,88.3639,2020-06-18,29.1375,32.63,26.71,84.87916666666666,95.84,4.49,358.77,29.620833333333334,33.1,27.0,27.642415568790458,29.070958209665203,40.77217217584297,41.938676521032974,24.423165209821562,7.21,26.71,29.09166666666667,32.4,29.541666666666668,33.1,30.04,28.572222222222223,26.620000000000005,1,1,1,28,100.0,53.010000000000005,HIGH
Kolkata,22.5726,88.3639,2020-06-19,29.262083333333333,32.98,26.78,84.53375,97.88,3.9579166666666663,567.25,30.5125,33.1,27.4,27.717357128525418,29.194185121812183,40.98417691725414,42.47501714386037,26.9456779223356,3.28,26.78,30.21666666666667,32.6,29.46805555555555,33.1,29.921666666666663,28.872361111111108,26.566666666666666,1,1,2,29,100.0,53.080000000000005,HIGH
Kolkata,22.5726,88.3639,2020-06-20,29.152083333333334,32.45,26.28,86.50541666666668,96.89,3.3166666666666664,610.05,31.016666666666666,34.6,28.5,27.847969941529954,29.504129902790982,42.12514137590319,48.16468655698442,28.75088399002766,10.2,26.28,30.866666666666664,34.6,30.38333333333333,34.6,30.030833333333334,29.183888888888887,26.590000000000003,1,1,3,30,100.0,57.080000000000005,HIGH
Kolkata,22.5726,88.3639,2020-06-21,29.067916666666665,32.21,27.01,86.49583333333334,96.86,4.355833333333334,792.9,30.208333333333332,32.6,28.7,27.7661002234692,29.371435365790667,41.66853581070154,42.11955462841682,26.491762797190873,15.93,27.01,30.083333333333332,32.2,30.579166666666662,34.6,29.925833333333333,29.160694444444445,26.69,1,1,4,31,100.0,51.81,HIGH
Kolkata,22.5726,88.3639,2020-06-22,28.932916666666667,32.21,26.77,86.49374999999999,96.25,5.07,704.62,29.629166666666666,32.5,28.0,27.640244175010267,29.322263422245285,41.51363122142537,41.83733915493183,24.317479536242587,20.78,26.77,29.508333333333336,32.0,30.284722222222218,34.6,30.1975,29.050972222222224,26.686666666666667,1,1,5,32,100.0,51.269999999999996,HIGH
Kolkata,22.5726,88.3639,2020-06-23,29.2,32.47,26.5,85.14041666666667,96.25,4.907916666666667,655.25,30.104166666666668,32.9,28.3,27.749247005431826,29.506450173542504,42.151258248214894,43.94435769298829,25.982617277836486,6.41,26.5,30.025000000000002,32.7,29.980555555555554,32.9,30.294166666666666,29.066944444444445,26.76,1,1,6,33,100.0,52.199999999999996,HIGH
Kolkata,22.5726,88.3639,2020-06-24,29.406666666666666,33.16,26.94,83.79416666666667,95.51,4.80375,848.33,29.983333333333334,33.6,27.4,27.81203304662145,29.73260428174604,42.66377295746243,46.81848498216197,26.270247277653798,1.33,26.94,29.508333333333336,33.2,29.905555555555555,33.6,30.188333333333333,29.179861111111112,26.736666666666665,1,1,7,34,100.0,54.74,HIGH
Kolkata,22.5726,88.3639,2020-06-25,29.225416666666664,32.62,26.92,85.40958333333333,95.71,5.1450000000000005,833.8,29.620833333333334,32.8,27.5,27.815592033725583,29.409238370197006,41.66873387806239,42.98313587412352,25.343021525435983,5.97,26.92,28.95,32.2,29.902777777777775,33.6,29.909166666666664,29.27736111111111,26.786666666666665,1,1,8,35,100.0,52.31999999999999,HIGH
Kolkata,22.5726,88.3639,2020-06-26,29.026666666666667,32.33,26.68,86.08999999999999,95.12,5.1125,801.72,29.541666666666668,32.3,26.6,27.697889879664586,29.136483122929306,40.83081819376316,40.18624779814718,24.47473257226959,2.97,26.68,28.45,31.4,29.715277777777775,33.6,29.77583333333333,29.219583333333333,26.846666666666668,1,1,9,36,100.0,50.57999999999999,HIGH
Kolkata,22.5726,88.3639,2020-06-27,28.53125,31.26,26.67,88.07208333333334,95.61,5.4991666666666665,515.03,28.516666666666666,30.9,26.7,27.399700539468913,28.504394419789577,39.21102886260634,33.3814692268525,20.135335761450385,21.81,26.67,27.791666666666668,30.6,29.226388888888888,32.8,29.553333333333335,28.927777777777777,26.75666666666667,0,1,0,37,100.0,46.37,MODERATE
Kolkata,22.5726,88.3639,2020-06-28,28.769583333333333,31.85,26.77,85.58999999999999,96.23,4.974583333333333,675.6,28.983333333333334,31.5,27.1,27.377448851393538,28.6024761540046,39.38391842017219,35.32605317520701,21.212001233012554,18.7,26.77,28.291666666666668,30.0,29.013888888888886,32.3,29.32916666666667,28.775833333333335,26.706666666666667,0,1,0,38,100.0,48.269999999999996,MODERATE
Kolkata,22.5726,88.3639,2020-06-29,28.778750000000002,32.17,26.28,88.02875,97.96,3.3154166666666662,476.05,30.78333333333333,33.0,28.9,27.628931646026743,29.313637696606477,41.74251526292531,43.260491579319705,26.620714344865018,8.77,26.28,30.233333333333334,32.5,29.427777777777777,33.0,29.489166666666666,28.693194444444444,26.573333333333334,1,1,1,39,100.0,52.28,HIGH
Kolkata,22.5726,88.3639,2020-06-30,29.254166666666666,32.86,26.76,83.5275,96.08,3.986666666666667,721.6,30.008333333333336,33.8,27.4,27.62867624034165,29.251158340633328,41.13768019886915,44.54710997743837,25.29676696874286,1.1,26.76,29.233333333333334,33.4,29.924999999999997,33.8,29.56666666666667,28.934166666666666,26.603333333333335,1,1,2,40,100.0,55.16,HIGH
Kolkata,22.5726,88.3639,2021-04-01,31.314166666666665,41.51,23.3,51.05916666666667,100.0,3.2604166666666665,915.8,30.483333333333334,40.6,24.1,24.224083832868633,25.51474013636635,41.929622222222214,51.02650060233576,17.044024350015185,0.0,23.3,28.766666666666666,39.5,30.424999999999997,40.6,29.755000000000003,29.78236111111111,25.44666666666667,1,0,3,0,36.0,56.10000000000001,HIGH
Kolkata,22.5726,88.3639,2021-04-02,31.188333333333333,40.0,23.29,55.26541666666666,100.0,2.3670833333333334,811.9,30.995833333333334,39.9,24.6,25.235751284004625,27.573084534032805,40.518766666666664,53.90745534196768,20.274398063262016,0.0,23.29,28.95,38.4,30.495833333333334,40.6,30.250833333333333,30.585555555555555,24.45,1,0,4,0,48.0,56.989999999999995,HIGH
Kolkata,22.5726,88.3639,2021-04-03,31.519583333333333,39.99,23.79,52.06916666666667,98.76,2.3229166666666665,881.25,31.27916666666667,39.8,25.7,25.30926711639376,27.70805976625468,40.518472222222215,54.35518896059978,20.70024839263827,0.0,23.79,29.224999999999998,38.4,30.91944444444444,40.6,30.71,31.34069444444445,23.459999999999997,1,0,5,0,60.0,60.18999999999999,HIGH
Kolkata,22.5726,88.3639,2021-04-04,31.427083333333332,39.38,24.08,49.44958333333333,93.18,3.098333333333333,791.12,30.55,39.3,25.3,25.163520338726542,28.035677940171034,39.94512777777778,53.61366667075464,18.992266710361324,4.45,24.08,28.416666666666668,37.5,30.941666666666663,39.9,30.663333333333338,31.378333333333334,23.72,1,0,6,0,72.0,61.97999999999999,HIGH
Kolkata,22.5726,88.3639,2021-04-05,30.449166666666667,38.19,23.83,50.69416666666667,91.03,2.1675,925.2,29.775000000000002,37.9,23.8,24.36860392998779,26.6389078844293,38.5805111111111,44.61601765234576,16.024008613728217,1.4100000000000001,23.83,27.724999999999998,36.5,30.534722222222218,39.8,30.616666666666667,31.131944444444446,23.899999999999995,1,0,7,0,84.0,60.529999999999994,HIGH
Kolkata,22.5726,88.3639,2021-04-06,30.010833333333334,37.92,24.16,56.34791666666667,93.29,4.099583333333333,888.17,28.495833333333334,36.9,23.6,24.776284440011363,27.395554408415162,38.39866111111112,44.34854245229863,13.86778227184034,2.68,24.16,26.78333333333333,35.4,29.60694444444444,39.3,30.219166666666666,30.62902777777778,24.02333333333333,1,0,8,0,96.0,60.85999999999999,HIGH
Kolkata,22.5726,88.3639,2021-04-07,30.589583333333334,37.88,25.25,59.155833333333334,88.12,6.082083333333333,884.38,28.5125,37.3,23.4,25.87497763685012,28.552841798240546,38.506366666666665,48.914061626605694,16.15264157091345,0.0,25.25,26.7,35.7,28.927777777777777,37.9,29.722500000000004,30.349861111111114,24.41333333333333,1,1,9,1,100.0,64.14999999999999,HIGH
Kolkata,22.5726,88.3639,2021-04-08,30.379583333333333,37.12,26.02,61.27166666666667,82.46,6.289583333333334,744.5,28.366666666666664,36.5,24.0,26.025849703953586,28.55462143390633,37.762277777777776,46.272366717177924,15.527622509292295,0.84,26.02,26.691666666666666,34.4,28.45833333333333,37.3,29.139999999999997,30.326666666666668,25.143333333333334,1,1,10,2,100.0,62.519999999999996,HIGH
Kolkata,22.5726,88.3639,2021-04-09,30.152916666666666,36.86,25.41,60.36375,86.86,4.7629166666666665,650.33,28.433333333333334,35.7,24.8,25.675545818570786,28.021341035592023,37.43058333333333,42.28670437267176,13.727598454173531,0.21000000000000002,25.41,26.625,32.9,28.437499999999996,37.3,28.71666666666667,30.37402777777778,25.560000000000002,1,1,11,3,100.0,59.510000000000005,HIGH
Kolkata,22.5726,88.3639,2021-04-10,31.359583333333333,39.47,24.97,57.028333333333336,91.66,3.9020833333333336,654.78,30.445833333333336,39.2,24.8,26.151609544638774,29.012365971130254,40.1457,56.33348921773859,20.3881317521678,0.0,24.97,28.233333333333334,37.4,29.081944444444442,39.2,28.850833333333334,30.630694444444444,25.46666666666667,1,0,12,0,100.0,69.57000000000001,HIGH
Kolkata,22.5726,88.3639,2021-04-11,32.66416666666667,41.06,25.81,51.017500000000005,85.76,3.966666666666667,904.45,31.520833333333332,41.4,24.9,26.38507620867397,29.185275343786813,41.77406666666666,63.902840524114055,24.5309256628679,0.53,25.81,28.991666666666664,39.7,30.133333333333336,41.4,29.455833333333334,31.392222222222227,25.396666666666665,1,1,13,1,100.0,77.00999999999999,SEVERE
Kolkata,22.5726,88.3639,2021-04-12,32.39958333333333,40.76,24.9,49.17291666666667,90.26,3.5370833333333334,844.58,31.608333333333334,40.8,25.4,25.915497684874733,28.884612282641687,41.43806111111111,61.20867259671732,23.443921181618833,0.46,24.9,29.458333333333332,39.4,31.191666666666663,41.4,30.075,32.14111111111111,25.22666666666667,1,0,14,0,100.0,74.29999999999998,SEVERE
Kolkata,22.5726,88.3639,2021-04-13,32.72625,41.3,25.85,47.805416666666666,83.92,4.2387500000000005,842.03,31.25,41.3,24.1,25.84193770717358,28.426639861647146,41.93962777777778,61.318403030281544,23.054049594125825,0.0,25.85,28.883333333333336,40.4,31.459722222222222,41.4,30.651666666666664,32.596666666666664,25.52,1,1,15,1,100.0,76.74999999999999,SEVERE
Kolkata,22.5726,88.3639,2021-04-14,33.15833333333333,41.59,26.66,49.89125000000001,79.45,4.738333333333333,908.42,32.137499999999996,41.8,24.5,26.656418738766078,29.242074345837406,42.312677777777786,65.28705365920206,27.485675045680026,0.0,26.66,30.05,40.3,31.665277777777774,41.8,31.392499999999995,32.76138888888889,25.80333333333333,1,1,16,2,100.0,79.05999999999999,SEVERE
Kolkata,22.5726,88.3639,2021-04-15,31.77125,39.32,26.35,52.598333333333336,82.73,4.724166666666666,694.65,30.337500000000002,38.8,25.9,25.893676418997515,27.18477912989917,39.79322222222223,49.5896933405195,19.257080560921,0.0,26.35,28.858333333333334,37.0,31.241666666666664,41.8,31.37083333333333,32.551944444444445,26.286666666666665,1,1,17,3,100.0,69.75,HIGH
Kolkata,22.5726,88.3639,2021-04-16,31.082916666666666,38.7,24.82,55.45541666666667,89.21,4.99625,489.75,29.745833333333334,38.4,24.1,25.690713629425606,28.07481093362099,39.26841111111111,50.89261637574219,17.76981010155315,0.0,24.82,28.016666666666666,36.6,30.740277777777777,41.8,31.01583333333333,32.00416666666667,25.94333333333333,1,0,18,0,100.0,67.01999999999998,HIGH
Kolkata,22.5726,88.3639,2021-04-17,31.156666666666666,39.89,24.55,55.536249999999995,93.72,4.9525,914.22,29.666666666666668,39.6,24.0,25.603757438512744,28.29583053983568,40.48993888888888,55.61787326201912,18.20335007181932,5.88,24.55,27.983333333333334,38.1,29.916666666666668,39.6,30.627500000000005,31.33694444444444,25.24,1,0,19,0,100.0,70.35,SEVERE
Kolkata,22.5726,88.3639,2021-04-18,30.497083333333332,37.9,24.66,61.10541666666666,92.67,4.39,803.15,29.391666666666666,37.1,24.4,25.908696737514205,28.336809666483166,38.492594444444435,47.58639629568418,16.541694377451304,2.87,24.66,27.541666666666668,35.0,29.601388888888888,39.6,30.255833333333335,30.912222222222223,24.676666666666666,1,0,20,0,100.0,62.96000000000001,HIGH
Kolkata,22.5726,88.3639,2021-04-19,31.264583333333334,40.06,24.74,55.36208333333334,97.65,3.5812500000000003,982.7,30.224999999999998,39.7,24.1,25.328379256646244,27.061935163824288,40.527322222222224,51.771366932525055,18.35147184130765,0.04,24.74,28.349999999999998,38.6,29.76111111111111,39.7,29.873333333333335,30.97277777777778,24.650000000000002,1,0,21,0,100.0,70.84,SEVERE
Kolkata,22.5726,88.3639,2021-04-20,32.18083333333333,40.51,25.93,57.17583333333334,92.39,4.555416666666667,944.67,31.166666666666668,40.5,25.1,26.62748767775541,28.61445926691095,41.14478333333333,59.12375567878349,24.021147111456056,0.0,25.93,29.066666666666666,38.9,30.261111111111106,40.5,30.039166666666667,31.314166666666665,25.11,1,1,22,1,100.0,74.43,SEVERE
Kolkata,22.5726,88.3639,2021-04-21,32.27291666666667,40.84,25.73,59.54,95.5,5.315416666666667,921.53,31.429166666666664,41.1,25.7,27.189870057705136,29.958337927969122,41.63572777777779,65.35173359067068,26.646538380366206,7.3999999999999995,25.73,29.258333333333336,39.0,30.940277777777776,41.1,30.375833333333333,31.906111111111112,25.46666666666667,1,1,23,2,100.0,76.03000000000002,SEVERE
Kolkata,22.5726,88.3639,2021-04-22,30.84708333333333,36.87,24.84,62.66958333333333,97.25,3.0870833333333336,435.5,30.96666666666667,36.1,26.8,26.52595351666157,28.67418994482417,38.20880006331679,44.86067609137622,22.215681551998937,2.5,24.84,29.2,35.8,31.1875,41.1,30.635833333333334,31.766944444444437,25.5,1,0,24,0,100.0,60.140000000000015,HIGH
Kolkata,22.5726,88.3639,2021-04-23,31.263333333333335,39.14,24.03,47.2525,89.86,2.719583333333333,848.4,30.599999999999998,39.1,23.5,24.9210711623771,28.413678296715098,39.74588333333334,54.0744117017395,20.178634108664728,0.02,24.03,28.2,37.2,30.998611111111106,41.1,30.877499999999998,31.46111111111111,24.866666666666664,1,0,25,0,100.0,68.33,HIGH
Kolkata,22.5726,88.3639,2021-04-24,32.0425,39.78,24.88,51.81791666666666,99.33,3.405416666666667,961.83,31.325,39.5,24.5,25.818025508751585,28.052004397808343,40.3130611111111,53.68067041862936,22.001327333272254,0.0,24.88,29.25,39.0,30.963888888888885,39.5,31.097500000000004,31.384305555555557,24.583333333333332,1,0,26,0,100.0,70.38,SEVERE
Kolkata,22.5726,88.3639,2021-04-25,33.06375,41.9,26.06,50.86083333333334,90.59,3.6024999999999996,940.58,32.4,42.1,26.1,26.500427049775293,28.71558491431894,42.579783333333324,64.6310397671114,27.068790666102714,0.0,26.06,29.941666666666666,40.1,31.441666666666663,42.1,31.344166666666666,32.123194444444444,24.99,1,1,27,1,100.0,79.36,SEVERE
Kolkata,22.5726,88.3639,2021-04-26,32.81458333333333,41.42,26.46,53.75583333333333,88.82,4.5841666666666665,900.78,31.962500000000002,41.5,26.1,26.80980737583054,28.79796908112071,42.10348333333334,63.27737101147807,27.31569185117093,0.0,26.46,29.666666666666668,39.5,31.895833333333332,42.1,31.450833333333332,32.640277777777776,25.8,1,1,28,2,100.0,77.96,SEVERE
Kolkata,22.5726,88.3639,2021-04-27,32.30708333333333,40.57,26.1,56.757083333333334,94.63,4.279166666666667,847.22,31.545833333333334,40.6,26.1,26.827282191431493,28.803081599024118,41.23245555555555,60.15789681032699,25.863323461988884,0.0,26.1,29.241666666666664,37.3,31.969444444444445,42.1,31.566666666666663,32.72847222222222,26.206666666666667,1,1,29,3,100.0,74.9,SEVERE
Kolkata,22.5726,88.3639,2021-04-28,32.93083333333333,40.94,26.69,54.12166666666667,88.95,3.9704166666666665,904.38,32.59583333333333,41.1,27.6,27.132310461167506,29.54379697457793,41.690372222222216,64.15562763870963,30.036488219083562,0.0,26.69,31.075,39.9,32.03472222222222,41.5,31.96583333333333,32.68416666666667,26.416666666666668,1,1,30,4,100.0,76.99000000000001,SEVERE
Kolkata,22.5726,88.3639,2021-04-29,30.175,35.31,25.34,62.73666666666667,94.52,3.2841666666666662,898.42,29.84583333333333,34.3,26.5,26.046106392562468,27.610211762836045,36.68926086751836,35.961934383965094,17.34423616359456,0.1,25.34,28.616666666666664,33.0,31.329166666666662,41.1,31.670000000000005,31.80430555555556,26.043333333333333,1,1,31,5,100.0,55.239999999999995,HIGH
Kolkata,22.5726,88.3639,2021-04-30,32.032916666666665,39.78,26.42,55.82958333333334,88.33,4.3475,884.03,31.129166666666666,39.6,26.3,26.604236678359737,29.069026047892503,40.4611111111111,57.88139698425722,23.545591863999476,1.54,26.42,29.166666666666668,37.3,31.190277777777776,41.1,31.415833333333335,31.71291666666667,26.150000000000002,1,1,32,6,100.0,72.22,SEVERE
Kolkata,22.5726,88.3639,2021-05-01,32.42875,40.55,25.58,52.90625,92.53,3.6245833333333333,916.72,31.991666666666664,40.7,26.8,26.47602034002649,29.346838794647063,41.27364444444444,62.20238111824071,25.358406411788973,0.04,25.58,30.325,39.2,30.988888888888884,40.7,31.421666666666663,31.545555555555556,25.78,1,1,33,7,100.0,74.68,SEVERE
Kolkata,22.5726,88.3639,2021-05-02,31.988333333333333,39.3,25.98,58.18125,90.98,4.343333333333333,902.05,31.191666666666666,39.1,26.3,26.946332916608146,29.472994000684523,40.03651111111111,57.505078620411055,24.918782621306093,8.09,25.98,29.733333333333334,38.1,31.437499999999996,40.7,31.350833333333334,32.15,25.993333333333336,1,1,34,8,100.0,70.28,SEVERE
Kolkata,22.5726,88.3639,2021-05-03,30.309166666666666,37.14,25.51,66.25041666666667,95.33,3.732083333333333,824.5,29.8875,36.9,26.0,26.466421425391754,28.66542325345292,37.795766666666665,47.62956799658362,18.810117241520555,15.39,25.51,28.458333333333332,35.4,31.02361111111111,40.7,30.809166666666663,31.57541666666667,25.689999999999998,1,1,35,9,100.0,63.21,HIGH
Kolkata,22.5726,88.3639,2021-05-04,28.093333333333334,32.43,24.24,69.13166666666667,90.98,2.2254166666666664,593.92,28.53333333333333,32.6,25.2,24.897030174015715,26.324290178199014,34.00743288937544,26.441263584365686,11.102871391725069,5.26,24.24,27.491666666666664,31.7,29.870833333333326,39.1,30.546666666666663,30.13027777777778,25.243333333333336,1,0,36,0,100.0,49.040000000000006,MODERATE
Kolkata,22.5726,88.3639,2021-05-05,29.290000000000003,34.78,24.78,66.02958333333333,92.9,2.9008333333333334,802.38,29.25,34.3,26.2,25.595795578356803,27.655950589006924,36.854099086427354,37.28663358130542,14.190645634534645,4.54,24.78,28.541666666666668,33.9,29.223611111111108,36.9,30.17083333333333,29.230833333333337,24.843333333333334,1,0,37,0,100.0,54.67999999999999,HIGH
Kolkata,22.5726,88.3639,2021-05-06,30.454166666666666,36.98,25.68,66.12833333333333,94.28,3.4791666666666665,892.2,30.316666666666666,36.7,26.5,26.616362576722196,29.012328596116753,38.801130934886686,47.98307274487201,20.522432082698,8.3,25.68,29.175,35.3,29.366666666666664,36.7,29.83583333333333,29.27916666666667,24.900000000000002,1,1,38,1,100.0,62.78000000000001,HIGH
Kolkata,22.5726,88.3639,2021-05-07,30.829583333333332,37.46,25.79,65.35416666666667,92.58,4.027916666666667,913.88,30.3,37.2,26.2,26.880896653018024,29.39912272841535,39.66965439283578,50.95124741229919,21.868239427535375,3.2600000000000002,25.79,28.833333333333332,35.5,29.955555555555552,37.2,29.6575,30.19125,25.416666666666668,1,1,39,2,100.0,64.39000000000001,HIGH
Kolkata,22.5726,88.3639,2021-05-08,31.339166666666667,38.08,25.92,60.236250000000005,88.73,3.5475,889.7,30.808333333333334,38.7,26.3,26.6929553536125,29.235902959736116,38.79738888888888,54.71630791302478,22.528950021346265,0.45,25.92,29.0,37.0,30.474999999999998,38.7,29.84166666666667,30.874305555555555,25.796666666666667,1,1,40,3,100.0,69.02000000000001,HIGH
Kolkata,22.5726,88.3639,2021-05-09,30.998333333333335,37.07,26.06,65.72333333333334,94.48,3.8674999999999997,841.65,30.6125,37.2,26.6,27.11366789868679,29.461386982854094,40.26606533637188,50.83278458324365,23.99039273160912,10.95,26.06,29.59166666666667,36.7,30.57361111111111,38.7,30.257500000000004,31.055694444444445,25.923333333333332,1,1,41,4,100.0,64.66000000000001,HIGH
Kolkata,22.5726,88.3639,2021-05-10,31.00125,37.35,26.72,66.46666666666667,93.1,3.79625,865.53,30.84583333333333,37.5,27.1,27.19460157322942,29.38140969854101,39.85988534635615,51.48657692170999,25.05249814767625,3.83,26.72,29.425,35.6,30.75555555555555,38.7,30.576666666666664,31.112916666666667,26.233333333333334,1,1,42,5,100.0,66.21999999999998,HIGH
Kolkata,22.5726,88.3639,2021-05-11,30.33666666666667,35.44,26.14,73.21041666666666,95.87,3.7504166666666667,787.2,30.708333333333332,35.4,27.7,27.416982632544784,29.346922565293774,40.82680912518463,48.56407997865056,25.68886511960611,26.91,26.14,30.316666666666666,35.3,30.722222222222218,37.5,30.655,30.778750000000002,26.30666666666667,1,1,43,6,100.0,59.339999999999996,HIGH
Kolkata,22.5726,88.3639,2021-05-12,30.61791666666667,36.12,26.5,68.27291666666666,92.51,2.5866666666666664,934.0,31.525000000000002,36.8,27.6,27.112587468396057,29.152055584382783,40.17853688144063,50.68297309237602,26.540005818966662,10.57,26.5,30.883333333333336,36.0,31.026388888888885,37.5,30.9,30.65194444444445,26.453333333333333,1,1,44,7,100.0,63.899999999999984,HIGH
Kolkata,22.5726,88.3639,2021-05-13,30.707083333333333,36.76,25.57,68.93666666666667,94.81,3.28375,644.25,31.175,36.7,27.2,27.250641589693533,29.70817196524543,41.743093763896205,53.69459742955908,26.31366706639464,5.08,25.57,30.5,35.5,31.13611111111111,36.8,30.973333333333336,30.553888888888892,26.070000000000004,1,1,45,8,100.0,62.67000000000001,HIGH
Kolkata,22.5726,88.3639,2021-05-14,31.364583333333332,37.84,26.44,66.55708333333332,99.01,3.4020833333333336,904.25,31.833333333333332,37.6,27.9,27.45032793814823,29.295107643861463,38.563677777777784,51.73170569830834,28.396280726735665,0.89,26.44,30.200000000000003,35.7,31.51111111111111,37.6,31.2175,30.896527777777777,26.17,1,1,46,9,100.0,66.24000000000001,HIGH
Kolkata,22.5726,88.3639,2021-05-15,32.2575,39.49,27.04,64.43583333333333,96.31,4.1554166666666665,857.58,32.4125,39.6,28.4,27.97175780576491,30.23556011441575,40.323322222222224,61.29217792778832,32.725178886792214,0.48,27.04,31.224999999999998,38.7,31.80694444444444,39.6,31.530833333333334,31.44305555555556,26.349999999999998,1,1,47,10,100.0,72.84,SEVERE
Kolkata,22.5726,88.3639,2021-05-16,32.757083333333334,38.9,28.18,64.63625,90.57,4.039166666666667,951.17,33.166666666666664,39.4,28.8,28.607897822992253,30.481742439598296,41.706752656888796,61.05719833328764,38.32159021452412,0.24,28.18,32.11666666666667,38.5,32.47083333333333,39.6,32.0225,32.12638888888889,27.22,1,1,48,11,100.0,73.38,SEVERE
Kolkata,22.5726,88.3639,2021-05-17,32.8025,38.9,28.21,67.00208333333333,92.36,4.434583333333333,947.97,33.295833333333334,39.5,29.4,28.975441481056368,30.998701382270102,44.64229416054694,65.27330895447516,40.771002619737395,0.02,28.21,31.941666666666666,37.8,32.95833333333333,39.6,32.376666666666665,32.60569444444445,27.810000000000002,1,1,49,12,100.0,73.71,SEVERE
Kolkata,22.5726,88.3639,2021-05-18,33.157916666666665,39.8,28.39,67.635,93.42,5.2004166666666665,972.83,33.74166666666667,40.2,29.6,29.324666793685903,31.349965272097666,44.520311475185146,66.53499726556836,43.64935502761224,2.71,28.39,32.266666666666666,38.6,33.40138888888888,40.2,32.89,32.905833333333334,28.26,1,1,50,13,100.0,75.99000000000001,SEVERE
Kolkata,22.5726,88.3639,2021-05-19,32.37916666666667,37.69,28.97,70.34875,91.61,4.21375,783.62,33.266666666666666,38.1,30.7,29.035964931431987,30.553052026430663,43.82094761256073,61.5360670467361,41.71936506870353,0.79,28.97,32.38333333333333,36.4,33.43472222222223,40.2,33.17666666666666,32.77986111111112,28.523333333333337,1,1,51,14,100.0,70.27000000000001,SEVERE
Kolkata,22.5726,88.3639,2021-05-20,31.02,34.26,28.14,78.93375,94.83,4.379583333333334,949.15,32.50416666666667,34.6,30.7,28.858159362210838,29.977504920709002,43.05599198825063,50.39424692582321,38.91175636342092,2.64,28.14,31.59166666666667,34.1,33.17083333333333,40.2,33.195,32.185694444444444,28.5,1,1,52,15,100.0,58.940000000000005,HIGH
Kolkata,22.5726,88.3639,2021-05-21,31.493333333333336,36.97,27.97,71.515,91.93,4.1450000000000005,934.88,32.079166666666666,37.1,29.8,28.361801333435963,30.057318816727832,42.49273830923503,56.393902806040046,34.923015975276236,1.8900000000000001,27.97,31.266666666666666,35.1,32.61666666666667,38.1,32.9775,31.63083333333334,28.36,1,1,53,16,100.0,66.27,HIGH
Kolkata,22.5726,88.3639,2021-05-22,32.072916666666664,37.76,27.95,65.59625,87.57,2.8520833333333333,920.83,33.09166666666667,38.9,29.6,28.236238303695657,30.7489038042211,44.395170690291714,64.41874314595937,36.93262387611899,0.88,27.95,31.8,37.2,32.55833333333333,38.9,32.93666666666667,31.528750000000002,28.02,1,1,54,17,100.0,71.64999999999999,SEVERE
Kolkata,22.5726,88.3639,2021-05-23,32.48583333333333,36.55,27.93,64.40916666666666,81.8,1.6595833333333332,908.28,34.574999999999996,37.9,29.8,28.57830749040834,30.390329409300026,43.64897705959543,60.39835958407002,42.72364904962438,4.9,27.93,32.9,36.9,33.2486111111111,38.9,33.10333333333333,32.017361111111114,27.95,1,1,55,18,100.0,68.63,HIGH
Kolkata,22.5726,88.3639,2021-05-24,30.175833333333333,35.18,26.2,72.43291666666667,92.06,3.982083333333333,639.1,30.30416666666667,34.3,24.6,27.214143994810957,28.835229090489985,39.53965728607952,43.15973708545214,24.27302642078271,18.45,26.2,28.941666666666666,33.6,32.65694444444444,38.9,32.51083333333334,31.578194444444446,27.36,1,1,56,19,100.0,56.099999999999994,HIGH
Kolkata,22.5726,88.3639,2021-05-25,28.712083333333336,32.33,26.02,79.13458333333334,90.65,9.567916666666667,466.35,26.6375,32.4,20.7,26.653163094253774,28.852976739737354,40.11973382618875,38.96739441589793,15.150474445177833,28.95,26.02,25.183333333333334,30.9,30.505555555555556,37.9,31.3375,30.457916666666666,26.71666666666667,1,1,57,20,100.0,50.22,HIGH
Kolkata,22.5726,88.3639,2021-05-26,28.62,30.98,26.3,83.29041666666667,90.24,12.784999999999998,425.23,25.758333333333336,28.2,20.7,27.01250713373204,28.338904751599244,38.595904629020126,25.60010958438045,13.510811127444926,47.07,26.3,24.733333333333334,26.7,27.566666666666666,34.3,30.073333333333334,29.169305555555557,26.173333333333332,0,1,0,21,100.0,37.9,MODERATE
Kolkata,22.5726,88.3639,2021-05-27,29.450416666666666,32.36,27.41,84.22958333333334,96.49,8.299583333333333,424.67,29.291666666666668,32.6,27.0,27.891295626173243,28.993270605111597,40.52469411705342,40.24041539538125,25.085095960460944,36.88,27.41,28.849999999999998,31.7,27.229166666666668,32.6,29.313333333333333,28.927500000000006,26.576666666666664,1,1,1,22,100.0,52.21,HIGH
Kolkata,22.5726,88.3639,2021-05-28,29.653750000000002,34.18,26.48,83.78166666666667,99.46,4.829583333333333,857.38,30.84166666666667,34.5,28.5,28.007981390735065,30.009744143723395,43.332994494923106,50.41242817962227,29.04133630677478,5.12,26.48,30.424999999999997,34.2,28.630555555555556,34.5,28.56666666666667,29.241388888888892,26.73,1,1,2,23,100.0,56.980000000000004,HIGH
Kolkata,22.5726,88.3639,2021-05-29,30.10375,34.64,26.85,78.83916666666667,95.4,4.178333333333334,724.8,30.795833333333334,34.7,28.4,27.90028355898031,29.822165771769555,42.444000032970195,49.64606256136971,28.847789697555893,0.49,26.85,30.175,34.1,30.30972222222222,34.7,28.665,29.735972222222227,26.913333333333338,1,1,3,24,100.0,57.95000000000001,HIGH
Kolkata,22.5726,88.3639,2021-05-30,30.172083333333333,34.31,27.7,81.30166666666666,95.63,4.780833333333333,708.0,30.724999999999998,34.7,28.5,28.253704062126587,29.96065970261408,43.075108273717206,50.61033412846591,30.696996017384976,15.969999999999999,27.7,29.916666666666668,34.0,30.787499999999998,34.7,29.482500000000005,29.97652777777778,27.01,1,1,4,25,100.0,58.80000000000001,HIGH
Kolkata,22.5726,88.3639,2021-05-31,29.439999999999998,32.06,27.64,88.77375,96.44,4.511666666666667,208.32,30.95,32.7,28.8,28.353237068968042,29.356877432044378,41.96155693145277,42.83068180174425,31.858321411238364,7.21,27.64,30.291666666666668,32.0,30.82361111111111,34.7,30.520833333333336,29.90527777777778,27.396666666666665,1,1,5,26,100.0,52.74000000000001,HIGH
Kolkata,22.5726,88.3639,2021-06-01,29.45958333333333,32.3,27.37,87.76833333333333,96.81,3.65875,669.28,31.433333333333334,33.6,29.5,28.28960053602167,29.56136847434498,42.399544949417646,45.656366170272136,32.612388241998886,16.59,27.37,30.875,33.1,31.036111111111108,34.7,30.949166666666667,29.69055555555555,27.570000000000004,1,1,6,27,100.0,55.17,HIGH
Kolkata,22.5726,88.3639,2021-06-02,29.680833333333336,33.13,27.02,82.97958333333334,96.11,3.0237499999999997,702.3,31.599999999999998,34.6,29.1,27.980109849865272,29.36703179541886,41.51205686453753,46.970275268463126,31.354323269717295,1.75,27.02,30.566666666666666,34.2,31.327777777777772,34.6,31.100833333333334,29.526805555555555,27.343333333333334,1,1,7,28,100.0,57.82000000000001,HIGH
Kolkata,22.5726,88.3639,2021-06-03,29.895833333333332,33.4,27.28,82.21708333333333,94.92,3.435833333333333,840.75,31.46666666666667,34.4,29.1,28.111760324147436,29.541080937606857,41.888677792614736,47.56991915422468,31.779739837280832,0.08,27.28,30.75,34.3,31.5,34.6,31.235000000000003,29.678749999999997,27.223333333333333,1,1,8,29,100.0,57.48,HIGH
Kolkata,22.5726,88.3639,2021-06-04,30.104583333333334,33.11,27.69,81.25416666666666,93.98,3.3120833333333333,903.83,31.7625,34.9,29.0,28.236937136841338,29.488982773969557,41.90706745871242,48.49486320025779,33.43824777238933,0.0,27.69,30.483333333333334,34.1,31.609722222222217,34.9,31.442500000000003,29.89375,27.33,1,1,9,30,100.0,59.38999999999999,HIGH
Kolkata,22.5726,88.3639,2021-06-05,30.192083333333333,34.74,27.39,79.59458333333333,93.44,3.6008333333333336,869.55,31.4375,35.2,28.1,28.10299376365299,29.916590379605942,42.70050147105807,51.40238111365094,31.76629779634126,1.05,27.39,30.233333333333334,34.3,31.555555555555554,35.2,31.54,30.064166666666665,27.453333333333333,1,1,10,31,100.0,59.99000000000001,HIGH
Kolkata,22.5726,88.3639,2021-06-06,30.20958333333333,33.48,28.16,82.71124999999999,93.85,4.347916666666666,857.62,31.354166666666668,34.6,28.3,28.49408795534461,29.757901022870143,42.73638420526689,49.24286528225589,33.85794324342441,5.82,28.16,30.241666666666664,33.1,31.518055555555552,35.2,31.524166666666666,30.168750000000003,27.74666666666667,1,1,11,32,100.0,58.96000000000001,HIGH
Kolkata,22.5726,88.3639,2021-06-07,30.362916666666667,33.69,27.99,83.6875,94.37,5.753333333333334,725.38,31.145833333333332,34.1,28.6,28.73686982424528,29.903441567756467,43.59145204333447,48.98387462067088,34.764650448357656,9.97,27.99,30.116666666666664,32.8,31.312499999999996,35.2,31.43333333333333,30.25486111111111,27.846666666666668,1,1,12,33,100.0,57.29,HIGH
Kolkata,22.5726,88.3639,2021-06-08,29.624166666666667,32.78,26.74,86.0175,94.69,5.4245833333333335,808.97,30.166666666666668,33.6,26.5,28.278659448775656,29.771222843839816,42.97150497839153,47.201933730120786,29.58913988644655,16.66,26.74,29.333333333333332,33.1,30.888888888888886,34.6,31.173333333333336,30.06555555555556,27.63,1,1,13,34,100.0,54.540000000000006,HIGH
Kolkata,22.5726,88.3639,2021-06-09,27.08375,29.36,25.51,85.19291666666668,95.35,3.4562500000000003,579.45,27.558333333333334,29.5,25.2,25.693164774058996,26.546313586584937,33.74787506469463,17.006658207315365,8.339450238325416,4.91,25.51,26.441666666666666,28.6,29.623611111111106,34.1,30.3325,29.023611111111112,26.746666666666666,0,1,0,35,100.0,41.010000000000005,MODERATE
Kolkata,22.5726,88.3639,2021-06-10,27.465833333333332,29.58,25.83,88.83708333333334,97.92,2.8408333333333338,482.33,29.141666666666666,31.2,26.2,26.435724626075444,27.30353757580851,35.43299503458209,25.16949331810848,15.596024435506658,3.93,25.83,28.333333333333332,29.2,28.955555555555552,33.6,29.873333333333335,28.05791666666667,26.026666666666667,0,1,0,36,100.0,46.42999999999999,MODERATE
Kolkata,22.5726,88.3639,2021-06-11,28.227083333333336,30.54,26.01,86.75041666666665,95.58,1.8220833333333335,519.9,31.02916666666667,33.2,28.8,26.97841184041251,28.084166081968,37.842193937942746,36.03442508725396,23.71243793635575,7.48,26.01,29.758333333333336,31.1,29.243055555555554,33.2,29.808333333333337,27.592222222222222,25.78333333333333,1,1,1,37,100.0,52.610000000000014,HIGH
Kolkata,22.5726,88.3639,2021-06-12,28.71375,31.56,26.41,84.375,96.35,2.3629166666666666,590.45,31.03333333333333,32.8,29.9,27.195016118340703,28.39719168261169,38.735625111361095,36.629289018298586,25.126222188453596,9.4,26.41,30.966666666666665,32.8,30.401388888888885,33.2,29.785833333333336,28.13555555555556,26.083333333333332,1,1,2,38,100.0,51.80999999999999,HIGH
Kolkata,22.5726,88.3639,2021-06-13,29.318749999999998,32.56,26.95,83.20916666666666,95.24,3.0433333333333334,620.8,31.09166666666667,33.3,28.8,27.657174126692016,29.078823569191385,40.72840016285709,42.4242099796238,28.25549093839329,13.03,26.95,30.400000000000002,33.1,31.051388888888884,33.3,29.97083333333334,28.753194444444446,26.456666666666667,1,1,3,39,100.0,53.849999999999994,HIGH
Kolkata,22.5726,88.3639,2021-06-14,29.29875,32.5,27.02,86.42875,97.07,3.7908333333333335,520.9,30.97083333333333,33.1,29.1,27.983209131143056,29.528006365559172,42.23658515924298,44.58322358297576,29.669011073218282,18.57,27.02,30.941666666666666,32.9,31.031944444444438,33.3,30.653333333333336,29.110416666666666,26.793333333333333,1,1,4,40,100.0,53.32000000000001,HIGH
Kolkata,22.5726,88.3639,2021-06-15,28.84875,32.52,26.53,85.26666666666667,95.5,3.94375,233.98,29.583333333333332,33.7,27.0,27.39254697942167,28.937780380427682,40.4241708260042,42.7365331638954,22.640068544511493,33.6,26.53,28.96666666666667,32.8,30.548611111111104,33.7,30.741666666666667,29.155416666666667,26.833333333333332,1,1,5,41,100.0,54.63000000000001,HIGH
Kolkata,22.5726,88.3639,2021-06-16,28.076666666666668,30.4,26.33,89.11166666666666,96.5,5.0062500000000005,282.8,28.09583333333333,30.7,25.2,27.055158963166487,28.134498372599026,37.87675191914707,30.611540264881484,17.112792507637874,47.14,26.33,27.633333333333336,30.7,29.549999999999994,33.7,30.155,28.741388888888892,26.626666666666665,0,1,0,42,100.0,45.42999999999999,MODERATE
Kolkata,22.5726,88.3639,2021-06-17,27.0175,29.33,25.26,90.68124999999999,95.52,6.982500000000001,188.4,26.058333333333334,28.5,23.5,26.168999847693403,27.667999419812848,36.28665978825146,22.32935459704851,8.526352296344271,72.03,25.26,26.083333333333332,27.6,27.912499999999994,33.7,29.160000000000004,27.980972222222224,26.040000000000003,0,1,0,43,100.0,37.760000000000005,MODERATE
Kolkata,22.5726,88.3639,2021-06-18,27.879583333333333,30.37,25.84,88.18208333333332,95.38,4.000416666666667,530.2,28.3625,31.7,25.5,26.77717386645112,28.12346358963609,37.895751535456384,32.98184568268654,16.06370466519882,20.74,25.84,27.900000000000002,31.0,27.50555555555555,31.7,28.614166666666666,27.65791666666667,25.810000000000002,0,1,0,44,100.0,47.93999999999999,MODERATE
Kolkata,22.5726,88.3639,2021-06-19,27.769583333333333,29.97,25.95,89.16416666666667,96.55,4.560833333333333,232.95,28.0125,31.1,25.5,26.749989245649473,27.515547447453038,36.20711269177642,25.498075050269694,14.922051576353473,24.830000000000002,25.95,26.575,28.7,27.477777777777774,31.7,28.0225,27.555555555555557,25.683333333333337,0,1,0,45,100.0,46.25,MODERATE
Kolkata,22.5726,88.3639,2021-06-20,27.576666666666668,29.33,26.24,90.31041666666665,95.48,4.165416666666666,475.17,28.045833333333334,29.5,26.1,26.69385798821062,27.378967760664512,35.47122599200101,22.061909025460768,14.424508136666809,23.29,26.24,27.416666666666668,28.7,28.140277777777772,31.7,27.714999999999996,27.741944444444446,26.01,0,1,0,46,100.0,41.739999999999995,MODERATE
Kolkata,22.5726,88.3639,2021-06-21,28.103333333333335,30.52,26.38,87.61958333333332,96.54,3.455416666666667,578.67,29.28333333333333,31.8,26.9,26.94329220954319,28.061058135009105,37.64473749495471,32.51689752664347,19.069069239270053,7.2700000000000005,26.38,28.266666666666666,29.8,28.44722222222222,31.8,27.952499999999997,27.816527777777782,26.189999999999998,0,1,0,47,100.0,48.78000000000001,MODERATE
Kolkata,22.5726,88.3639,2021-06-22,28.306250000000002,31.82,25.93,87.59541666666667,95.61,3.8433333333333333,528.3,29.21666666666667,33.1,26.6,27.12964124559576,29.075074869831745,40.87130939671048,42.02485278861181,19.943808041428703,5.34,25.93,29.224999999999998,33.1,28.848611111111108,33.1,28.58416666666667,27.99541666666667,26.183333333333334,1,1,1,48,100.0,52.230000000000004,HIGH
Kolkata,22.5726,88.3639,2021-06-23,27.865416666666665,30.77,25.7,88.4575,97.54,5.554583333333333,621.35,27.84166666666667,30.3,25.9,26.794224482746824,28.29469751471649,38.33197918504962,30.48798748767088,14.568883550662399,6.67,25.7,28.241666666666664,30.3,28.78055555555555,33.1,28.48,28.09166666666667,26.003333333333334,0,1,0,49,100.0,43.6,MODERATE
Kolkata,22.5726,88.3639,2021-06-24,28.799583333333334,32.39,26.06,84.49416666666667,95.4,3.8891666666666667,820.33,29.71666666666667,32.8,27.0,27.29357063292019,29.241245707928325,41.19768174417245,42.06954733610884,22.311863377146754,1.66,26.06,29.625,32.6,28.924999999999997,33.1,28.820833333333336,28.32375,25.896666666666665,1,1,1,50,100.0,51.459999999999994,HIGH
Kolkata,22.5726,88.3639,2021-06-25,28.756249999999998,32.18,26.31,86.04375,96.04,3.8041666666666667,724.3,29.849999999999998,33.4,27.2,27.41911345839524,29.373235529553003,41.7152662034779,44.21262977165344,23.226861039067174,5.91,26.31,29.724999999999998,33.3,29.13611111111111,33.4,29.181666666666665,28.47375,26.02333333333333,1,1,2,51,100.0,53.50999999999999,HIGH
Kolkata,22.5726,88.3639,2021-06-26,28.842916666666667,31.99,26.58,86.85291666666666,97.91,4.614166666666667,714.12,29.7625,32.3,27.8,27.58691986259923,29.26984570681003,41.37040944515857,41.055545333611455,24.208485095942535,3.04,26.58,29.65833333333333,32.0,29.776388888888885,33.4,29.277500000000003,28.799583333333334,26.316666666666663,1,1,3,52,100.0,50.47999999999999,HIGH
Kolkata,22.5726,88.3639,2021-06-27,28.900000000000002,32.4,26.49,86.53625,96.16,4.4575000000000005,580.33,29.625,33.1,26.7,27.6071091925476,29.514928120264777,42.23349694459695,44.541303443052556,23.815184265469213,8.15,26.49,29.516666666666666,33.1,29.745833333333326,33.4,29.35916666666667,28.833055555555557,26.459999999999997,1,1,4,53,100.0,52.790000000000006,HIGH
Kolkata,22.5726,88.3639,2021-06-28,28.425416666666667,31.09,26.52,88.17,96.44,5.1674999999999995,760.47,28.525000000000002,31.1,26.5,27.324313292079214,28.727311501421788,39.6311789645493,34.91556838648215,19.425794476589036,3.31,26.52,28.058333333333334,30.8,29.304166666666664,33.1,29.495833333333337,28.722777777777782,26.529999999999998,0,1,0,54,100.0,46.82,MODERATE
Kolkata,22.5726,88.3639,2021-06-29,29.495833333333334,32.75,27.38,86.54625,95.47,6.0025,500.48,29.741666666666664,33.3,27.0,28.187095715101137,29.6659498128478,42.66879988784467,45.87289281927789,27.839575674609566,0.24000000000000002,27.38,29.05,32.9,29.297222222222217,33.3,29.500833333333333,28.940416666666675,26.796666666666663,1,1,1,55,100.0,54.27999999999999,HIGH
Kolkata,22.5726,88.3639,2021-06-30,28.871666666666666,30.95,27.48,91.17583333333333,95.72,5.85125,636.6,29.320833333333336,32.0,26.9,28.08066870492058,29.312688972974524,41.557596759291386,40.59684670961173,26.03406259422604,9.19,27.48,28.34166666666667,31.3,29.19583333333333,33.3,29.395000000000003,28.930972222222223,27.126666666666665,1,1,2,56,100.0,50.48,HIGH
Kolkata,22.5726,88.3639,2022-04-01,30.19125,36.77,26.04,70.40458333333333,91.82,6.040416666666666,700.2,29.05416666666667,36.7,24.9,26.929809231058233,29.651042481069418,41.47495694829475,53.290046528681955,19.76537112612248,0.0,26.04,27.691666666666666,35.4,29.37222222222222,36.7,29.253333333333337,29.519583333333333,26.96666666666667,1,1,3,57,100.0,63.14000000000001,HIGH
Kolkata,22.5726,88.3639,2022-04-02,30.056250000000002,36.97,25.61,69.03375,91.13,5.14875,661.6,29.02916666666667,36.5,24.8,26.625430838754742,29.56057956212477,41.273521877256066,52.343496840510014,18.34573420021845,0.0,25.61,27.8,35.0,29.134722222222223,36.7,29.13416666666667,29.706388888888892,26.376666666666665,1,1,4,58,100.0,62.11,HIGH
Kolkata,22.5726,88.3639,2022-04-03,30.152083333333334,36.87,26.23,67.66416666666667,87.68,5.91,813.85,28.441666666666666,36.3,23.4,26.60616003252781,29.60703049773211,41.326309994317775,51.89571539565776,18.24399561236176,0.0,26.23,27.09166666666667,35.2,28.84166666666667,36.7,29.1175,30.133194444444445,25.959999999999997,1,1,5,59,100.0,62.129999999999995,HIGH
Kolkata,22.5726,88.3639,2022-04-04,30.183333333333334,37.97,25.19,66.63833333333334,90.73,6.598333333333334,696.03,28.25,37.6,23.3,26.365082845248295,29.261453921864955,38.6884,51.8036075794175,17.13050919161895,0.0,25.19,26.541666666666668,35.8,28.57361111111111,37.6,28.81916666666667,30.13055555555556,25.676666666666666,1,1,6,60,100.0,64.99000000000001,HIGH
Kolkata,22.5726,88.3639,2022-04-05,29.936666666666667,37.93,24.41,64.8625,94.95,5.567916666666666,804.45,28.15416666666667,37.4,23.3,25.86163915894039,28.776551418813384,38.586172222222224,49.904586623589914,15.695071779588602,0.05,24.41,26.325,35.5,28.281944444444445,37.6,28.585833333333333,30.09069444444445,25.27666666666667,1,0,7,0,84.0,59.60999999999999,HIGH
Kolkata,22.5726,88.3639,2022-04-06,29.99,38.04,24.13,66.88541666666667,100.0,4.9695833333333335,786.3,28.675,37.4,23.9,26.09316584847308,28.894050713996705,38.71239444444445,50.36684296324616,16.580963538358137,0.0,24.13,26.741666666666664,35.3,28.35972222222222,37.6,28.51,30.036666666666672,24.576666666666668,1,0,8,0,96.0,62.33,HIGH
Kolkata,22.5726,88.3639,2022-04-07,30.525833333333335,39.12,24.06,61.921666666666674,99.01,4.480833333333334,837.15,29.4375,38.7,24.1,25.837269291116332,28.563777085236037,39.74242222222222,53.52169840546657,17.729427702970355,0.0,24.06,27.541666666666668,36.8,28.755555555555556,38.7,28.59166666666667,30.150833333333335,24.2,1,0,9,0,100.0,67.16000000000001,HIGH
Kolkata,22.5726,88.3639,2022-04-08,30.7975,39.11,24.57,60.91583333333333,100.0,5.115833333333334,878.05,29.59166666666667,38.8,23.6,25.97113177020505,28.510483316093357,39.72619999999999,53.59771081784528,17.72415005774196,0.0,24.57,27.741666666666664,37.2,29.23472222222222,38.8,28.82166666666667,30.43777777777778,24.25333333333333,1,0,10,0,100.0,67.97,HIGH
Kolkata,22.5726,88.3639,2022-04-09,31.20625,39.58,25.33,62.30916666666667,96.04,5.0975,918.35,29.95,39.4,24.6,26.551686134396416,29.08176922117641,40.26643888888889,57.28134147995435,20.647782015659182,0.0,25.33,27.900000000000002,37.6,29.659722222222218,39.4,29.16166666666667,30.843194444444446,24.653333333333336,1,1,11,1,100.0,70.52999999999999,SEVERE
Kolkata,22.5726,88.3639,2022-04-10,31.165833333333335,38.9,25.58,64.41333333333334,94.59,6.114999999999999,871.4,29.870833333333334,39.0,24.5,26.972366115869733,29.820784188598367,39.685288888888884,57.993038556133264,22.100783987760213,0.0,25.58,27.941666666666666,37.3,29.804166666666664,39.4,29.505000000000003,31.056527777777777,25.159999999999997,1,1,12,2,100.0,69.58,HIGH
Kolkata,22.5726,88.3639,2022-04-11,31.702083333333334,39.86,25.66,64.74791666666667,96.9,4.71875,880.95,31.224999999999998,40.3,25.2,27.47450529215845,30.59356636216896,40.73737222222222,64.47624014930881,26.985317424039106,0.0,25.66,29.208333333333332,37.8,30.348611111111108,40.3,30.014999999999997,31.358055555555556,25.52333333333333,1,1,13,3,100.0,73.55999999999999,SEVERE
Kolkata,22.5726,88.3639,2022-04-12,31.2825,39.18,25.42,64.90416666666667,95.81,4.842083333333334,828.53,30.46666666666667,39.2,25.4,27.10371571922367,30.14687580117059,39.997727777777776,59.49934092976049,23.41624165427329,0.0,25.42,28.575,37.0,30.520833333333332,40.3,30.22083333333334,31.383472222222224,25.55333333333333,1,1,14,4,100.0,70.02000000000001,SEVERE
Kolkata,22.5726,88.3639,2022-04-13,31.312083333333334,38.94,26.29,63.88708333333333,90.91,6.07,859.2,30.1375,39.2,25.3,27.101990732578642,29.902030558694662,39.7368611111111,58.78162307705016,23.05284796191387,0.0,26.29,28.183333333333334,37.0,30.609722222222217,40.3,30.330000000000002,31.432222222222222,25.790000000000003,1,1,15,5,100.0,70.89000000000001,SEVERE
Kolkata,22.5726,88.3639,2022-04-14,32.17958333333333,40.09,26.96,60.95291666666666,87.31,5.539583333333333,865.5,31.041666666666668,40.2,25.5,27.500109734228122,30.342701019480373,40.91778333333334,63.61794846906915,27.41165768307763,0.0,26.96,28.633333333333336,37.5,30.54861111111111,40.2,30.548333333333336,31.59138888888889,26.223333333333333,1,1,16,6,100.0,74.56,SEVERE
Kolkata,22.5726,88.3639,2022-04-15,33.47291666666667,42.59,27.23,55.16291666666667,86.77,4.588333333333334,818.45,32.6875,43.2,26.1,27.63919707573005,29.974548216667944,43.41189444444445,72.0177232305456,32.94734389910602,0.0,27.23,29.991666666666664,41.4,31.288888888888888,43.2,31.111666666666668,32.32152777777778,26.826666666666668,1,1,17,7,100.0,83.83000000000001,SEVERE
Kolkata,22.5726,88.3639,2022-04-16,32.973333333333336,41.5,27.1,56.49541666666667,87.2,4.588333333333334,761.5,32.25833333333333,42.1,26.3,27.451243609677974,29.845823080427927,42.292011111111115,68.08487020746736,30.607897381620493,0.27999999999999997,27.1,30.166666666666668,40.3,31.995833333333326,43.2,31.318333333333335,32.87527777777778,27.096666666666664,1,1,18,8,100.0,80.4,SEVERE
Kolkata,22.5726,88.3639,2022-04-17,32.560833333333335,40.89,26.11,58.73,91.41,4.834583333333334,885.78,32.0375,41.3,27.0,27.513123501928977,30.555967713462152,41.756266666666676,67.74943937227052,29.71747283589717,0.01,26.11,30.474999999999998,39.8,32.327777777777776,43.2,31.6325,33.00236111111112,26.813333333333333,1,1,19,9,100.0,77.00999999999999,SEVERE
Kolkata,22.5726,88.3639,2022-04-18,32.535000000000004,40.84,25.69,59.879583333333336,96.4,4.620833333333334,905.12,32.0,41.3,25.9,27.585621940090764,30.83725192881526,41.74069444444446,68.57975095552791,29.573008545971394,0.0,25.69,29.991666666666664,39.6,32.098611111111104,42.1,32.005,32.68972222222223,26.3,1,1,20,10,100.0,76.58999999999999,SEVERE
Kolkata,22.5726,88.3639,2022-04-19,32.00791666666667,40.11,26.22,62.3725,93.77,5.8,804.85,31.2375,40.7,25.8,27.388001316944628,30.091179862737263,40.91785,64.03403339612964,26.726335808411445,0.0,26.22,29.275000000000002,38.8,31.75833333333333,41.3,32.04416666666667,32.36791666666667,26.006666666666664,1,1,21,11,100.0,75.32000000000001,SEVERE
Kolkata,22.5726,88.3639,2022-04-20,32.1875,40.44,25.78,58.52375,95.63,4.8775,733.3,31.691666666666666,40.5,26.1,26.999627265485753,29.55048920292465,41.18841666666666,62.23922123196235,26.433413001310598,0.0,25.78,30.491666666666664,39.4,31.643055555555552,41.3,31.845,32.24347222222223,25.896666666666665,1,1,22,12,100.0,74.28,SEVERE
Kolkata,22.5726,88.3639,2022-04-21,31.71875,38.61,26.72,60.08583333333333,91.05,4.994166666666667,750.05,30.733333333333334,38.2,26.4,26.966421429713005,29.117946155252532,39.306755555555554,53.55536503580591,24.063075548021626,0.38,26.72,29.5,37.0,31.22083333333333,40.7,31.54,31.971388888888896,26.24,1,1,23,13,100.0,68.32,HIGH
Kolkata,22.5726,88.3639,2022-04-22,32.297916666666666,39.47,26.52,61.340833333333336,91.09,3.71625,767.95,32.1625,40.5,27.0,27.720765570996708,30.483215518729953,41.6873698444278,64.04559001279988,31.082542377355214,0.31,26.52,29.833333333333332,37.1,31.52916666666667,40.5,31.565000000000005,32.06805555555556,26.340000000000003,1,1,24,14,100.0,75.02,SEVERE
Kolkata,22.5726,88.3639,2022-04-23,33.3125,41.3,27.05,54.751666666666665,86.78,4.2875000000000005,855.7,32.733333333333334,41.7,26.8,27.61754378239021,30.475973979663518,42.1587,68.85940019986012,32.35007222227164,0.05,27.05,30.55,40.2,31.876388888888886,41.7,31.711666666666666,32.44305555555556,26.763333333333335,1,1,25,15,100.0,79.15,SEVERE
Kolkata,22.5726,88.3639,2022-04-24,33.753750000000004,42.55,26.47,53.453333333333326,93.89,3.717916666666667,906.05,33.4625,43.2,27.2,27.59302970911135,30.223331314352677,43.391916666666674,72.66932107357806,34.39596971360799,0.22,26.47,31.141666666666666,41.4,32.786111111111104,43.2,32.156666666666666,33.121388888888895,26.680000000000003,1,1,26,16,100.0,83.07000000000001,SEVERE
Kolkata,22.5726,88.3639,2022-04-25,33.910000000000004,42.65,27.07,55.04125,91.6,3.5054166666666666,887.67,33.99166666666667,43.4,28.2,27.949524434509083,30.407735212236865,43.51784444444443,73.99616555172761,37.50377037924833,0.1,27.07,31.766666666666666,41.8,33.395833333333336,43.4,32.61666666666667,33.658750000000005,26.863333333333333,1,1,27,17,100.0,84.26999999999998,SEVERE
Kolkata,22.5726,88.3639,2022-04-26,33.507083333333334,41.75,27.0,56.69833333333333,89.92,5.399166666666667,886.1,33.0875,42.5,27.3,27.970891658552787,30.567925677242805,42.61714444444445,71.37426098412273,35.04682973605697,0.0,27.0,31.21666666666667,41.3,33.513888888888886,43.4,33.0875,33.72361111111112,26.846666666666668,1,1,28,18,100.0,81.5,SEVERE
Kolkata,22.5726,88.3639,2022-04-27,33.25083333333333,41.82,26.53,58.75791666666667,92.4,5.184583333333333,907.38,32.979166666666664,42.6,27.6,28.033790831484307,30.664914871310955,42.70458888888888,72.1509088651406,34.87503003363691,0.0,26.53,30.941666666666666,40.6,33.352777777777774,43.4,33.25083333333333,33.55597222222223,26.86666666666667,1,1,29,19,100.0,81.33,SEVERE
Kolkata,22.5726,88.3639,2022-04-28,34.00541666666667,43.12,26.69,54.69833333333333,91.32,4.65375,911.88,33.85,44.0,27.4,27.973831011928066,30.610996867226017,44.02152777777778,76.6343191040935,37.23689002076524,0.0,26.69,31.766666666666666,42.5,33.30555555555555,44.0,33.47416666666667,33.58777777777778,26.74,1,1,30,20,100.0,85.69,EXTREME
Kolkata,22.5726,88.3639,2022-04-29,33.9625,42.77,26.94,56.6175,93.42,4.9870833333333335,897.17,34.25,44.3,28.3,28.295161934092103,31.10852992373765,43.71538333333333,78.61070571324193,39.48612284318085,2.29,26.94,32.416666666666664,42.7,33.69305555555555,44.3,33.63166666666667,33.73958333333334,26.72,1,1,31,21,100.0,86.83999999999999,EXTREME
Kolkata,22.5726,88.3639,2022-04-30,32.751666666666665,40.64,26.77,57.96458333333334,93.18,5.220833333333333,709.17,32.862500000000004,42.1,28.2,27.505903468468418,29.83108930303748,41.42225555555555,67.01954857032959,32.213802249332474,12.18,26.77,31.616666666666664,40.7,33.65416666666667,44.3,33.405833333333334,33.573194444444454,26.8,1,1,32,22,100.0,80.07,SEVERE
Kolkata,22.5726,88.3639,2022-05-01,30.680833333333336,37.84,25.91,64.77374999999999,91.03,4.0408333333333335,753.0,30.34166666666667,37.1,26.2,26.582278328580017,28.669956199638342,38.47437777777778,48.48188454738931,20.71173266214082,18.009999999999998,25.91,29.25,35.3,32.484722222222224,44.3,32.85666666666667,32.465,26.540000000000003,1,1,33,23,100.0,64.21000000000001,HIGH
Kolkata,22.5726,88.3639,2022-05-02,30.078333333333333,37.66,25.56,64.29708333333333,92.75,3.99625,766.7,29.579166666666666,37.0,24.4,26.042871129022274,28.892842745359946,38.33904444444443,49.006673438601524,16.848931573035063,2.94,25.56,28.724999999999998,34.0,30.927777777777777,42.1,32.17666666666666,31.170277777777784,26.080000000000002,1,1,34,24,100.0,63.559999999999995,HIGH
Kolkata,22.5726,88.3639,2022-05-03,29.681250000000002,35.43,25.78,70.38250000000001,93.49,4.238333333333333,574.85,29.28333333333333,34.6,25.7,26.486965753034713,28.94943313659196,39.79103019946305,44.470934365830715,17.56216378726812,8.2,25.78,29.141666666666666,33.8,29.734722222222217,37.1,31.263333333333332,30.146805555555563,25.75,1,1,35,25,100.0,56.580000000000005,HIGH
Kolkata,22.5726,88.3639,2022-05-04,30.30458333333333,36.0,25.83,69.68375,94.12,3.33375,793.5,30.683333333333334,35.7,27.0,26.993456857558247,29.2914258533569,40.56571066973592,48.920547707667154,23.67722792811749,1.1,25.83,29.99166666666667,34.7,29.848611111111108,37.0,30.55,30.021388888888893,25.723333333333333,1,1,36,26,100.0,59.93000000000001,HIGH
Kolkata,22.5726,88.3639,2022-05-05,29.849166666666665,34.93,24.97,70.44916666666667,96.76,2.0466666666666664,787.15,30.912499999999998,36.2,26.3,26.650451614799792,28.924871608594263,39.726372598824746,48.34102578128257,22.70915548160532,18.9,24.97,29.825,35.9,30.293055555555554,36.2,30.159999999999997,29.945000000000004,25.526666666666667,1,0,37,0,100.0,60.57000000000001,HIGH
Kolkata,22.5726,88.3639,2022-05-06,30.323333333333334,36.58,24.99,67.21791666666667,96.1,1.9633333333333332,917.75,31.1875,37.5,26.6,26.675705305391446,29.12652065782589,40.05005299910459,51.87998535623317,23.419488227052526,2.48,24.99,29.258333333333336,35.6,30.927777777777777,37.5,30.329166666666662,30.15902777777778,25.263333333333332,1,0,38,0,100.0,64.49,HIGH
Kolkata,22.5726,88.3639,2022-05-07,31.505416666666665,38.08,25.65,59.87166666666667,95.8,1.7708333333333333,919.35,32.38333333333333,38.5,27.5,26.718839861702076,28.670985738449772,38.706783333333334,52.123030427982485,26.648113203626206,2.61,25.65,30.925,37.1,31.49444444444444,38.5,30.889999999999997,30.559305555555557,25.203333333333333,1,1,39,1,100.0,68.15,HIGH
Kolkata,22.5726,88.3639,2022-05-08,30.840416666666666,37.09,25.44,65.97583333333334,96.43,3.0316666666666667,920.92,31.183333333333334,37.5,26.4,26.97409603531135,29.257664619495603,39.84279296850312,50.905668537406314,24.59714700469487,1.1400000000000001,25.44,30.375,36.8,31.584722222222222,38.5,31.27,30.88972222222223,25.36,1,1,40,2,100.0,64.94,HIGH
Kolkata,22.5726,88.3639,2022-05-09,29.629166666666666,34.34,26.36,73.40083333333332,94.23,4.754583333333334,427.98,29.070833333333336,33.1,26.3,26.783925292812494,28.351060134896567,38.47096621330719,37.77793363365248,18.451339315084287,11.32,26.36,28.883333333333336,33.1,30.879166666666663,38.5,30.9475,30.658333333333335,25.816666666666666,1,1,41,3,100.0,52.660000000000004,HIGH
Kolkata,22.5726,88.3639,2022-05-10,28.58375,32.02,26.28,80.05666666666666,93.66,4.33125,688.2,28.45,31.1,26.5,26.60913551984032,27.888793412817044,37.43367988544688,30.48914535623103,15.799412756536361,17.05,26.28,27.791666666666668,30.1,29.568055555555556,37.5,30.455000000000002,29.68444444444445,26.026666666666667,0,1,0,4,53.33333333333333,34.91333333333334,MODERATE
Kolkata,22.5726,88.3639,2022-05-11,29.584166666666665,34.05,26.78,77.01333333333334,91.45,5.640833333333333,546.65,28.9875,33.8,26.2,27.22361806250959,29.289598089338238,40.98958198641841,44.53364816924811,20.89872445179567,10.99,26.78,28.474999999999998,33.4,28.83611111111111,33.8,30.015000000000004,29.26569444444445,26.473333333333333,1,1,1,5,78.66666666666667,49.846666666666664,MODERATE
Kolkata,22.5726,88.3639,2022-05-12,30.29625,34.83,27.2,75.67625,92.45,6.369583333333334,706.9,29.670833333333334,34.9,26.3,27.751231788874207,29.75555666348945,42.1662094151125,49.70467817752269,25.46483519286916,5.09,27.2,28.875,34.4,29.036111111111108,34.9,29.472500000000004,29.488055555555558,26.753333333333334,1,1,2,6,100.0,58.89999999999999,HIGH
Kolkata,22.5726,88.3639,2022-05-13,30.736666666666665,36.28,27.22,74.27708333333334,89.86,8.350833333333332,731.9,29.97083333333333,36.9,25.3,27.988589590161123,30.484515976425868,44.116008006461584,58.587033152287674,27.821988808000857,6.61,27.22,28.40833333333333,35.5,29.543055555555554,36.9,29.23,30.205694444444447,27.066666666666666,1,1,3,7,100.0,64.91999999999999,HIGH
Kolkata,22.5726,88.3639,2022-05-14,31.207916666666666,37.61,27.54,75.51208333333334,93.81,8.0825,925.53,30.991666666666664,38.7,26.5,28.524799325543086,31.21224260536388,45.95658890923349,66.87071817194686,32.83373297289078,10.41,27.54,29.516666666666666,37.5,30.21111111111111,38.7,29.614166666666666,30.74694444444445,27.319999999999997,1,1,4,8,100.0,70.64,SEVERE
Kolkata,22.5726,88.3639,2022-05-15,29.993750000000002,33.83,27.47,80.79625,94.97,7.239583333333333,798.2,29.583333333333332,33.9,26.7,28.05212328348433,29.589993656658315,41.95931610372069,46.52808192973206,26.80267026060429,6.6000000000000005,27.47,28.75,33.3,30.18194444444444,38.7,29.84083333333333,30.646111111111114,27.409999999999997,1,1,5,9,100.0,56.169999999999995,HIGH
Kolkata,22.5726,88.3639,2022-05-16,29.932083333333335,34.89,27.38,79.01208333333334,93.92,6.642500000000001,825.55,29.266666666666666,34.5,26.4,27.753737642973363,29.360824006658525,40.99724787294164,46.48219961857776,24.238776994846443,0.65,27.38,28.091666666666665,32.3,29.94722222222222,38.7,29.896666666666665,30.377916666666675,27.463333333333328,1,1,6,10,100.0,57.879999999999995,HIGH
Kolkata,22.5726,88.3639,2022-05-17,29.71291666666667,33.0,27.82,80.21291666666667,93.77,6.26875,852.88,29.22083333333333,32.1,26.8,27.714325433888003,28.444749802803766,38.68774635936925,35.708508779522475,24.03509699894585,1.58,27.82,28.558333333333334,31.3,29.35694444444444,34.5,29.806666666666665,29.87958333333334,27.55666666666667,1,1,7,11,100.0,51.12,HIGH
Kolkata,22.5726,88.3639,2022-05-18,29.69,33.09,27.29,80.57708333333333,91.92,5.947083333333333,848.9,29.208333333333332,32.8,26.4,27.74753633345576,29.020774704029737,40.31436612582654,40.64003378672098,24.240808158780965,0.55,27.29,28.608333333333334,32.5,29.23194444444444,34.5,29.65416666666667,29.77833333333334,27.49666666666667,1,1,8,12,100.0,52.68999999999999,HIGH
Kolkata,22.5726,88.3639,2022-05-19,31.137916666666666,36.39,27.9,72.47,90.52,6.0625,475.55,30.650000000000002,36.2,27.1,28.140196417529733,30.053007894853863,42.72779489760986,54.33536707378755,30.126841968644612,1.77,27.9,29.516666666666666,35.1,29.69305555555555,36.2,29.585833333333333,30.180277777777786,27.669999999999998,1,1,9,13,100.0,63.50000000000001,HIGH
Kolkata,22.5726,88.3639,2022-05-20,31.27,37.09,27.86,72.79625,93.4,5.760833333333333,923.45,31.2,37.1,28.5,28.261201133094588,30.320241878716374,43.28511546710946,57.87169560754866,31.98982439147243,1.36,27.86,29.925,35.2,30.352777777777774,37.1,29.909166666666664,30.699305555555558,27.683333333333334,1,1,10,14,100.0,66.16,HIGH
Kolkata,22.5726,88.3639,2022-05-21,30.625833333333333,37.0,26.18,77.23,95.25,5.4366666666666665,839.03,30.604166666666668,37.4,24.6,28.162395706452653,30.965441643664043,45.38299004342437,62.38153366440462,30.16625916543728,20.6,26.18,28.991666666666664,36.5,30.818055555555556,37.4,30.176666666666666,31.011250000000004,27.313333333333333,1,1,11,15,100.0,65.38,HIGH
Kolkata,22.5726,88.3639,2022-05-22,29.862916666666667,34.78,25.66,76.78541666666666,96.09,3.9808333333333334,439.6,30.59583333333333,34.5,25.7,27.419022903343247,29.69031064185036,42.1768016798936,48.51815077763247,25.671317286182425,0.58,25.66,29.483333333333334,34.0,30.799999999999997,37.4,30.451666666666664,30.586250000000007,26.566666666666666,1,1,12,16,100.0,56.16,HIGH
Kolkata,22.5726,88.3639,2022-05-23,30.868333333333336,37.06,25.9,67.85208333333334,92.83,2.6183333333333336,852.5,31.858333333333334,37.9,27.9,27.271128832120084,29.88269424642704,42.020916376548904,57.28804689658745,28.094573924561388,0.32,25.9,30.808333333333334,36.3,31.019444444444442,37.9,30.981666666666666,30.452361111111117,25.91333333333333,1,1,13,17,100.0,66.6,HIGH
Kolkata,22.5726,88.3639,2022-05-24,31.489166666666666,37.24,26.54,65.23208333333334,93.19,1.7679166666666666,850.4,32.766666666666666,38.3,28.4,27.532452053824823,29.677781688602476,41.1442537983266,55.68203245220117,31.57575034845027,1.33,26.54,31.508333333333336,37.2,31.740277777777777,38.3,31.405,30.740138888888897,26.03333333333333,1,1,14,18,100.0,68.44,HIGH
Kolkata,22.5726,88.3639,2022-05-25,31.32875,37.0,26.47,66.79416666666667,90.84,2.8491666666666666,851.65,32.15,37.6,28.1,27.61648015630503,29.81692262094805,41.86089051552125,56.37328135460175,30.904854066117114,1.72,26.47,31.150000000000002,36.8,32.25833333333333,38.3,31.595,31.228750000000005,26.30333333333333,1,1,15,19,100.0,66.27000000000001,HIGH
Kolkata,22.5726,88.3639,2022-05-26,31.876666666666665,38.25,26.78,64.83208333333333,93.9,3.82875,850.0,31.933333333333334,38.2,28.2,27.754976366128844,29.700651875756233,40.76385378200737,54.80475552312979,30.661673018775108,4.14,26.78,30.349999999999998,36.4,32.28333333333333,38.3,31.860833333333336,31.564861111111114,26.596666666666664,1,1,16,20,100.0,68.38,HIGH
Kolkata,22.5726,88.3639,2022-05-27,32.10458333333333,38.48,27.05,64.06666666666666,96.23,3.467916666666667,851.58,32.8125,38.1,28.7,27.82863351474209,29.394017192404696,39.20657777777778,53.86814907113596,33.27080834266064,0.99,27.05,31.650000000000002,36.7,32.29861111111111,38.2,32.30416666666667,31.77,26.76666666666667,1,1,17,21,100.0,68.35000000000001,HIGH
Kolkata,22.5726,88.3639,2022-05-28,32.77,38.9,27.51,63.225,96.3,2.223333333333333,864.33,34.28333333333333,39.9,29.5,28.39853453837272,30.417605142035296,40.967331746710634,62.09840962900443,39.782387523880026,3.53,27.51,32.9,38.6,33.00972222222222,39.9,32.78916666666667,32.25041666666667,27.113333333333333,1,1,18,22,100.0,74.21,SEVERE
Kolkata,22.5726,88.3639,2022-05-29,33.01375,39.27,28.08,63.32208333333333,94.82,1.9675,621.15,34.8125,40.3,30.4,28.581317107873605,30.352702261153734,40.44120731754364,63.22335799119067,42.11777145699856,2.46,28.08,34.074999999999996,39.5,33.96944444444444,40.3,33.19833333333334,32.62944444444445,27.546666666666667,1,1,19,23,100.0,75.97999999999999,SEVERE
Kolkata,22.5726,88.3639,2022-05-30,30.94875,35.6,27.36,70.61125,91.14,2.79875,750.6,32.175000000000004,36.6,28.9,27.760089736453207,29.422138734167973,40.97984264103237,51.92280110774946,31.892621975330812,0.52,27.36,32.38333333333333,36.3,33.75694444444445,40.3,33.20333333333333,32.24416666666668,27.650000000000002,1,1,20,24,100.0,64.16,HIGH
Kolkata,22.5726,88.3639,2022-05-31,31.343333333333334,35.77,28.02,71.22500000000001,91.0,3.0420833333333337,669.95,32.6,36.8,30.1,28.206635050595498,29.58089343277748,41.49551167825727,53.34747306203441,35.45675607698894,3.33,28.02,32.266666666666666,36.5,33.19583333333333,40.3,33.336666666666666,31.768611111111117,27.819999999999997,1,1,21,25,100.0,65.41999999999999,HIGH
Kolkata,22.5726,88.3639,2022-06-01,30.234166666666667,34.35,27.49,76.54625,92.37,3.3791666666666664,473.92,31.358333333333334,34.3,29.5,27.78506330346761,29.0866931520183,40.35038466778216,44.61910960195242,29.937792304989888,1.16,27.49,31.108333333333334,33.9,32.044444444444444,36.8,33.045833333333334,30.84208333333334,27.62333333333333,1,1,22,26,100.0,57.389999999999986,HIGH
Kolkata,22.5726,88.3639,2022-06-02,31.167916666666667,36.31,27.74,71.00166666666667,93.83,4.44125,530.28,31.245833333333334,36.0,28.9,27.93749538135241,29.323244196405604,40.70286306424269,49.885265688558285,30.45015261211228,9.84,27.74,30.425,34.6,31.73472222222222,36.8,32.43833333333333,30.91513888888889,27.75,1,1,23,27,100.0,62.739999999999995,HIGH
Kolkata,22.5726,88.3639,2022-06-03,30.327083333333334,34.13,27.97,78.12333333333333,93.32,5.06625,519.15,30.45,33.5,28.4,28.05127227210995,29.00718020537363,40.17212507051836,42.225562416571634,29.138235242865548,1.5,27.97,29.525000000000002,31.8,31.01805555555556,36.0,31.565833333333337,30.576388888888896,27.73333333333333,1,1,24,28,100.0,55.47,HIGH
Kolkata,22.5726,88.3639,2022-06-04,30.840416666666666,35.82,27.65,73.94791666666667,91.74,5.7925,661.78,30.620833333333334,35.4,27.8,28.03857587095844,29.469666046131916,41.099983362931994,49.169853236597476,29.466269333193594,0.08,27.65,29.5,33.7,30.772222222222222,36.0,31.255000000000003,30.778472222222224,27.786666666666665,1,1,25,29,100.0,60.849999999999994,HIGH
Kolkata,22.5726,88.3639,2022-06-05,31.181250000000002,37.08,27.53,71.98166666666667,91.18,5.766666666666667,790.42,30.745833333333334,36.7,27.5,28.07486340773323,29.931871190871156,42.17116334545665,54.73792952518448,29.880326452045722,0.1,27.53,29.45,35.0,30.605555555555554,36.7,30.88416666666667,30.782916666666676,27.71666666666667,1,1,26,30,100.0,64.63000000000001,HIGH
Kolkata,22.5726,88.3639,2022-06-06,31.256249999999998,37.02,27.8,69.62541666666667,91.69,5.38,657.42,30.916666666666668,36.5,28.0,27.842599647692094,29.43300011694806,40.8814275789133,50.31424265520869,28.815023165142648,0.07,27.8,30.03333333333333,35.1,30.76111111111111,36.7,30.79583333333333,31.092638888888896,27.66,1,1,27,31,100.0,64.3,HIGH
Kolkata,22.5726,88.3639,2022-06-07,31.812916666666666,37.52,27.88,71.10958333333333,93.02,5.490833333333334,824.58,31.8875,37.6,28.7,28.5936516809454,30.661313248966138,44.175771790639985,60.919393477889706,35.64856728487069,1.38,27.88,30.758333333333336,36.1,31.183333333333334,37.6,30.924166666666668,31.41680555555556,27.736666666666668,1,1,28,32,100.0,67.68,HIGH
Kolkata,22.5726,88.3639,2022-06-08,30.62291666666667,33.71,28.39,78.5275,92.58,5.18375,579.25,31.15833333333333,33.4,29.4,28.41238650137557,29.274188168148562,41.04498485172662,43.53559481029492,33.02562577715674,0.26,28.39,30.766666666666666,33.0,31.320833333333336,37.6,31.065833333333337,31.23069444444445,28.02333333333333,1,1,29,33,100.0,55.589999999999996,HIGH
Kolkata,22.5726,88.3639,2022-06-09,31.069166666666664,35.22,27.7,76.73625,93.26,5.360833333333333,587.2,31.59583333333333,35.2,29.1,28.609531293505114,29.87982678819774,42.52107038791572,51.1360633106069,35.16912351307236,11.88,27.7,30.925,34.3,31.547222222222217,37.6,31.260833333333334,31.16833333333334,27.99,1,1,30,34,100.0,60.30000000000001,HIGH
Kolkata,22.5726,88.3639,2022-06-10,30.221249999999998,34.21,27.79,75.9825,93.14,5.547916666666667,600.33,29.962500000000002,33.4,27.6,27.69209549813832,28.686282206737637,39.441498896426914,40.1421525393001,25.910530918899948,4.19,27.83,29.65833333333333,32.6,30.905555555555555,35.2,31.104166666666668,30.637777777777785,27.973333333333333,1,1,31,35,100.0,55.029999999999994,HIGH
Kolkata,22.5726,88.3639,2022-06-11,30.252499999999998,34.35,27.77,77.5425,93.21,5.4629166666666675,417.48,30.195833333333336,33.9,27.9,27.912681581272306,29.289201286722957,41.030058370274936,44.81765461692969,27.698886990435312,1.3800000000000001,27.77,29.808333333333334,33.7,30.584722222222222,35.2,30.96,30.514305555555563,27.766666666666666,1,1,32,36,100.0,56.47,HIGH
Kolkata,22.5726,88.3639,2022-06-12,30.798333333333332,34.47,28.48,76.81875000000001,91.2,5.52375,712.67,30.8,34.3,28.3,28.387471030949584,29.58720830439642,41.798648408883224,47.380014833957276,31.98063357917535,0.0,28.48,29.858333333333334,33.6,30.319444444444446,34.3,30.7425,30.42402777777778,28.026666666666667,1,1,33,37,100.0,58.379999999999995,HIGH
Kolkata,22.5726,88.3639,2022-06-13,31.58375,36.91,28.29,73.04125,93.15,6.134166666666666,745.5,31.641666666666666,36.9,28.3,28.603802287824752,30.0791950004846,42.67648253494337,56.11930894488281,35.10813140411299,0.0,28.29,30.366666666666664,35.5,30.879166666666666,36.9,30.83916666666667,30.878194444444446,28.179999999999996,1,1,34,38,100.0,65.99,HIGH
Kolkata,22.5726,88.3639,2022-06-14,30.243750000000002,34.53,27.55,80.1075,93.49,7.041250000000001,804.45,30.058333333333334,34.9,27.0,28.199847591991077,29.7882621635664,42.39936759211598,49.94790456368631,28.83104094253433,12.6,27.55,29.541666666666668,34.9,30.833333333333332,36.9,30.531666666666673,30.875277777777782,28.106666666666666,1,1,35,39,100.0,59.25,HIGH
Kolkata,22.5726,88.3639,2022-06-15,30.103333333333335,33.65,27.79,79.50666666666667,92.6,5.71,407.77,29.883333333333336,33.4,27.6,28.00457337677568,29.28130424280851,41.13818962230684,43.63799066086626,27.41994346215625,1.45,27.79,28.983333333333334,32.6,30.527777777777782,36.9,30.515833333333337,30.643611111111117,27.876666666666665,1,1,36,40,100.0,54.989999999999995,HIGH
Kolkata,22.5726,88.3639,2022-06-16,29.495833333333334,32.31,27.54,80.60416666666667,90.54,6.808333333333334,607.05,28.787499999999998,31.8,26.5,27.571081281586856,28.584218208560575,39.211941196586814,35.87173392706157,22.31676760702459,0.42000000000000004,27.54,28.325,31.6,29.57638888888889,34.9,30.23416666666667,29.9476388888889,27.626666666666665,0,1,0,41,100.0,49.940000000000005,MODERATE
Kolkata,22.5726,88.3639,2022-06-17,29.013333333333335,31.58,27.26,83.96333333333334,94.67,6.557916666666666,651.55,28.520833333333332,31.0,26.9,27.44977469863707,28.32347494644963,38.4655636936976,32.392368695710566,20.700500060576093,11.16,27.26,28.091666666666665,30.9,29.063888888888886,33.4,29.778333333333336,29.537500000000005,27.53,0,1,0,42,100.0,47.260000000000005,MODERATE
Kolkata,22.5726,88.3639,2022-06-18,28.510833333333334,31.11,26.55,84.78541666666666,94.69,6.646249999999999,411.33,27.641666666666666,30.2,25.8,27.03557056827863,27.896485688706164,37.35829861093741,28.196673249542325,15.957536958858272,14.98,26.55,27.316666666666666,30.2,28.316666666666663,31.8,28.978333333333335,29.00666666666667,27.116666666666664,0,1,0,43,100.0,44.14999999999999,MODERATE
Kolkata,22.5726,88.3639,2022-06-19,28.69125,31.79,26.25,82.62125,93.78,6.32,699.83,27.72083333333333,30.9,25.1,26.98550985552336,28.133896183733796,38.02191462315324,31.235962136552033,16.37261051280261,9.63,26.25,26.691666666666666,30.0,27.96111111111111,31.0,28.510833333333334,28.738472222222228,26.686666666666667,0,1,0,44,100.0,45.949999999999996,MODERATE
Kolkata,22.5726,88.3639,2022-06-20,28.329166666666666,30.7,26.32,84.88041666666668,94.43,5.732916666666667,529.8,27.616666666666664,29.7,25.7,26.882079912548623,27.83324325471605,37.14893332453531,26.57488917678754,15.021955322471662,2.7600000000000002,26.32,26.96666666666667,29.0,27.659722222222218,30.9,28.057499999999997,28.51041666666667,26.373333333333335,0,1,0,45,100.0,42.419999999999995,MODERATE
Kolkata,22.5726,88.3639,2022-06-21,28.400000000000002,31.43,26.5,83.89958333333333,95.41,3.2408333333333332,667.7,29.504166666666666,32.2,26.9,26.847413158053353,28.166457856143936,38.020549602071966,34.582460178929175,19.317935982917835,3.72,26.5,28.825,31.8,28.280555555555555,32.2,28.200833333333332,28.473472222222227,26.356666666666666,1,1,1,46,100.0,50.10000000000001,HIGH
Kolkata,22.5726,88.3639,2022-06-22,27.644583333333333,31.04,24.76,83.665,97.56,3.0191666666666666,421.2,28.59166666666667,31.0,27.0,26.059571007367655,27.4106288106523,36.12256432691421,27.64260501570204,13.500219145730092,3.85,24.76,27.875,29.7,28.570833333333336,32.2,28.214999999999996,28.124583333333337,25.86,0,0,0,0,0.0,19.76,LOW
Kolkata,22.5726,88.3639,2022-06-23,29.246666666666666,33.76,26.17,77.13083333333333,95.5,3.124166666666667,652.2,30.05,34.4,27.0,26.889994299127036,28.884125417551985,39.85660500268011,43.67229240481322,21.134364990691004,5.54,26.17,29.641666666666666,34.0,29.381944444444446,34.4,28.69666666666667,28.430416666666673,25.810000000000002,1,1,1,1,25.333333333333332,37.70333333333333,MODERATE
Kolkata,22.5726,88.3639,2022-06-24,28.840416666666666,32.63,25.99,80.72708333333334,95.49,3.9304166666666664,567.05,29.320833333333336,32.2,27.3,26.91780234892956,28.57218127399954,39.2952691278926,36.86124851943917,19.493993370519053,7.4,25.99,29.316666666666666,32.0,29.320833333333336,34.4,29.01666666666667,28.57722222222223,25.64,1,1,2,2,50.666666666666664,37.256666666666675,MODERATE
Kolkata,22.5726,88.3639,2022-06-25,29.385,33.34,26.3,78.605,94.8,4.444583333333333,556.9,29.8125,32.8,27.9,27.200722558185802,28.981675351442277,40.256063627761115,40.33804383145382,22.301645792343013,4.34,26.3,29.599999999999998,32.7,29.727777777777778,34.4,29.455833333333334,29.157361111111115,26.153333333333332,1,1,3,3,76.0,45.69999999999999,MODERATE
Kolkata,22.5726,88.3639,2022-06-26,29.161666666666665,32.75,26.45,78.99624999999999,94.54,4.395416666666667,699.35,29.25,32.2,26.9,27.055605459744452,28.68755640552463,39.41556498751558,37.358812683978755,20.28551006358388,3.39,26.45,29.125,32.2,29.461111111111112,32.8,29.405,29.129027777777782,26.246666666666666,1,1,4,4,100.0,50.050000000000004,HIGH
Kolkata,22.5726,88.3639,2022-06-27,29.491249999999997,32.93,26.37,78.93291666666666,96.24,3.87375,815.38,30.191666666666666,32.5,28.1,27.357915587422934,28.755478734028834,39.5938457621327,38.467606430027985,24.126525048641373,0.66,26.37,30.133333333333336,32.3,29.751388888888886,32.8,29.725,29.345972222222226,26.373333333333335,1,1,5,5,100.0,50.870000000000005,HIGH
Kolkata,22.5726,88.3639,2022-06-28,29.490416666666665,33.64,26.75,79.10375,95.42,4.12,731.8,30.004166666666666,33.3,28.4,27.360101216467868,29.049574289988282,40.3017835967745,41.965491214986145,23.91266326558602,0.73,26.75,29.883333333333336,33.2,29.815277777777776,33.3,29.715833333333336,29.381111111111114,26.523333333333337,1,1,6,6,100.0,53.64999999999999,HIGH
Kolkata,22.5726,88.3639,2022-06-29,29.45583333333333,32.74,26.93,81.49249999999999,95.55,3.8966666666666665,691.25,30.354166666666668,32.7,28.7,27.606003786910776,29.05478251028022,40.54055406143565,40.688742366871665,26.2174145508133,4.93,26.93,30.291666666666668,32.7,30.183333333333334,33.3,29.922500000000003,29.479166666666668,26.683333333333334,1,1,7,7,100.0,52.03000000000001,HIGH
Kolkata,22.5726,88.3639,2022-06-30,29.215416666666666,32.23,27.04,82.69041666666666,97.23,2.7312499999999997,599.38,31.162499999999998,33.5,29.6,27.49643767861261,28.594467381680065,39.33939254126976,39.763308702666066,27.555684746214066,4.14,27.04,31.0,33.5,30.506944444444443,33.5,30.192500000000003,29.387222222222224,26.906666666666666,1,1,8,8,100.0,54.54,HIGH
Kolkata,22.5726,88.3639,2023-04-01,25.550416666666667,29.73,21.1,80.6075,100.0,2.7129166666666666,544.83,25.59166666666667,29.9,21.9,23.672456517460322,25.373330312650616,31.851509954245394,14.304915408680802,3.721069271269497,10.07,21.1,24.891666666666666,29.9,29.03611111111111,33.5,29.460833333333333,28.07388888888889,25.02333333333333,0,0,0,0,0.0,12.799999999999997,LOW
Kolkata,22.5726,88.3639,2023-04-02,27.87291666666667,34.71,21.97,62.81458333333333,98.15,2.9716666666666662,930.28,27.087500000000002,33.1,22.6,23.68945925498942,25.7887541214417,34.99847777777777,27.071460431957945,7.91193287725332,0.13,21.97,25.875,32.0,27.947222222222223,33.5,28.839999999999996,27.546250000000004,23.37,1,0,1,0,12.0,26.270000000000003,MODERATE
Kolkata,22.5726,88.3639,2023-04-03,29.1425,36.41,22.83,57.05125,100.0,3.3754166666666667,937.88,28.083333333333332,34.8,22.8,23.991426855759325,25.854193175750527,36.69222777777777,32.90368540460652,10.347549520925076,0.01,22.83,26.366666666666664,33.4,26.920833333333334,34.8,28.455833333333334,27.521944444444447,21.966666666666665,1,0,2,0,24.0,35.22999999999999,MODERATE
Kolkata,22.5726,88.3639,2023-04-04,30.12708333333333,37.67,23.83,59.5725,97.87,3.6966666666666668,904.75,29.025000000000002,37.0,24.1,25.201897046859642,27.172607392857685,38.120527777777774,43.687846333162426,14.887421609098974,0.05,23.83,27.691666666666666,36.1,28.06527777777778,37.0,28.189999999999998,29.047500000000003,22.876666666666665,1,0,3,0,36.0,45.83,MODERATE
Kolkata,22.5726,88.3639,2023-04-05,30.19666666666667,38.87,21.84,47.90875,92.95,3.1870833333333333,877.45,29.070833333333336,38.2,20.0,24.01035594332129,27.5358291010599,39.37237777777777,48.86607667516037,16.248922307754658,0.0,21.84,26.125,36.4,28.72638888888889,38.2,27.77166666666667,29.82208333333334,22.833333333333332,1,0,4,0,48.0,50.44,HIGH
Kolkata,22.5726,88.3639,2023-04-06,30.292916666666667,38.55,22.0,39.40833333333333,71.07,2.2525,939.6,29.162499999999998,37.9,19.8,22.8997078338233,26.61278993343787,38.948049999999995,44.977978495965786,15.809037987443135,0.0,22.0,25.816666666666666,36.8,29.086111111111112,38.2,28.485833333333336,30.20555555555556,22.55666666666667,1,0,5,0,60.0,52.699999999999996,HIGH
Kolkata,22.5726,88.3639,2023-04-07,30.315416666666668,38.84,21.91,42.31875,78.78,2.48625,932.47,29.22083333333333,38.2,20.6,23.241123279724494,26.703633952550632,39.25373333333334,46.26632214750697,16.088527590876712,0.0,21.91,25.95,37.0,29.15138888888889,38.2,28.9125,30.26833333333334,21.916666666666668,1,0,6,0,72.0,56.510000000000005,HIGH
Kolkata,22.5726,88.3639,2023-04-08,30.725416666666664,38.88,23.35,47.66083333333333,79.51,2.6254166666666667,902.9,29.770833333333332,38.6,21.6,24.281732032099296,27.14249093114279,39.34003333333333,48.65793656154432,17.0405249672547,0.0,23.35,27.058333333333334,37.4,29.38472222222222,38.6,29.25,30.444583333333338,22.42,1,0,7,0,84.0,62.150000000000006,HIGH
Kolkata,22.5726,88.3639,2023-04-09,30.873333333333335,39.12,23.21,42.3275,82.53,2.509583333333333,895.12,29.912499999999998,38.6,22.6,23.703481795746566,26.637345810804035,39.534055555555554,47.31121617637346,16.583437925294056,0.0,23.21,27.458333333333332,37.3,29.634722222222223,38.6,29.4275,30.638055555555564,22.823333333333334,1,0,8,0,96.0,65.01,HIGH
Kolkata,22.5726,88.3639,2023-04-10,31.795,39.6,24.5,44.16916666666666,77.37,2.26625,848.17,31.308333333333334,39.5,23.6,24.876700140023747,27.89530015307587,40.15318333333333,53.87345118386529,21.573790068256855,0.0,24.5,28.458333333333332,38.3,30.330555555555552,39.5,29.875,31.131250000000005,23.686666666666667,1,0,9,0,100.0,70.0,SEVERE
Kolkata,22.5726,88.3639,2023-04-11,31.20375,40.55,21.16,35.30583333333333,60.45,2.62125,890.7,29.6875,40.5,17.7,23.10188933740453,27.755091605496986,41.11071111111111,56.785458391370184,19.719522028856066,0.0,21.16,26.325,39.4,30.302777777777777,40.5,29.98,31.29069444444445,22.956666666666667,1,0,10,0,100.0,69.66,HIGH
Kolkata,22.5726,88.3639,2023-04-12,31.171666666666667,41.18,21.49,26.169166666666666,45.42,3.1062499999999997,973.2,28.929166666666664,40.6,17.4,21.60566447610232,26.53445905645271,41.65774999999999,53.84924673457552,17.905515639508543,0.0,21.49,25.15833333333333,39.2,29.974999999999998,40.6,29.921666666666663,31.390138888888895,22.383333333333336,1,0,11,0,100.0,70.29,SEVERE
Kolkata,22.5726,88.3639,2023-04-13,32.535000000000004,42.0,23.15,37.66791666666666,77.27,3.26625,979.55,31.308333333333334,42.0,18.9,24.243356414191865,27.80050239592474,42.61327777777777,61.97827047279837,23.288106118508406,0.0,23.15,27.50833333333333,40.5,29.974999999999998,42.0,30.229166666666668,31.636805555555565,21.933333333333334,1,0,12,0,100.0,76.14999999999999,SEVERE
Kolkata,22.5726,88.3639,2023-04-14,33.855,43.24,25.25,42.15125,86.37,2.3366666666666664,939.78,33.725,43.4,24.4,25.87415576263443,28.88548498631234,43.99163888888888,69.9317931231882,30.06485963926549,0.0,25.25,30.46666666666667,42.1,31.32083333333333,43.4,30.991666666666667,32.52055555555556,23.296666666666667,1,1,13,1,100.0,82.44999999999999,SEVERE
Kolkata,22.5726,88.3639,2023-04-15,34.094166666666666,42.99,26.14,48.586666666666666,95.34,1.8554166666666667,822.0,34.7125,43.3,27.2,27.01506664361486,29.449823684642993,43.765727777777784,71.1751280587599,35.39017321809712,0.0,26.14,32.141666666666666,42.4,33.24861111111111,43.4,31.672500000000003,33.49472222222223,24.846666666666668,1,1,14,2,100.0,83.03999999999999,SEVERE
Kolkata,22.5726,88.3639,2023-04-16,33.74208333333333,42.63,26.39,50.42916666666667,95.36,2.1483333333333334,819.83,33.82083333333333,42.1,28.3,26.97591170979966,28.878101357507408,43.35641111111111,65.95096678737639,33.119017931574994,0.0,26.39,31.791666666666668,40.2,34.08611111111111,43.4,32.49916666666667,33.89708333333334,25.926666666666666,1,1,15,3,100.0,79.69,SEVERE
Kolkata,22.5726,88.3639,2023-04-17,33.975,42.61,26.98,54.08708333333333,94.83,3.8158333333333334,856.92,34.225,43.3,28.2,27.921245055565546,30.434948736815794,43.483244444444445,73.88810224909473,37.91657293900449,0.0,26.98,32.43333333333333,41.7,34.25277777777777,43.3,33.55833333333333,33.93708333333334,26.50333333333333,1,1,16,4,100.0,83.88,SEVERE
Kolkata,22.5726,88.3639,2023-04-18,33.9575,42.85,26.81,55.89958333333333,95.46,3.3633333333333333,819.58,34.5,43.7,29.1,28.12020074705245,30.653200531877083,43.75116111111111,75.77582864877135,39.42901522578544,0.0,26.81,32.791666666666664,42.3,34.18194444444444,43.7,34.196666666666665,33.89152777777778,26.726666666666663,1,1,17,5,100.0,84.91000000000001,SEVERE
Kolkata,22.5726,88.3639,2023-04-19,34.693333333333335,44.34,26.59,50.48499999999999,90.02,3.51625,876.08,34.520833333333336,44.4,27.5,27.72356591476937,29.557964986629283,45.191455555555564,75.49255196471877,38.74285081177094,0.0,26.59,32.0,43.1,34.41527777777778,44.4,34.35583333333334,34.20861111111112,26.793333333333333,1,1,18,6,100.0,86.78999999999999,EXTREME
Kolkata,22.5726,88.3639,2023-04-20,34.85458333333333,44.64,26.33,46.57666666666666,88.1,2.842916666666667,863.15,34.983333333333334,44.6,27.8,27.18618907683287,29.24368271019732,45.480983333333334,75.30146842044704,37.81452841726054,0.0,26.33,32.699999999999996,43.2,34.66805555555556,44.6,34.410000000000004,34.50180555555556,26.576666666666664,1,1,19,7,100.0,87.13,EXTREME
Kolkata,22.5726,88.3639,2023-04-21,34.36291666666667,42.87,25.94,30.221249999999998,67.95,4.067916666666666,810.58,33.12916666666667,43.2,24.6,25.001718785416575,29.18155332712613,43.638688888888886,70.01308510215135,28.870327431750706,0.0,25.94,29.900000000000002,41.3,34.21111111111111,44.6,34.27166666666667,34.636944444444445,26.286666666666665,1,1,20,8,100.0,82.54,SEVERE
Kolkata,22.5726,88.3639,2023-04-22,33.775416666666665,41.31,26.9,38.78333333333334,68.26,3.0475,793.83,32.949999999999996,41.5,26.4,25.809256209697068,28.67057780332525,41.979088888888896,62.7870280959661,27.53708988619124,0.37,26.9,30.833333333333332,40.0,33.6875,44.6,34.016666666666666,34.33097222222222,26.39,1,1,21,9,100.0,78.4,SEVERE
Kolkata,22.5726,88.3639,2023-04-23,31.550416666666667,37.11,25.89,46.60375,80.33,2.00875,645.7,31.366666666666664,37.0,27.2,25.20360635922179,27.090977347198972,37.55831666666667,42.954076969133155,19.77076212501621,1.04,25.89,29.808333333333334,35.1,32.481944444444444,43.2,33.39,33.229583333333345,26.243333333333336,1,1,22,10,100.0,63.89,HIGH
Kolkata,22.5726,88.3639,2023-04-24,30.52333333333333,37.21,24.69,55.09166666666667,83.54,3.1437500000000003,606.95,30.108333333333334,36.2,26.4,25.322990258637407,27.80293854674679,37.75500555555556,43.26099438420174,16.897794430399095,4.7700000000000005,24.69,29.433333333333334,35.9,31.474999999999998,41.5,32.5075,31.949722222222224,25.826666666666668,1,0,23,0,100.0,60.290000000000006,HIGH
Kolkata,22.5726,88.3639,2023-04-25,30.816666666666666,36.96,24.8,54.772083333333335,90.67,2.42875,923.35,30.675,36.9,26.1,25.535335518379267,27.779025618110786,37.48548888888888,44.58982564660289,18.687836632249887,0.83,24.8,28.974999999999998,36.2,30.71666666666667,37.0,31.645833333333332,30.963472222222226,25.126666666666665,1,0,24,0,100.0,62.5,HIGH
Kolkata,22.5726,88.3639,2023-04-26,32.35791666666667,39.64,25.94,50.393750000000004,84.74,2.7991666666666664,864.9,31.929166666666664,40.0,26.4,26.210361952932487,28.76303446147387,40.29013888888889,57.84574589649891,24.379794155504424,0.06,25.94,30.275000000000002,38.5,30.90416666666667,40.0,31.405833333333334,31.232638888888896,25.143333333333334,1,1,25,1,100.0,72.94,SEVERE
Kolkata,22.5726,88.3639,2023-04-27,32.24916666666667,39.41,25.36,55.169999999999995,95.45,3.0054166666666666,912.75,32.05833333333333,39.8,26.7,26.702199290475306,29.062553173527405,40.0940611111111,58.07379961720056,26.28613495795226,15.22,25.36,30.133333333333336,38.9,31.554166666666664,40.0,31.2275,31.80791666666667,25.366666666666664,1,1,26,2,100.0,71.75999999999999,SEVERE
Kolkata,22.5726,88.3639,2023-04-28,30.163749999999997,36.33,25.56,66.26958333333333,95.58,3.08,799.58,30.229166666666668,36.2,26.8,26.38748967914989,28.3911384671731,37.70317985916082,44.34233810683332,19.345402108083537,7.38,25.56,28.925,34.8,31.40555555555555,40.0,31.0,31.590277777777786,25.62,1,1,27,3,100.0,61.160000000000004,HIGH
Kolkata,22.5726,88.3639,2023-04-29,31.740416666666665,38.65,26.6,59.594166666666666,90.13,2.93875,887.25,31.90833333333333,39.1,27.1,26.885882792480572,28.97484183909944,39.32621111111111,55.392969961742764,26.63080317974509,4.04,26.6,31.091666666666665,38.5,31.39861111111111,39.8,31.359999999999996,31.38444444444445,25.84,1,1,28,4,100.0,70.9,SEVERE
Kolkata,22.5726,88.3639,2023-04-30,31.367916666666662,39.01,24.39,57.189166666666665,85.35,2.2345833333333336,795.0,31.395833333333332,39.5,22.5,26.237530183260755,29.012815732823537,39.6940111111111,56.82671772987156,25.511708584053153,8.95,24.39,29.016666666666666,38.1,31.177777777777777,39.5,31.504166666666663,31.09069444444445,25.516666666666666,1,0,29,0,100.0,69.89,HIGH
Kolkata,22.5726,88.3639,2023-05-01,28.57375,32.84,24.76,62.48500000000001,77.03,1.93,643.97,28.895833333333332,32.6,23.4,24.684597297263437,26.523874959988206,34.53659200974206,27.625183149305542,11.642200409252595,1.37,24.76,27.191666666666666,30.6,30.73333333333333,39.5,30.897499999999997,30.56069444444445,25.25,1,0,30,0,100.0,49.56,MODERATE
Kolkata,22.5726,88.3639,2023-05-02,30.435416666666665,36.94,25.55,57.45041666666666,88.08,3.330416666666667,960.08,29.7625,36.1,25.2,25.56667730282641,28.09847343095093,37.517016666666656,43.69065217691076,16.485512763600525,0.65,25.55,28.966666666666665,34.9,30.01805555555555,39.5,30.438333333333333,30.12569444444445,24.900000000000002,1,1,31,1,100.0,60.85000000000001,HIGH
Kolkata,22.5726,88.3639,2023-05-03,30.567083333333333,37.16,26.0,62.802083333333336,88.71,4.12875,781.42,29.820833333333336,36.4,25.9,26.33818409319078,28.681046988551223,37.813849999999995,46.374933236185065,18.261256007643073,5.01,26.0,28.833333333333332,35.6,29.493055555555554,36.4,30.356666666666666,29.858750000000004,25.436666666666667,1,1,32,2,100.0,62.199999999999996,HIGH
Kolkata,22.5726,88.3639,2023-05-04,29.88625,35.99,25.39,62.92166666666666,91.6,4.142083333333333,748.6,28.883333333333336,34.8,24.9,25.7571563072797,27.951774005633848,36.5715,39.1783654951624,14.35756461713722,4.52,25.39,28.425,34.1,29.48888888888889,36.4,29.751666666666665,30.296250000000004,25.646666666666665,1,1,33,3,100.0,56.78999999999999,HIGH
Kolkata,22.5726,88.3639,2023-05-05,31.206666666666667,37.43,26.36,62.163333333333334,92.69,3.2866666666666666,839.33,31.104166666666668,37.1,26.2,26.87000795178797,29.03960083250901,39.09143668661378,49.32072247491012,24.174119176865005,0.7200000000000001,26.36,29.05,35.7,29.936111111111114,37.1,29.693333333333335,30.55333333333334,25.916666666666668,1,1,34,4,100.0,64.66,HIGH
Kolkata,22.5726,88.3639,2023-05-06,31.93541666666667,38.23,26.11,61.90708333333333,97.14,2.793333333333333,689.62,32.34583333333333,38.9,27.8,27.398605108058632,29.386266708004186,38.962127777777766,55.76551993077584,29.58256744259182,0.18,26.11,30.808333333333334,37.8,30.777777777777775,38.9,30.383333333333336,31.009444444444455,25.953333333333333,1,1,35,5,100.0,69.80999999999999,HIGH
Kolkata,22.5726,88.3639,2023-05-07,32.614583333333336,40.27,26.61,57.034166666666664,96.26,3.264583333333333,952.47,32.487500000000004,40.5,27.4,27.09434512786513,28.912459772049303,40.91394444444443,59.965486203933125,29.495994694057035,0.03,26.61,30.766666666666666,39.2,31.979166666666668,40.5,30.928333333333335,31.918888888888898,26.36,1,1,36,6,100.0,75.11,SEVERE
Kolkata,22.5726,88.3639,2023-05-08,33.793749999999996,41.87,27.72,52.97875,88.72,3.217083333333333,916.85,33.75,42.5,28.0,27.652803491980723,29.751803986233778,42.65827777777777,69.1213056785081,35.79446252888653,0.0,27.72,31.708333333333332,41.0,32.86111111111111,42.5,31.714166666666664,32.78125000000001,26.813333333333333,1,1,37,7,100.0,82.22,SEVERE
Kolkata,22.5726,88.3639,2023-05-09,33.709583333333335,41.58,27.15,50.47208333333333,86.18,3.6062499999999997,862.25,33.28333333333333,41.9,27.4,27.20465357711866,29.231099441099012,42.308988888888884,65.69868228979183,32.66615812585521,0.0,27.15,31.208333333333332,40.7,33.17361111111111,42.5,32.594166666666666,33.37263888888889,27.16,1,1,38,8,100.0,79.85,SEVERE
Kolkata,22.5726,88.3639,2023-05-10,34.053333333333335,42.02,27.13,55.66041666666666,92.87,3.99875,879.25,34.25416666666667,42.9,27.8,28.326200158995064,30.828605439300947,42.91466666666666,73.24835654967916,39.67586755491319,0.37,27.13,32.416666666666664,40.9,33.762499999999996,42.9,33.22416666666667,33.85222222222223,27.333333333333332,1,1,39,9,100.0,82.82999999999998,SEVERE
Kolkata,22.5726,88.3639,2023-05-11,33.23625,41.03,26.7,56.120000000000005,87.89,3.4716666666666662,894.22,33.645833333333336,41.5,28.7,27.78908848285502,30.573778126543246,41.89903888888889,68.4270203699679,35.37179377684035,0.12000000000000001,26.7,32.449999999999996,40.2,33.72777777777778,42.9,33.48416666666667,33.666388888888896,26.993333333333336,1,1,40,10,100.0,78.2,SEVERE
Kolkata,22.5726,88.3639,2023-05-12,32.815,39.04,27.25,55.3525,85.52,2.419166666666667,652.05,33.516666666666666,39.5,29.0,27.388892849214894,29.299901106639027,39.75312222222222,57.63349286667743,33.404135496395384,0.0,27.25,32.75,38.6,33.80555555555556,42.9,33.690000000000005,33.36819444444445,27.026666666666667,1,1,41,11,100.0,72.75,SEVERE
Kolkata,22.5726,88.3639,2023-05-13,32.691250000000004,39.32,26.79,53.946666666666665,78.9,3.725,575.15,32.5625,39.1,26.7,27.23117564860054,29.58905888918391,40.07339444444445,57.88534574967734,30.29709035025952,0.29,26.79,30.808333333333334,37.6,33.24166666666667,41.5,33.4525,32.914166666666674,26.91333333333333,1,1,42,12,100.0,71.08999999999999,SEVERE
Kolkata,22.5726,88.3639,2023-05-14,33.038333333333334,40.95,25.85,44.21958333333333,72.66,5.12375,739.85,32.362500000000004,42.2,25.5,26.1451326756443,29.72950952303823,41.71155555555556,67.38570248215818,27.573323821305795,0.0,25.85,29.933333333333334,39.9,32.81388888888889,42.2,33.26833333333334,32.84819444444445,26.63,1,1,43,13,100.0,79.45,SEVERE
Kolkata,22.5726,88.3639,2023-05-15,32.749583333333334,40.1,27.29,59.13625,95.34,4.5725,849.53,32.6625,40.3,25.9,27.750006485866923,30.19690818689111,40.92356111111112,63.448169005117784,32.87101839110228,14.25,27.29,31.241666666666664,38.5,32.52916666666667,42.2,32.95,32.82638888888889,26.64333333333333,1,1,44,14,100.0,75.19,SEVERE
Kolkata,22.5726,88.3639,2023-05-16,32.70791666666667,39.26,28.45,65.12083333333334,90.33,4.7716666666666665,693.42,33.0,39.3,29.5,28.594684380861395,30.579034999537022,41.671645113572,61.41912915320043,37.80280259536374,2.46,28.45,31.858333333333334,37.7,32.675000000000004,42.2,32.82083333333334,32.83194444444445,27.19666666666667,1,1,45,15,100.0,73.35,SEVERE
Kolkata,22.5726,88.3639,2023-05-17,32.364583333333336,39.48,27.54,65.4725,91.04,5.9575,890.47,32.12916666666667,39.9,27.7,28.365925765578776,31.055625824251187,43.40937985088409,64.59407554038641,34.37335649995526,3.19,27.54,31.208333333333332,38.7,32.59722222222222,40.3,32.54333333333334,32.60736111111112,27.76,1,1,46,16,100.0,74.23999999999998,SEVERE
Kolkata,22.5726,88.3639,2023-05-18,31.392083333333332,36.8,27.68,72.40416666666667,94.82,5.2491666666666665,717.28,31.508333333333336,36.7,28.2,28.342789942944936,30.332644586235464,43.403294012835126,57.01166768291086,33.201475746517524,14.61,27.68,30.675,36.0,32.2125,39.9,32.332499999999996,32.154861111111124,27.89,1,1,47,17,100.0,64.78,HIGH
Kolkata,22.5726,88.3639,2023-05-19,32.0025,38.58,27.52,69.94625,92.17,5.000416666666667,879.72,32.11666666666667,38.8,28.3,28.574305585778102,30.810586201238937,43.993829847230565,61.429811985448076,35.561118278663834,5.87,27.52,30.458333333333332,36.6,31.918055555555554,39.9,32.28333333333334,31.91972222222223,27.58,1,1,48,18,100.0,70.91999999999999,SEVERE
Kolkata,22.5726,88.3639,2023-05-20,32.615,39.8,27.42,61.86875,90.65,4.402083333333334,888.75,32.50833333333333,39.9,28.4,27.95165837330298,29.838707389010146,40.57293333333333,60.92684417122125,33.38707419751885,0.44,27.42,31.025000000000002,38.4,32.044444444444444,39.9,32.2525,32.00319444444445,27.540000000000003,1,1,49,19,100.0,74.11999999999999,SEVERE
Kolkata,22.5726,88.3639,2023-05-21,32.48083333333333,39.03,27.8,65.03083333333333,90.76,5.783333333333334,791.25,32.0625,39.0,27.6,28.401611963260553,30.44012335695856,41.47385558820771,60.03829760710755,34.4970751036139,0.15,27.8,30.575,37.8,32.229166666666664,39.9,32.065,32.36611111111112,27.580000000000002,1,1,50,20,100.0,71.8,SEVERE
Kolkata,22.5726,88.3639,2023-05-22,31.769166666666667,37.55,27.8,68.57958333333333,92.92,5.295833333333333,910.35,31.75,37.2,28.2,28.202870562683387,29.89511116452965,41.73357138661228,53.91800500558754,32.750228309447614,0.01,27.8,30.633333333333336,35.7,32.106944444444444,39.9,31.989166666666666,32.28833333333334,27.673333333333336,1,1,51,21,100.0,66.4,HIGH
Kolkata,22.5726,88.3639,2023-05-23,32.14416666666667,38.97,26.97,66.85291666666667,93.06,3.580833333333333,873.92,32.75,39.6,28.0,28.295000482542267,30.42204707523848,42.70817159699948,61.43212673296183,35.53078413888403,5.22,26.97,30.724999999999998,35.7,32.1875,39.6,32.2375,32.1313888888889,27.523333333333337,1,1,52,22,100.0,72.77,SEVERE
Kolkata,22.5726,88.3639,2023-05-24,32.02125,38.25,26.99,65.50416666666666,93.52,2.5233333333333334,794.38,33.1625,39.1,28.2,28.0051991614622,29.827567611583213,40.91110846980704,57.671299260502636,35.01532651710622,1.76,26.99,31.433333333333334,37.6,32.55416666666667,39.6,32.44666666666667,31.978194444444455,27.25333333333333,1,1,53,23,100.0,71.28999999999999,SEVERE
Kolkata,22.5726,88.3639,2023-05-25,30.935833333333335,36.16,26.96,73.85541666666667,95.53,3.8975000000000004,907.1,31.61666666666667,36.2,28.0,28.087956037917678,29.853354164968525,42.06569296575071,52.910665073819246,32.0228551507226,17.75,26.96,30.808333333333334,36.1,32.50972222222222,39.6,32.26833333333333,31.700416666666673,26.973333333333333,1,1,54,24,100.0,62.56000000000001,HIGH
Kolkata,22.5726,88.3639,2023-05-26,31.556250000000002,37.65,27.07,67.16708333333334,92.46,2.9287500000000004,703.5,32.416666666666664,38.3,28.5,27.763793541376113,29.30892721328386,39.9197289561657,53.38025282178863,32.073003017588086,9.15,27.07,31.191666666666666,36.4,32.398611111111116,39.1,32.339166666666664,31.50444444444445,27.00666666666667,1,1,55,25,100.0,68.96999999999998,HIGH
Kolkata,22.5726,88.3639,2023-05-27,31.471666666666668,37.21,25.55,61.876666666666665,92.48,2.13125,842.38,32.425000000000004,37.8,27.7,27.143071643041008,29.453192762175142,40.66653407161106,52.09834068850388,29.05266556920998,4.03,25.55,30.066666666666666,35.7,32.15277777777778,38.3,32.47416666666667,31.321250000000006,26.526666666666667,1,1,56,26,100.0,65.94999999999999,HIGH
Kolkata,22.5726,88.3639,2023-05-28,31.439999999999998,37.77,25.83,59.67333333333334,91.84,1.6045833333333333,942.15,32.3125,38.2,28.2,26.732013507696124,28.81974220170582,38.43654444444444,51.904047861156116,26.63198417676516,2.39,25.83,30.549999999999997,36.6,32.38472222222222,38.3,32.38666666666667,31.48930555555556,26.150000000000002,1,1,57,27,100.0,67.42999999999999,HIGH
Kolkata,22.5726,88.3639,2023-05-29,32.40375,38.73,27.14,59.9925,88.03,2.2133333333333334,933.7,33.270833333333336,39.5,28.8,27.698052419631242,29.874838187965786,39.538227650634056,59.12718180240903,33.88948331484213,1.0,27.14,31.491666666666664,37.9,32.669444444444444,39.5,32.40833333333333,31.77180555555556,26.173333333333332,1,1,58,28,100.0,72.64,SEVERE
Kolkata,22.5726,88.3639,2023-05-30,33.248333333333335,39.78,28.06,60.26958333333334,90.55,2.9324999999999997,864.0,34.05416666666667,40.8,29.7,28.455057267916512,30.64929059466926,40.65981666666666,65.8145626052638,39.51219081592583,0.09,28.06,32.63333333333333,39.3,33.212500000000006,40.8,32.895833333333336,32.364027777777785,27.01,1,1,59,29,100.0,77.46,SEVERE
Kolkata,22.5726,88.3639,2023-05-31,33.893750000000004,40.47,28.95,58.76958333333334,88.32,2.82875,878.1,34.88333333333333,41.6,30.9,28.871605637906345,30.990273451360633,41.39296666666667,69.48644354248769,43.999432169293975,0.03,28.95,33.84166666666666,40.4,34.06944444444445,41.6,33.38916666666667,33.18194444444445,28.05,1,1,60,30,100.0,80.75,SEVERE
Kolkata,22.5726,88.3639,2023-06-01,33.126666666666665,39.82,28.42,62.142500000000005,92.73,3.000833333333333,771.5,34.0875,40.3,30.5,28.470335245853736,29.55571262585346,40.56699444444443,61.21452435099032,40.39004619589199,0.0,28.42,32.458333333333336,37.2,34.34166666666667,41.6,33.72166666666667,33.42291666666667,28.47666666666667,1,1,61,31,100.0,76.32,SEVERE
Kolkata,22.5726,88.3639,2023-06-02,33.87791666666667,41.17,28.1,58.137499999999996,89.75,3.18125,849.12,34.50833333333333,41.8,29.9,28.52233431080273,30.140370969839527,41.97966666666667,67.5693538182276,41.6985783374866,0.25,28.1,32.958333333333336,40.2,34.49305555555555,41.8,34.160833333333336,33.63277777777778,28.49,1,1,62,32,100.0,80.5,SEVERE
Kolkata,22.5726,88.3639,2023-06-03,33.43,39.81,28.56,61.12166666666667,88.23,4.216666666666667,906.92,33.74583333333333,40.2,30.2,28.765532743951706,30.73869952653834,40.82513801459769,64.63538360376963,40.51389817479279,0.16,28.56,32.46666666666667,38.9,34.11388888888889,41.8,34.255833333333335,33.478194444444455,28.36,1,1,63,33,100.0,76.16000000000001,SEVERE
Kolkata,22.5726,88.3639,2023-06-04,33.32875,39.71,28.13,62.024166666666666,90.97,3.52125,890.67,34.145833333333336,40.5,30.3,28.766545643758054,30.7146582456469,42.80959370874729,65.22532739394553,41.473793945557794,0.03,28.13,33.016666666666666,39.2,34.13333333333333,41.8,34.274166666666666,33.54555555555556,28.263333333333332,1,1,64,34,100.0,76.63,SEVERE
Kolkata,22.5726,88.3639,2023-06-05,33.89458333333334,40.14,29.1,58.34,82.89,3.5666666666666664,916.2,34.50833333333333,40.9,30.7,28.877020331385594,30.903272661237803,41.05941523541984,67.18113199337525,42.96615004156669,0.0,29.1,33.375,39.8,34.13333333333333,40.9,34.19916666666667,33.55111111111112,28.596666666666668,1,1,65,35,100.0,78.79999999999998,SEVERE
Kolkata,22.5726,88.3639,2023-06-06,34.306666666666665,41.08,29.61,56.60375,81.28,3.3216666666666668,856.5,34.975,42.1,30.7,28.972708200202145,31.085621469272873,42.0086111111111,71.43935716144179,44.77433981534628,0.0,29.61,33.65833333333333,40.5,34.543055555555554,42.1,34.376666666666665,33.84333333333334,28.94666666666667,1,1,66,36,100.0,82.91,SEVERE
Kolkata,22.5726,88.3639,2023-06-07,34.42125,41.21,29.85,56.274166666666666,81.34,3.279166666666667,776.78,35.141666666666666,42.1,31.2,28.998128967940275,30.796220424631407,42.1114,70.77900909998118,45.6006233858563,0.0,29.85,33.708333333333336,39.8,34.875,42.1,34.50333333333333,34.2075,29.52,1,1,67,37,100.0,83.14999999999999,SEVERE
Kolkata,22.5726,88.3639,2023-06-08,33.947916666666664,40.13,29.47,58.08916666666667,82.73,4.019583333333333,434.58,34.175000000000004,40.9,30.5,28.845677588435027,30.411573338670646,41.59095673010724,65.35527557156749,42.51800292273172,0.0,29.47,32.608333333333334,38.4,34.76388888888889,42.1,34.589166666666664,34.225277777777784,29.64333333333333,1,1,68,38,100.0,79.16999999999999,SEVERE
Kolkata,22.5726,88.3639,2023-06-09,32.892500000000005,38.24,28.46,62.94833333333333,86.46,5.620416666666666,547.95,32.625,38.1,29.1,28.622741268542157,30.335592380333193,42.331552761045565,56.796477624091374,37.361448655335224,7.0,28.46,31.849999999999998,37.7,33.980555555555554,42.1,34.285000000000004,33.753888888888895,29.26,1,1,69,39,100.0,69.76,HIGH
Kolkata,22.5726,88.3639,2023-06-10,32.106249999999996,37.47,28.48,64.48416666666667,87.62,4.04625,502.27,32.199999999999996,37.3,29.0,28.089576478711834,29.976429920475525,42.37499329197572,56.54884914575328,33.96844043529239,2.4499999999999997,28.48,31.40833333333333,35.9,33.0,40.9,33.82333333333334,32.98222222222223,28.80333333333333,1,1,70,40,100.0,67.38,HIGH
Kolkata,22.5726,88.3639,2023-06-11,34.18625,40.77,29.7,60.987500000000004,84.65,4.004166666666666,825.97,34.862500000000004,41.9,30.3,29.44972865425176,31.450948345813735,43.63125164196324,71.74685120496767,46.93540002915921,2.65,29.7,33.21666666666667,39.8,33.229166666666664,41.9,33.80083333333333,33.061666666666675,28.88,1,1,71,41,100.0,82.39999999999999,SEVERE
Kolkata,22.5726,88.3639,2023-06-12,32.18541666666667,36.5,28.46,68.79583333333333,91.51,4.4191666666666665,628.0,32.94583333333333,36.4,30.6,28.729485985305246,30.169208630277907,42.992132998912524,55.41382849858374,39.29609212686619,5.3100000000000005,28.46,32.375,35.8,33.33611111111111,41.9,33.361666666666665,32.82597222222223,28.88,1,1,72,42,100.0,64.66,HIGH
Kolkata,22.5726,88.3639,2023-06-13,33.40708333333333,40.24,28.75,65.56333333333333,86.77,4.2775,827.53,34.07083333333333,41.7,28.5,29.343417939537243,31.6573313075345,44.696109890232556,71.62160744917355,44.63703398980942,3.5700000000000003,28.75,32.300000000000004,39.8,33.95972222222222,41.9,33.340833333333336,33.25958333333334,28.97,1,1,73,43,100.0,80.85000000000001,SEVERE
Kolkata,22.5726,88.3639,2023-06-14,33.750416666666666,40.38,29.45,64.28041666666667,83.29,6.335833333333333,837.4,33.916666666666664,41.2,28.9,29.588156237058055,31.997229364567925,46.324195802466285,71.55155282800331,45.65114612088863,0.79,29.45,32.141666666666666,40.0,33.64444444444444,41.7,33.59916666666667,33.11430555555556,28.886666666666667,1,1,74,44,100.0,80.05000000000001,SEVERE
Kolkata,22.5726,88.3639,2023-06-15,35.314166666666665,44.33,29.96,58.27875,84.36,5.730416666666667,750.2,35.9125,45.6,29.8,29.897267948904556,32.3160360567355,45.429555555555545,86.97380865329828,52.22021437802328,0.47000000000000003,29.96,33.949999999999996,43.9,34.63333333333333,45.6,34.34166666666667,34.157222222222224,29.386666666666667,1,1,75,45,100.0,93.76000000000002,EXTREME
Kolkata,22.5726,88.3639,2023-06-16,34.5225,42.23,30.2,61.69625,84.41,5.630416666666666,709.62,35.083333333333336,43.2,30.8,29.822269118625513,32.14737685926027,45.0464659519043,78.60967164058275,49.649781608344675,2.3,30.2,33.56666666666667,41.3,34.97083333333334,45.6,34.38583333333334,34.52902777777778,29.87,1,1,76,46,100.0,86.80000000000001,EXTREME
Kolkata,22.5726,88.3639,2023-06-17,33.4175,39.72,29.62,65.64999999999999,86.16,5.873333333333334,690.25,33.82083333333333,40.2,30.8,29.425098413904948,31.51300451997136,43.957113292491194,66.98074302851313,44.59179233301316,2.9,29.62,32.375,37.6,34.93888888888889,45.6,34.560833333333335,34.41805555555556,29.926666666666666,1,1,77,47,100.0,77.22000000000001,SEVERE
Kolkata,22.5726,88.3639,2023-06-18,32.27,37.45,28.66,69.73833333333333,91.61,5.783333333333334,379.92,32.854166666666664,37.6,30.5,28.847618974290995,30.140246752741422,42.8288538883266,58.18496103068218,39.74461518925307,5.98,28.66,31.916666666666668,35.2,33.919444444444444,43.2,34.317499999999995,33.403333333333336,29.493333333333336,1,1,78,48,100.0,68.46000000000001,HIGH
Kolkata,22.5726,88.3639,2023-06-19,29.97,32.87,28.41,81.12208333333334,93.31,5.009166666666666,307.6,30.354166666666668,33.2,28.7,28.06269654148829,28.950586006793372,40.349888197263425,40.92054462608999,29.059623221072016,5.7700000000000005,28.41,29.691666666666666,30.9,32.34305555555556,40.2,33.605000000000004,31.885833333333334,28.896666666666665,1,1,79,49,100.0,55.010000000000005,HIGH
Kolkata,22.5726,88.3639,2023-06-20,30.211250000000003,32.63,28.52,78.5775,94.02,4.452916666666667,683.33,30.875,32.0,29.6,28.037405617310338,28.77605962658734,39.79306188951256,36.95258052281642,30.310708938912228,0.13,28.52,31.075,32.0,31.36111111111111,37.6,32.597500000000004,30.81708333333334,28.53,1,1,80,50,100.0,51.519999999999996,HIGH
Kolkata,22.5726,88.3639,2023-06-21,29.270833333333332,30.71,27.83,84.10000000000001,93.59,3.9033333333333338,678.85,30.366666666666664,31.1,29.7,27.741850498281988,28.338957429690176,38.07777116654689,32.39971678172,27.12846210110278,5.9,27.83,30.666666666666668,31.1,30.531944444444445,33.2,31.65416666666666,29.817361111111115,28.253333333333334,0,1,0,51,100.0,48.13,MODERATE
Kolkata,22.5726,88.3639,2023-06-22,30.174166666666665,34.49,27.08,74.6575,92.6,3.92,444.58,30.758333333333336,33.8,28.3,27.498737410872007,28.84035781859297,39.64611597853563,42.017696045809885,26.857269442664755,2.33,27.08,30.808333333333334,33.5,30.666666666666668,33.8,31.041666666666668,29.88541666666667,27.81,1,1,1,52,100.0,55.47999999999999,HIGH
Kolkata,22.5726,88.3639,2023-06-23,30.802916666666665,35.38,27.59,73.80208333333333,93.38,2.4545833333333333,703.85,32.737500000000004,36.1,30.5,28.019571618747165,29.822972056780852,42.31031102718036,52.78223010702113,34.670187111574336,10.32,27.59,32.59166666666667,35.7,31.287499999999998,36.1,31.018333333333334,30.08263888888889,27.5,1,1,2,53,100.0,62.890000000000015,HIGH
Kolkata,22.5726,88.3639,2023-06-24,30.284583333333334,34.47,27.47,76.77166666666666,92.38,4.41125,519.25,30.566666666666666,35.0,26.6,27.86069978170293,29.59507546564884,41.84017820768204,49.18972918623525,28.31054662084631,6.7700000000000005,27.47,30.21666666666667,34.9,31.354166666666668,36.1,31.060833333333335,30.420555555555563,27.38,1,1,3,54,100.0,59.47,HIGH
Kolkata,22.5726,88.3639,2023-06-25,29.820416666666663,34.21,27.15,78.49416666666666,95.51,4.9191666666666665,540.45,30.133333333333336,33.9,27.7,27.59980422646258,29.402826318195725,41.32412053729332,45.41423594353788,25.643005767230886,15.57,27.15,30.275000000000002,33.9,31.145833333333332,36.1,30.9125,30.302638888888893,27.403333333333336,1,1,4,55,100.0,55.849999999999994,HIGH
Kolkata,22.5726,88.3639,2023-06-26,28.237916666666667,30.33,26.75,85.61375,95.44,3.374166666666667,464.33,29.28333333333333,32.2,27.3,26.868533308463196,27.769483129153148,36.89726440838802,30.93700419143972,19.310324081835695,31.36,26.75,29.65833333333333,32.2,29.994444444444444,35.0,30.695833333333336,29.447638888888893,27.123333333333335,1,1,5,56,100.0,50.35000000000001,HIGH
Kolkata,22.5726,88.3639,2023-06-27,28.667916666666667,31.64,26.8,84.84958333333334,94.43,5.1312500000000005,444.88,28.662499999999998,31.0,27.3,27.193532552620727,28.43531974805765,38.90813507630224,33.020118967525015,19.538596811702373,58.81,26.8,28.508333333333336,30.5,29.35972222222222,33.9,30.276666666666664,28.90875,26.900000000000002,0,1,0,57,100.0,46.8,MODERATE
Kolkata,22.5726,88.3639,2023-06-28,28.6925,30.9,27.03,87.4975,95.98,5.67625,212.88,28.7625,30.4,27.6,27.48670779108552,28.342021806022828,38.70324079202719,30.952796541570386,21.345200888473368,32.41,27.03,28.691666666666666,30.4,28.902777777777775,32.2,29.481666666666666,28.532777777777785,26.86,0,1,0,58,100.0,45.23,MODERATE
Kolkata,22.5726,88.3639,2023-06-29,28.205416666666665,29.66,27.27,91.04666666666667,96.07,4.144166666666666,386.0,29.28333333333333,30.9,28.2,27.392983421609383,27.9489306233411,37.07114065750326,28.66154772897687,21.842666894943363,9.89,27.27,28.75,29.1,28.902777777777775,31.0,29.225,28.521944444444447,27.03333333333333,0,1,0,59,100.0,46.96999999999999,MODERATE
Kolkata,22.5726,88.3639,2023-06-30,29.006249999999998,31.2,27.25,88.64208333333333,97.29,3.7925,812.88,30.787499999999998,32.7,28.8,27.945658341362662,28.906706327671554,40.261219311173136,39.22383015609762,28.94331330964296,8.55,27.25,30.05,31.0,29.61111111111111,32.7,29.355833333333333,28.634722222222223,27.183333333333337,1,1,1,60,100.0,52.35000000000001,HIGH
Kolkata,22.5726,88.3639,2024-04-01,31.526666666666667,40.21,23.87,56.220416666666665,96.27,3.3041666666666667,900.62,31.329166666666666,40.3,20.3,26.021896350764774,28.91539745349707,40.88188888888888,59.5674000899598,24.11890563770557,0.0,23.87,28.625,38.4,30.466666666666665,40.3,29.764999999999997,29.579444444444448,26.13,1,0,2,0,24.0,52.769999999999996,HIGH
Kolkata,22.5726,88.3639,2024-04-02,31.385,40.31,23.74,51.47875,99.61,2.54625,876.15,31.21666666666667,40.0,22.6,24.990652498970277,27.524096203259596,40.84018333333333,54.54977241180678,20.42779473308287,0.0,23.74,28.433333333333334,38.5,31.11111111111111,40.3,30.27583333333333,30.639305555555563,24.953333333333333,1,0,3,0,36.0,54.739999999999995,HIGH
Kolkata,22.5726,88.3639,2024-04-03,31.83791666666667,40.42,24.85,56.212916666666665,100.0,2.7475,877.33,31.96666666666667,40.4,25.4,26.056962017315936,28.131102160900305,41.006616666666666,57.516688125212994,23.808467216584813,0.0,24.85,30.141666666666666,39.3,31.504166666666666,40.4,30.916666666666668,31.583194444444455,24.153333333333336,1,0,4,0,48.0,60.05,HIGH
Kolkata,22.5726,88.3639,2024-04-04,32.3275,40.81,25.63,59.365833333333335,96.02,3.9804166666666667,810.42,31.958333333333332,41.0,25.9,27.091978090064767,29.208867544762374,41.523611111111116,62.75582968742722,27.714897328025476,0.0,25.63,30.075,39.4,31.713888888888892,41.0,31.451666666666664,31.850138888888893,24.74,1,1,5,1,73.33333333333333,68.96333333333332,HIGH
Kolkata,22.5726,88.3639,2024-04-05,32.58166666666667,41.45,25.27,51.79125,100.0,2.9491666666666667,772.28,32.550000000000004,41.3,24.4,26.036191301294455,27.85642461579542,42.049533333333336,59.87638824576735,25.731623679725555,0.0,25.27,29.583333333333332,39.1,32.15833333333334,41.3,31.804166666666667,32.24902777777778,25.25,1,1,6,2,98.66666666666666,75.83666666666666,SEVERE
Kolkata,22.5726,88.3639,2024-04-06,33.47875,42.55,26.37,54.58875,98.02,2.877083333333333,880.62,33.84166666666667,42.8,28.0,27.229262724714065,29.091651336833984,43.29034444444444,68.42633565301402,33.79316963846113,0.24,26.37,32.050000000000004,41.4,32.78333333333334,42.8,32.30666666666667,32.795972222222225,25.756666666666664,1,1,7,3,100.0,81.77,SEVERE
Kolkata,22.5726,88.3639,2024-04-07,32.40541666666667,40.41,24.71,49.291666666666664,93.45,2.7916666666666665,263.38,32.104166666666664,40.4,23.8,26.045138996062573,28.6907964282258,41.0716,59.30856319772087,26.519824823068813,2.31,24.71,29.233333333333334,39.1,32.831944444444446,42.8,32.48416666666667,32.82194444444445,25.450000000000003,1,0,8,0,96.0,71.91,SEVERE
Kolkata,22.5726,88.3639,2024-04-08,31.062916666666666,39.12,23.2,40.23041666666666,65.3,4.1554166666666665,590.55,29.408333333333335,38.8,21.3,23.866136029722977,27.70331093236555,39.64737777777777,51.107652603859925,17.408155116686572,0.07,23.2,26.5,38.0,31.784722222222225,42.8,31.972500000000004,32.31569444444445,24.76,1,0,9,0,100.0,66.6,HIGH
Kolkata,22.5726,88.3639,2024-04-09,31.191666666666666,39.34,23.5,41.083333333333336,72.39,2.4570833333333333,824.47,30.116666666666664,39.1,20.8,23.871190551824025,27.16440273527594,39.81313333333334,50.38506327829158,18.911205247382195,0.0,23.5,26.59166666666667,37.4,30.543055555555554,40.4,31.604166666666664,31.553333333333338,23.80333333333333,1,0,10,0,100.0,67.8,HIGH
Kolkata,22.5726,88.3639,2024-04-10,31.416666666666668,39.27,24.43,40.27041666666667,69.31,1.9108333333333334,507.4,30.495833333333334,38.7,23.8,23.831751692625318,26.321411865164443,39.66119444444445,46.71553994331942,17.679939261668604,0.0,24.43,28.125,37.8,30.006944444444443,39.1,31.193333333333335,31.223750000000006,23.709999999999997,1,0,11,0,100.0,67.53,HIGH
Kolkata,22.5726,88.3639,2024-04-11,31.602083333333336,39.22,24.93,35.373333333333335,64.38,2.4883333333333333,445.52,30.379166666666666,38.9,22.6,23.651046496888842,27.119562869646344,39.69314444444444,49.646205517151586,17.639185998998936,0.03,24.93,28.075,37.7,30.33055555555556,39.1,30.500833333333333,31.40347222222223,24.286666666666665,1,0,12,0,100.0,68.63,HIGH
Kolkata,22.5726,88.3639,2024-04-12,31.22791666666667,38.94,23.55,38.66791666666666,65.0,2.2308333333333334,788.33,30.066666666666666,38.8,22.3,23.728959821445766,27.366845655980484,39.428749999999994,49.90814566359362,17.965084640928744,0.0,23.55,27.358333333333334,37.3,30.313888888888886,38.9,30.093333333333334,31.415555555555567,24.30333333333333,1,0,13,0,100.0,66.94999999999999,HIGH
Kolkata,22.5726,88.3639,2024-04-13,32.00416666666667,39.81,24.79,36.74708333333333,60.91,2.129166666666667,858.12,30.916666666666668,39.6,23.0,24.067081171202034,27.246934727879403,40.302977777777784,52.30861094692323,20.37038799613934,0.0,24.79,27.816666666666666,38.2,30.454166666666666,39.6,30.395,31.611388888888897,24.423333333333332,1,0,14,0,100.0,70.59,SEVERE
Kolkata,22.5726,88.3639,2024-04-14,32.63916666666667,40.67,25.6,40.194583333333334,76.75,2.2591666666666668,830.75,31.941666666666666,40.7,23.8,24.95539162968163,27.917378415847796,41.24976111111111,57.89323186590088,23.206022300974396,0.0,25.6,29.333333333333332,39.4,30.974999999999998,40.7,30.76,31.95708333333334,24.646666666666665,1,1,15,1,100.0,74.70000000000002,SEVERE
Kolkata,22.5726,88.3639,2024-04-15,33.705,41.59,26.86,47.04291666666666,84.51,3.387916666666667,828.28,33.204166666666666,42.0,26.0,26.900964417023733,29.62435407278882,42.360461111111114,67.22998492368046,31.15927970079254,0.0,26.86,31.066666666666666,40.6,32.020833333333336,42.0,31.301666666666666,32.78277777777778,25.75,1,1,16,2,100.0,79.86,SEVERE
Kolkata,22.5726,88.3639,2024-04-16,34.36958333333333,42.3,27.91,50.64625,85.92,3.7329166666666667,838.95,34.112500000000004,43.0,27.8,27.947516411439825,30.41899290265936,43.15503888888889,72.77861155821962,37.967438311013154,0.0,27.91,31.558333333333334,41.0,33.08611111111111,43.0,32.04833333333333,33.57125,26.790000000000003,1,1,17,3,100.0,83.91,SEVERE
Kolkata,22.5726,88.3639,2024-04-17,35.12791666666667,43.36,27.66,48.915,84.85,2.705833333333333,900.5,35.77916666666667,44.1,29.2,28.26360600850192,30.428991168048853,44.25106111111111,76.53789620946057,43.97158709058735,0.02,27.66,33.541666666666664,42.6,34.36527777777778,44.1,33.19083333333334,34.40083333333334,27.47666666666667,1,1,18,4,100.0,86.96,EXTREME
Kolkata,22.5726,88.3639,2024-04-18,34.336666666666666,42.69,25.99,42.99458333333333,98.15,3.15625,938.35,34.09583333333333,42.6,27.3,26.11286932824294,27.446387945135406,43.306216666666664,63.01848267598593,31.4431540481656,0.0,25.99,31.825,41.3,34.6625,44.1,33.82666666666667,34.61138888888889,27.186666666666667,1,1,19,5,100.0,80.78999999999999,SEVERE
Kolkata,22.5726,88.3639,2024-04-19,34.60375,43.56,26.65,46.37083333333334,88.42,4.087083333333333,927.92,34.1,43.8,26.9,27.09008891368238,29.01734026580208,44.331627777777776,71.61820437228545,34.96830876476292,0.01,26.65,31.508333333333336,42.4,34.65833333333333,44.1,34.25833333333333,34.68944444444445,26.766666666666666,1,1,20,6,100.0,85.04999999999998,EXTREME
Kolkata,22.5726,88.3639,2024-04-20,35.374583333333334,45.32,27.43,47.12166666666667,87.4,4.235833333333333,950.33,35.704166666666666,46.1,26.7,27.690793356844324,29.656462499311264,46.2237611111111,80.62952117500572,42.20696466637323,0.0,27.43,33.38333333333333,44.5,34.63333333333333,46.1,34.75833333333334,34.77166666666667,26.689999999999998,1,1,21,7,100.0,92.43,EXTREME
Kolkata,22.5726,88.3639,2024-04-21,35.41833333333333,44.21,28.14,46.921666666666674,87.92,3.2116666666666664,897.97,35.975,44.4,29.9,27.935705930445845,29.493803286121352,45.04323333333333,75.07890261198725,43.93015575494909,0.0,28.14,34.266666666666666,43.1,35.25972222222222,46.1,35.130833333333335,35.132222222222225,27.406666666666666,1,1,22,8,100.0,88.33999999999999,EXTREME
Kolkata,22.5726,88.3639,2024-04-22,35.39041666666667,44.05,27.48,34.108333333333334,79.99,3.6054166666666667,934.75,34.887499999999996,44.6,26.0,26.17166713625042,29.30717378316327,44.864883333333324,74.9336372915188,35.269237995117514,0.0,27.48,32.00833333333333,42.9,35.52222222222222,46.1,34.9525,35.394444444444446,27.683333333333334,1,1,23,9,100.0,88.28,EXTREME
Kolkata,22.5726,88.3639,2024-04-23,35.26,43.32,26.98,39.05833333333333,81.2,3.797916666666667,828.33,34.604166666666664,43.8,26.2,26.878676665482093,29.61214520175998,44.13865,73.2396095183234,35.79699199074899,0.18,26.98,31.758333333333336,42.6,35.15555555555556,44.6,35.05416666666666,35.35625,27.53333333333333,1,1,24,10,100.0,85.38,EXTREME
Kolkata,22.5726,88.3639,2024-04-24,35.255833333333335,43.36,27.36,43.4375,79.89,3.767916666666667,892.53,35.354166666666664,44.2,27.0,27.548357233155212,30.457427386150115,44.25341111111111,76.87524834202523,39.99233547788356,0.03,27.36,33.06666666666667,42.7,34.94861111111111,44.6,35.30499999999999,35.302083333333336,27.27333333333333,1,1,25,11,100.0,86.96000000000001,EXTREME
Kolkata,22.5726,88.3639,2024-04-25,35.29625,44.36,27.61,40.38041666666667,89.99,3.0104166666666665,910.8,35.166666666666664,44.5,28.3,26.6101127864957,28.983337040344274,45.168283333333335,73.99851836740964,36.525644064317795,0.0,27.61,32.81666666666667,43.1,35.041666666666664,44.5,35.197500000000005,35.27069444444445,27.316666666666663,1,1,26,12,100.0,88.11,EXTREME
Kolkata,22.5726,88.3639,2024-04-26,35.45333333333333,44.15,28.12,48.73500000000001,86.49,3.049583333333333,844.08,35.69583333333333,44.5,29.8,28.35408063758719,30.461546997838063,45.06862222222222,78.3464864041422,44.53933085502336,0.0,28.12,33.65833333333334,43.1,35.40555555555556,44.5,35.141666666666666,35.3351388888889,27.69666666666667,1,1,27,13,100.0,88.62,EXTREME
Kolkata,22.5726,88.3639,2024-04-27,35.90125,45.08,28.85,45.39833333333333,85.63,3.5654166666666662,881.25,35.99583333333333,45.4,29.9,28.01154201354439,29.910748208967032,45.95532222222222,78.99586649396002,44.39197928896556,0.0,28.85,33.824999999999996,43.7,35.61944444444444,45.4,35.36333333333333,35.55027777777779,28.19333333333333,1,1,28,14,100.0,92.04999999999998,EXTREME
Kolkata,22.5726,88.3639,2024-04-28,36.072916666666664,45.21,28.32,45.934583333333336,83.55,3.225,852.78,36.266666666666666,45.7,30.0,28.51846313096702,30.836358582218715,46.19884999999999,83.4537279205692,46.88072622393227,0.0,28.32,34.00833333333333,44.1,35.986111111111114,45.7,35.69583333333333,35.80916666666667,28.430000000000003,1,1,29,15,100.0,92.42,EXTREME
Kolkata,22.5726,88.3639,2024-04-29,36.562083333333334,44.99,29.03,40.047916666666666,74.37,4.087083333333333,919.75,36.175000000000004,45.5,28.8,28.01283687116063,30.366625699143334,45.931783333333335,81.31229738728508,44.889080320217964,0.0,29.03,33.675000000000004,44.4,36.145833333333336,45.7,35.86,36.17875,28.733333333333334,1,1,30,16,100.0,92.53,EXTREME
Kolkata,22.5726,88.3639,2024-04-30,37.25208333333333,46.92,28.61,41.53875,82.35,5.07875,902.55,37.72083333333333,47.9,28.5,28.60007397082064,30.899818470037275,47.98924444444445,85.95097231832439,50.92039667451173,0.0,28.61,35.324999999999996,47.2,36.72083333333333,47.9,36.37083333333333,36.629027777777786,28.653333333333336,1,1,31,17,100.0,93.61,EXTREME
Kolkata,22.5726,88.3639,2024-05-01,36.63666666666666,45.42,29.0,40.92666666666667,81.76,3.904166666666667,917.85,36.395833333333336,45.7,29.6,28.004795940420266,29.90548649349535,46.342377777777784,80.75333387662133,45.79669606990033,0.2,29.0,33.775,44.0,36.76388888888889,47.9,36.51083333333334,36.81694444444445,28.88,1,1,32,18,100.0,93.10000000000001,EXTREME
Kolkata,22.5726,88.3639,2024-05-02,35.568333333333335,44.53,27.53,43.576249999999995,77.89,3.4020833333333336,906.4,35.824999999999996,45.1,28.2,27.586280556657503,30.283666299017007,45.41716666666667,78.58705683456138,42.127551119959186,0.04,27.53,33.800000000000004,43.9,36.64722222222222,47.9,36.47666666666667,36.48569444444445,28.38,1,1,33,19,100.0,89.83,EXTREME
Kolkata,22.5726,88.3639,2024-05-03,34.5925,43.41,25.78,38.6625,95.18,3.123333333333333,936.58,34.012499999999996,43.2,27.5,25.42687331718027,27.136870257244855,44.019099999999995,63.2373573709466,29.78593728388458,0.0,25.78,31.53333333333333,41.7,35.411111111111104,45.7,36.02583333333333,35.59916666666667,27.436666666666667,1,1,34,20,100.0,82.38000000000001,SEVERE
Kolkata,22.5726,88.3639,2024-05-04,33.75958333333333,40.87,27.52,54.03916666666667,87.41,5.094166666666667,906.12,33.31666666666667,41.1,27.9,27.95337228419919,29.525484000807097,41.615199999999994,63.95949247280657,35.98605026881983,0.0,27.52,31.666666666666668,40.7,34.384722222222216,45.1,35.454166666666666,34.64013888888889,26.94333333333333,1,1,35,21,100.0,77.82000000000001,SEVERE
Kolkata,22.5726,88.3639,2024-05-05,33.9475,42.14,28.17,56.687916666666666,88.41,6.502083333333334,891.45,33.65,43.0,27.7,28.319255061424148,29.640717173766316,42.921594444444445,70.16746021211804,38.78834426878231,0.0,28.17,31.349999999999998,41.0,33.65972222222222,43.2,34.64,34.09986111111112,27.156666666666666,1,1,36,22,100.0,84.17,SEVERE
Kolkata,22.5726,88.3639,2024-05-06,31.924583333333334,40.01,27.16,71.02499999999999,94.91,6.720833333333334,603.7,31.879166666666666,41.1,27.4,28.530552810294385,31.282569569553804,43.670621591771464,68.75915798402373,34.35646077233839,24.92,27.16,29.78333333333333,37.6,32.94861111111111,43.0,33.736666666666665,33.210555555555565,27.616666666666664,1,1,37,23,100.0,77.46000000000001,SEVERE
Kolkata,22.5726,88.3639,2024-05-07,31.129166666666666,37.65,26.25,65.30083333333333,93.64,2.92375,782.65,31.795833333333334,37.7,28.0,27.085540785787245,28.920120937999464,38.320472222222214,50.515548687033856,26.894097454861395,10.28,26.25,30.84166666666667,36.1,32.44166666666667,43.0,32.93083333333333,32.33375,27.19333333333333,1,1,38,24,100.0,66.35000000000001,HIGH
Kolkata,22.5726,88.3639,2024-05-08,29.48166666666667,34.38,25.18,68.37083333333334,90.62,2.5533333333333332,831.25,30.104166666666668,34.2,27.4,26.111699617616058,28.118623797237646,37.75401986713561,39.20719301530913,18.598780627027352,3.0,25.18,29.34166666666667,33.6,31.259722222222223,41.1,32.149166666666666,30.845138888888897,26.19666666666667,1,1,39,25,100.0,54.78000000000001,HIGH
Kolkata,22.5726,88.3639,2024-05-09,29.542083333333334,34.75,25.54,71.32375,96.92,2.465,614.0,30.5125,35.0,27.4,26.437811108670928,28.35679685862987,38.36149632760308,42.22564948119317,20.21137984637374,27.48,25.54,29.733333333333334,34.5,30.80416666666667,37.7,31.58833333333333,30.050972222222228,25.656666666666666,1,1,40,26,100.0,57.54,HIGH
Kolkata,22.5726,88.3639,2024-05-10,29.487083333333334,34.22,26.14,72.87,93.23,3.3358333333333334,582.38,29.72083333333333,34.1,26.7,26.630044738867642,28.333530097878555,38.33206770026064,40.10456220690579,19.22476636514835,4.12,26.14,29.208333333333332,33.3,30.1125,35.0,30.8025,29.503611111111116,25.62,1,1,41,27,100.0,55.440000000000005,HIGH
Kolkata,22.5726,88.3639,2024-05-11,30.195833333333336,35.79,26.27,73.27583333333334,96.16,3.7158333333333338,647.25,30.525000000000002,36.3,27.2,27.297103710188836,29.522013782272037,41.31747951951726,51.76602353770068,24.57062561315716,11.39,26.27,29.833333333333332,35.2,30.252777777777776,36.3,30.531666666666666,29.741666666666674,25.98333333333333,1,1,42,28,100.0,62.16999999999999,HIGH
Kolkata,22.5726,88.3639,2024-05-12,30.14625,35.28,25.88,72.09666666666666,94.45,2.00125,880.15,31.766666666666666,36.8,28.7,27.16936938325362,29.267094998510366,40.632173969203485,51.540641444224455,27.38683037073736,2.72,25.88,30.458333333333332,35.3,30.67083333333333,36.8,30.52583333333333,29.94305555555556,26.096666666666668,1,1,43,29,100.0,63.27999999999999,HIGH
Kolkata,22.5726,88.3639,2024-05-13,30.79958333333333,35.47,26.37,67.48125,93.14,2.0229166666666667,855.8,32.11666666666667,36.5,28.5,27.24149265672246,28.861591023109085,39.533342164783704,48.733331473487,28.87563090284306,0.14,26.37,31.183333333333334,35.8,31.469444444444445,36.8,30.928333333333335,30.38055555555556,26.173333333333336,1,1,44,30,100.0,62.870000000000005,HIGH
Kolkata,22.5726,88.3639,2024-05-14,31.025000000000002,36.02,26.73,65.39083333333333,93.15,2.56875,844.3,31.71666666666667,36.9,28.0,27.166422375061956,28.909856907703215,39.6222038316431,49.95540014192973,27.667254895497205,0.04,26.73,31.333333333333332,36.7,31.866666666666664,36.9,31.169166666666666,30.65694444444445,26.326666666666668,1,1,45,31,100.0,64.42999999999999,HIGH
Kolkata,22.5726,88.3639,2024-05-15,30.728333333333335,35.87,26.65,69.455,95.57,2.984166666666667,923.88,31.46666666666667,36.4,28.6,27.37286970403615,29.125212097403818,40.128697253999626,49.79189477395026,27.705796609245613,0.0,26.65,30.575,35.6,31.76666666666667,36.9,31.518333333333334,30.850972222222225,26.583333333333332,1,1,46,32,100.0,62.849999999999994,HIGH
Kolkata,22.5726,88.3639,2024-05-16,31.285416666666666,36.27,26.89,65.09208333333333,88.76,2.842083333333333,897.17,31.875,36.9,28.2,27.397438022265636,29.150725917054167,40.17927011891066,51.079258067307215,29.35414503938605,0.0,26.89,30.474999999999998,35.8,31.686111111111114,36.9,31.788333333333334,31.012916666666673,26.756666666666664,1,1,47,33,100.0,64.59,HIGH
Kolkata,22.5726,88.3639,2024-05-17,32.5925,39.31,27.93,63.48041666666666,90.36,3.96625,889.9,32.887499999999996,39.9,28.1,28.263556704756382,30.215439888937212,40.55795317447335,61.82689937695656,35.91347351047371,0.0,27.93,31.15833333333333,37.2,32.076388888888886,39.9,32.0125,31.535416666666674,27.156666666666666,1,1,48,34,100.0,74.62999999999998,SEVERE
Kolkata,22.5726,88.3639,2024-05-18,33.12083333333333,40.12,27.76,60.982499999999995,89.73,3.7395833333333335,729.58,33.40416666666667,41.0,28.7,28.314736249051247,30.270149562626475,40.95052222222222,65.33563280993847,37.37610006944815,0.27,27.76,31.95,39.3,32.72222222222222,41.0,32.269999999999996,32.33291666666667,27.52666666666667,1,1,49,35,100.0,77.76,SEVERE
Kolkata,22.5726,88.3639,2024-05-19,32.96041666666667,39.73,27.83,63.08416666666667,90.99,4.02125,791.65,33.40833333333333,40.2,29.0,28.54383416935478,30.770517754783786,41.299064212975715,64.59936485855425,38.42460258506092,0.08,27.83,32.516666666666666,39.7,33.23333333333333,41.0,32.608333333333334,32.89125000000001,27.840000000000003,1,1,50,36,100.0,75.43,SEVERE
Kolkata,22.5726,88.3639,2024-05-20,32.385,38.98,27.34,66.25541666666668,94.42,3.077916666666667,740.62,33.50833333333333,40.0,28.8,28.422785478233337,30.71772491622858,42.999721792400656,63.3698220916809,38.009392896810645,9.61,27.34,33.25833333333333,39.5,33.44027777777778,41.0,33.016666666666666,32.82208333333334,27.64333333333333,1,1,51,37,100.0,74.34,SEVERE
Kolkata,22.5726,88.3639,2024-05-21,32.037083333333335,37.67,27.56,67.10458333333334,91.22,2.44625,681.17,33.550000000000004,38.9,29.7,28.310271554139046,30.29789764866187,43.18301090793631,62.171096652555434,38.29490841375324,1.93,27.56,33.13333333333333,38.3,33.48888888888889,40.2,33.35166666666667,32.46083333333334,27.576666666666664,1,1,52,38,100.0,71.25999999999999,SEVERE
Kolkata,22.5726,88.3639,2024-05-22,31.509583333333335,37.09,26.64,66.35208333333334,90.57,2.703333333333333,740.47,32.63333333333333,37.7,29.2,27.74812167621216,30.125915174023277,42.762757958755074,58.26475787548401,32.964348821913944,8.34,26.64,32.333333333333336,37.4,33.230555555555554,40.0,33.30083333333333,31.977222222222228,27.179999999999996,1,1,53,39,100.0,66.74000000000001,HIGH
Kolkata,22.5726,88.3639,2024-05-23,32.14,37.95,27.72,65.16041666666666,88.66,2.4883333333333333,932.45,33.56666666666667,38.9,30.5,28.194592637090583,30.579847314366525,43.83511508062462,63.62877244799054,37.78284602851611,1.8900000000000001,27.72,32.733333333333334,37.6,33.25,38.9,33.333333333333336,31.895555555555564,27.30666666666666,1,1,54,40,100.0,71.41999999999999,SEVERE
Kolkata,22.5726,88.3639,2024-05-24,33.02916666666667,39.09,27.98,64.47375,90.92,3.174166666666667,937.95,34.49583333333333,39.4,31.3,28.884365320499697,31.043009971924057,44.069069916431005,62.97450817664174,43.095383096830936,2.77,27.98,33.574999999999996,38.2,33.56527777777777,39.4,33.55083333333333,32.22625000000001,27.44666666666667,1,1,55,41,100.0,73.17999999999999,SEVERE
Kolkata,22.5726,88.3639,2024-05-25,33.200833333333335,38.89,27.92,64.02541666666666,90.84,3.089166666666667,860.97,34.44166666666667,39.7,28.1,29.035924192155065,31.068571895421467,45.15633650645071,67.99383438752588,44.23598347578304,4.41,27.92,32.84166666666667,38.0,34.168055555555554,39.7,33.7375,32.790000000000006,27.873333333333335,1,1,56,42,100.0,74.02000000000001,SEVERE
Kolkata,22.5726,88.3639,2024-05-26,29.68875,32.42,27.48,82.13958333333333,93.05,11.120833333333332,350.05,28.3875,33.1,23.8,27.912552717491877,29.452991275828193,42.11655433202917,44.00380368142299,24.16870758954146,73.06,27.48,27.224999999999998,33.0,32.44166666666667,39.7,32.705,31.972916666666674,27.793333333333333,1,1,57,43,100.0,53.78,HIGH
Kolkata,22.5726,88.3639,2024-05-27,27.917916666666667,29.53,26.75,89.25041666666668,92.93,7.430416666666667,104.85,27.59166666666667,30.2,24.9,26.917347907098332,28.00056380154557,37.29863611795776,25.20702715938259,15.424561705758917,43.81,26.75,27.599999999999998,30.2,30.14027777777778,39.7,31.69666666666667,30.269166666666674,27.383333333333336,0,1,0,44,100.0,44.349999999999994,MODERATE
Kolkata,22.5726,88.3639,2024-05-28,31.327916666666667,35.99,28.11,81.60333333333334,97.0,4.349583333333333,666.67,33.30416666666667,37.6,30.7,29.40487173827644,31.528918854606918,48.213325490668375,67.01717779027231,44.09899635040305,1.0,28.11,32.525,36.9,29.76111111111111,37.6,31.644166666666667,29.644861111111116,27.44666666666667,1,1,1,45,100.0,67.91,HIGH
Kolkata,22.5726,88.3639,2024-05-29,31.539583333333336,36.48,28.69,82.9525,95.92,6.422499999999999,581.72,33.079166666666666,38.2,29.8,29.747372340639824,31.78507507884328,48.998365812522714,69.9842389865496,45.531243149728226,1.15,28.69,32.21666666666667,37.6,31.325,38.2,31.360833333333336,30.261805555555565,27.849999999999998,1,1,2,46,100.0,70.29,SEVERE
Kolkata,22.5726,88.3639,2024-05-30,31.073333333333334,35.42,28.22,81.82083333333334,96.24,6.632083333333333,681.83,31.90833333333333,36.1,28.9,29.170837997357978,30.578621417525056,44.88456089691566,57.524448054817356,39.050685378399066,25.06,28.22,31.125,35.7,32.763888888888886,38.2,30.854166666666664,31.313611111111115,28.34,1,1,3,47,100.0,63.52000000000001,HIGH
Kolkata,22.5726,88.3639,2024-05-31,29.9475,33.8,27.33,85.52041666666666,97.43,4.4575000000000005,415.52,31.3875,35.2,29.3,28.488586370659544,30.123498917497287,44.07006549381083,53.04022531343524,33.70276659596014,9.59,27.33,30.483333333333334,33.5,32.125,38.2,31.454166666666662,30.853472222222226,28.08,1,1,4,48,100.0,59.93000000000001,HIGH
Kolkata,22.5726,88.3639,2024-06-01,30.284583333333334,34.4,27.71,82.41625,95.24,5.05875,824.95,31.075,34.8,28.8,28.49809539480981,30.185319283818313,43.856930696134114,52.21415845678895,33.00881167163522,2.64,27.71,30.458333333333332,34.4,31.456944444444446,36.1,32.15083333333333,30.435138888888897,27.753333333333334,1,1,5,49,100.0,59.10999999999999,HIGH
Kolkata,22.5726,88.3639,2024-06-02,30.23,34.64,27.18,82.15625,96.24,4.525416666666667,756.1,31.349999999999998,35.4,28.5,28.41077166478234,30.368300578040973,44.34292511194012,54.68570617928824,33.17025868180878,0.06999999999999999,27.18,31.083333333333332,35.0,31.270833333333332,35.4,31.759999999999998,30.15402777777778,27.406666666666666,1,1,6,50,100.0,60.379999999999995,HIGH
Kolkata,22.5726,88.3639,2024-06-03,29.623333333333335,32.88,27.25,84.13041666666668,94.93,4.166666666666667,630.78,30.59166666666667,34.4,27.6,28.05538295716157,29.423110892894996,41.80225575789198,47.09335120956801,29.265307780003756,5.88,27.25,29.65833333333333,33.6,31.005555555555556,35.4,31.2625,30.04597222222223,27.38,1,1,7,51,100.0,57.449999999999996,HIGH
Kolkata,22.5726,88.3639,2024-06-04,30.927083333333332,36.35,27.78,78.80291666666666,95.75,3.874166666666667,883.47,32.34583333333333,37.7,28.1,28.666281020378047,30.868264934589867,45.329767288323396,62.79372288057256,37.02223924566193,6.12,27.78,31.375,36.3,31.429166666666664,37.7,31.35,30.260138888888893,27.403333333333332,1,1,8,52,100.0,67.88000000000001,HIGH
Kolkata,22.5726,88.3639,2024-06-05,31.150833333333335,35.82,27.91,77.70375,94.84,2.964166666666667,874.15,33.27916666666666,37.5,30.5,28.78147169606377,30.631601627234282,44.713002393351644,60.797415658530355,40.15774885445279,1.01,27.91,32.90833333333333,37.3,32.07222222222222,37.7,31.72833333333333,30.56708333333334,27.646666666666665,1,1,9,53,100.0,67.41,HIGH
Kolkata,22.5726,88.3639,2024-06-06,30.762916666666666,34.92,27.65,81.8775,96.38,2.8350000000000004,725.62,33.38333333333333,37.6,30.6,28.897581026697498,30.56596356161516,44.97541881361043,61.328689653202375,41.16012153609075,2.5100000000000002,27.65,32.458333333333336,36.6,33.00277777777777,37.7,32.19,30.94694444444445,27.78,1,1,10,54,100.0,67.45,HIGH
Kolkata,22.5726,88.3639,2024-06-07,31.5925,37.16,27.73,75.23208333333334,92.86,4.2,849.08,32.5625,38.7,28.7,28.89405806407966,31.15920174114135,45.95600863994371,66.71109099728815,39.03804138712532,0.27,27.73,31.474999999999998,37.8,33.074999999999996,38.7,32.432500000000005,31.168750000000006,27.763333333333335,1,1,11,55,100.0,70.83000000000001,SEVERE
Kolkata,22.5726,88.3639,2024-06-08,32.03875,38.42,28.23,73.3975,91.36,5.573333333333333,838.58,32.333333333333336,39.3,28.4,29.078677382291094,31.703725100029423,47.309179167229686,71.0213310976793,39.51782616617464,0.0,28.23,30.858333333333334,37.8,32.75972222222222,39.3,32.780833333333334,31.464722222222225,27.87,1,1,12,56,100.0,73.13,SEVERE
Kolkata,22.5726,88.3639,2024-06-09,30.949166666666667,35.09,28.47,79.83791666666667,93.91,4.128333333333333,844.85,32.354166666666664,36.3,29.3,28.86790507870529,30.35652222639463,44.145633677648135,56.728813355399666,38.56223374832317,0.0,28.47,31.575,35.5,32.416666666666664,39.3,32.782500000000006,31.52680555555556,28.143333333333334,1,1,13,57,100.0,64.36999999999999,HIGH
Kolkata,22.5726,88.3639,2024-06-10,31.112916666666667,35.52,28.28,78.02833333333334,91.78,5.0775,848.53,31.670833333333334,36.2,28.7,28.821170486083773,30.541927520445533,44.534621666477655,57.37327966262153,36.582282184411106,0.09,28.28,30.525000000000002,34.9,32.11944444444445,39.3,32.46083333333333,31.366944444444446,28.326666666666664,1,1,14,58,100.0,63.88000000000001,HIGH
Kolkata,22.5726,88.3639,2024-06-11,29.819166666666664,33.76,27.05,82.53041666666667,94.58,4.9975,846.12,30.379166666666666,34.4,28.1,28.081349153843263,30.054625969175113,43.65538568464246,50.646821981127474,28.975626470588594,2.48,27.05,29.583333333333332,32.9,31.468055555555555,36.3,31.860000000000003,30.627083333333335,27.933333333333334,1,1,15,59,100.0,57.24999999999999,HIGH
Kolkata,22.5726,88.3639,2024-06-12,31.145,36.66,27.9,75.3775,94.71,4.989166666666667,732.62,31.641666666666666,36.8,28.4,28.47033610141993,30.55502575902008,44.16433253395913,58.59058382832904,34.258642082060426,3.26,27.9,30.875,35.7,31.230555555555558,36.8,31.675833333333333,30.692361111111115,27.743333333333336,1,1,16,60,100.0,65.29999999999998,HIGH
Kolkata,22.5726,88.3639,2024-06-13,31.224166666666665,35.74,28.51,78.22500000000001,91.63,5.245833333333334,832.33,31.96666666666667,36.7,29.1,28.944569357802308,30.72819929405222,45.17394322194347,59.73802677080316,38.04936578700758,1.22,28.51,30.558333333333334,34.6,31.32916666666667,36.8,31.6025,30.72944444444445,27.820000000000004,1,1,17,61,100.0,65.61000000000001,HIGH
Kolkata,22.5726,88.3639,2024-06-14,31.67,37.68,28.32,76.05541666666666,93.63,4.729583333333333,808.75,32.52916666666667,38.9,29.5,29.067320642540164,31.182751443604612,45.805690699379916,67.15102885201377,40.029316625031484,0.63,28.32,31.516666666666666,37.7,32.04583333333334,38.9,31.6375,31.346388888888896,28.243333333333336,1,1,18,62,100.0,72.01999999999998,SEVERE
Kolkata,22.5726,88.3639,2024-06-15,30.860833333333332,35.51,27.68,79.79458333333334,91.88,4.7995833333333335,739.22,31.900000000000002,36.4,29.1,28.773375383151787,30.87577534281909,45.86874914154956,60.034933977630786,36.8904952003405,3.66,27.68,31.075,35.4,32.13194444444445,38.9,31.68333333333333,31.25166666666667,28.169999999999998,1,1,19,63,100.0,63.879999999999995,HIGH
Kolkata,22.5726,88.3639,2024-06-16,31.633750000000003,36.86,28.52,74.58958333333334,91.4,4.411666666666666,686.58,32.5,37.7,29.4,28.884947687196888,30.947392933403208,45.421305697065854,63.11070549331038,38.97147206686271,0.32,28.52,31.808333333333334,36.8,32.30972222222223,38.9,32.1075,31.38819444444445,28.173333333333332,1,1,20,64,100.0,68.62,HIGH
Kolkata,22.5726,88.3639,2024-06-17,31.156666666666666,34.79,28.99,76.31583333333333,91.87,5.944166666666667,646.47,31.420833333333334,34.4,29.7,28.65276857589797,29.443296217387648,41.310352176259435,46.75459949759918,35.06941911061557,0.06,28.99,30.933333333333334,33.9,31.940277777777784,37.7,32.06333333333333,31.21708333333334,28.396666666666665,1,1,21,65,100.0,59.19,HIGH
Kolkata,22.5726,88.3639,2024-06-18,31.401666666666667,35.16,29.06,76.31916666666667,90.55,6.4991666666666665,490.2,31.820833333333336,35.5,29.5,28.891487111485915,29.956161318726238,42.79160526472933,52.35031462116074,37.49421372413423,0.05,29.06,30.8,34.6,31.913888888888895,37.7,32.034166666666664,31.39736111111112,28.856666666666666,1,1,22,66,100.0,62.559999999999995,HIGH
Kolkata,22.5726,88.3639,2024-06-19,29.4025,30.98,28.24,86.27208333333334,94.9,5.2075000000000005,437.73,30.05,31.2,28.8,28.08000581540232,28.742066486870158,39.685911295614396,34.25742667418821,28.230539651705666,0.19,28.31,30.041666666666668,30.8,31.09722222222223,35.5,31.538333333333334,30.653611111111115,28.786666666666665,0,1,0,67,100.0,48.91,MODERATE
Kolkata,22.5726,88.3639,2024-06-20,30.265416666666667,33.99,27.48,82.32083333333334,96.38,3.785833333333333,600.92,32.141666666666666,36.5,29.0,28.457479035899144,29.857112442739695,43.26948726516995,54.914564618075396,35.54929376141492,9.16,27.48,31.075,32.5,31.337500000000006,36.5,31.586666666666666,30.356527777777785,28.28333333333333,1,1,1,68,100.0,63.98,HIGH
Kolkata,22.5726,88.3639,2024-06-21,29.662916666666664,32.79,27.11,79.14333333333333,95.19,2.3920833333333333,370.55,31.683333333333334,34.1,29.5,27.537907800361964,28.5630464270983,39.258502729026205,41.59870687175247,29.30396029045771,2.41,27.11,31.625,34.1,31.29166666666667,36.5,31.423333333333336,29.77694444444445,27.63333333333333,1,1,2,69,100.0,56.410000000000004,HIGH
Kolkata,22.5726,88.3639,2024-06-22,30.19666666666667,34.27,26.75,76.70333333333333,95.55,2.7570833333333336,718.05,31.90416666666667,35.2,29.8,27.768724623813583,29.456887424109595,41.4451097073777,48.828278578723136,31.05968140040302,1.05,26.75,31.5,35.2,31.90972222222223,36.5,31.52,30.04166666666667,27.113333333333333,1,1,3,70,100.0,59.35000000000001,HIGH
Kolkata,22.5726,88.3639,2024-06-23,30.706249999999997,35.22,27.52,75.81333333333333,94.08,3.2175,709.42,32.11666666666667,36.1,29.0,28.15455661217777,30.101732520653883,43.253816131255036,54.44449664505642,33.77150499113587,3.6,27.52,32.05,35.9,31.901388888888892,36.1,31.579166666666662,30.188611111111115,27.126666666666665,1,1,4,71,100.0,62.82000000000001,HIGH
Kolkata,22.5726,88.3639,2024-06-24,30.145,33.48,27.71,77.5975,91.21,3.998333333333333,770.2,30.766666666666666,33.9,28.7,27.865682743447252,29.157311179832256,40.68986494496053,44.12616392641897,28.942194862914445,0.42000000000000004,27.71,30.216666666666665,33.3,31.595833333333335,36.1,31.722500000000004,30.34930555555556,27.326666666666664,1,1,5,72,100.0,56.41,HIGH
Kolkata,22.5726,88.3639,2024-06-25,30.800833333333333,35.11,27.26,76.7,95.49,3.550416666666667,862.72,32.145833333333336,36.1,29.3,28.359103141722542,30.183068560643076,43.45522576418869,55.10809765078896,34.98657007110467,5.640000000000001,27.26,31.474999999999998,35.1,31.67638888888889,36.1,31.723333333333336,30.550694444444446,27.496666666666666,1,1,6,73,100.0,62.56000000000002,HIGH
Kolkata,22.5726,88.3639,2024-06-26,30.762083333333333,34.79,27.35,77.00625000000001,95.82,3.0195833333333333,687.75,32.63333333333333,35.5,30.1,28.34912063993596,30.022111105689135,43.09155494436123,52.808989790424995,36.1372479846143,2.23,27.35,32.391666666666666,35.4,31.848611111111115,36.1,31.913333333333334,30.56930555555556,27.44,1,1,7,74,100.0,60.85,HIGH
Kolkata,22.5726,88.3639,2024-06-27,29.9575,33.93,27.31,83.06791666666668,96.25,3.96875,617.8,31.645833333333332,34.5,29.3,28.25046102509927,30.059505065796706,43.88169174040554,51.031817610165355,33.05075559989192,12.08,27.31,31.058333333333334,33.5,32.14166666666667,36.1,31.861666666666668,30.50680555555556,27.30666666666667,1,1,8,75,100.0,57.809999999999995,HIGH
Kolkata,22.5726,88.3639,2024-06-28,30.292916666666667,34.34,27.31,81.41416666666667,94.35,3.6783333333333332,386.08,31.84166666666667,35.9,28.8,28.395668467130818,30.304437432747324,44.4966783829223,55.87781523991353,34.51033971177366,12.23,27.31,31.40833333333333,35.9,32.04027777777778,35.9,31.806666666666665,30.337500000000006,27.323333333333334,1,1,9,76,100.0,62.00999999999999,HIGH
Kolkata,22.5726,88.3639,2024-06-29,30.004166666666666,34.07,27.52,83.865,96.57,3.657916666666667,523.5,31.995833333333334,34.6,28.4,28.372409691142106,30.09428718828701,43.70599898899533,51.30981720746567,34.5782345808048,10.969999999999999,27.52,31.474999999999998,34.6,31.827777777777783,35.9,32.052499999999995,30.084861111111113,27.38,1,1,10,77,100.0,58.32000000000001,HIGH
Kolkata,22.5726,88.3639,2024-06-30,29.60291666666667,32.82,27.26,85.03458333333333,94.67,5.14375,398.42,30.045833333333334,34.7,26.9,28.126798359390236,29.509533976185455,42.34520093766745,48.622254917832414,28.424828836910034,14.11,27.26,28.708333333333332,32.7,31.29444444444445,35.9,31.632500000000004,29.966666666666672,27.363333333333333,1,1,11,78,100.0,58.360000000000014,HIGH
Mumbai,19.076,72.8777,2020-04-01,30.18375,39.33,22.01,44.257083333333334,82.33,3.4691666666666667,991.97,28.704166666666666,38.7,20.6,23.315901553761947,27.21985075387525,39.80604999999999,49.54524791379966,15.3703312907319,0.1,22.01,24.974999999999998,35.6,28.704166666666666,38.7,28.704166666666666,30.18375,22.01,1,0,1,0,12.0,43.11000000000001,MODERATE
Mumbai,19.076,72.8777,2020-04-02,31.302916666666665,40.78,23.32,40.01916666666667,75.98,3.6933333333333334,969.22,29.833333333333332,40.3,19.9,23.58018509596892,27.18596034670453,41.281722222222214,54.68459118504112,17.926195262436906,0.0,23.32,26.391666666666666,38.1,29.268749999999997,40.3,29.268749999999997,30.743333333333332,22.665,1,0,2,0,24.0,52.21999999999999,HIGH
Mumbai,19.076,72.8777,2020-04-03,31.089166666666667,40.84,23.41,46.05458333333333,76.08,3.29625,946.22,29.991666666666664,40.7,23.2,24.23380863153086,27.692086940723502,41.40255555555556,57.35022217482752,17.85495923748249,0.0,23.41,26.916666666666668,37.5,29.509722222222223,40.7,29.509722222222223,30.858611111111113,22.913333333333338,1,0,3,0,36.0,56.510000000000005,HIGH
Mumbai,19.076,72.8777,2020-04-04,30.284166666666668,39.52,23.21,49.16416666666667,78.67,2.8837499999999996,981.88,29.733333333333334,39.1,23.8,24.037987591710934,27.49350689541281,40.0270611111111,51.54338770960976,16.114763740656997,0.14,23.21,27.2,37.0,29.852777777777778,40.7,29.565624999999997,30.892083333333332,23.313333333333333,1,0,4,0,48.0,54.51,HIGH
Mumbai,19.076,72.8777,2020-04-05,30.397499999999997,40.01,22.92,50.43125,91.04,2.3979166666666667,991.9,30.337500000000002,39.6,23.7,24.171683541902325,27.3492570998802,40.498694444444446,52.26357349886753,17.220248600383048,0.31,22.92,27.683333333333334,36.9,30.020833333333332,40.7,29.72,30.590277777777775,23.180000000000003,1,0,5,0,60.0,58.72,HIGH
Mumbai,19.076,72.8777,2020-04-06,29.471249999999998,37.67,22.48,58.635416666666664,94.44,2.6329166666666666,979.12,29.433333333333334,36.8,23.3,24.541099546040154,27.27227115360442,38.11347777777778,43.0610119036515,14.184108954119921,0.0,22.48,27.2,35.3,29.834722222222222,39.6,29.86583333333333,30.050972222222217,22.87,1,0,6,0,72.0,52.87999999999998,HIGH
Mumbai,19.076,72.8777,2020-04-07,29.086250000000003,37.4,22.61,52.87416666666667,93.52,3.0108333333333337,991.92,28.516666666666666,36.1,23.9,23.413922024667045,26.541205041328553,37.77182777777777,39.240421887270685,11.98926268859956,0.0,22.61,26.708333333333332,34.4,29.429166666666664,39.6,29.6025,29.651666666666667,22.67,1,0,7,0,84.0,53.91000000000001,HIGH
Mumbai,19.076,72.8777,2020-04-08,28.5825,36.65,21.85,54.63916666666666,94.1,2.796666666666667,996.15,27.933333333333334,35.2,23.0,23.17802003769773,25.977306131600674,36.95022222222222,34.33428554456048,10.22518777378933,0.0,21.85,26.083333333333332,33.1,28.627777777777776,36.8,29.19083333333333,29.046666666666667,22.313333333333333,1,0,8,0,96.0,53.45000000000001,HIGH
Mumbai,19.076,72.8777,2020-04-09,29.112916666666667,37.72,21.41,57.03125,96.5,2.952083333333333,996.5,28.633333333333336,36.9,22.5,23.97318006695011,26.796891601187284,38.12487222222222,41.814476735929006,12.267900651169661,0.0,21.41,26.316666666666666,34.2,28.361111111111114,36.9,28.97083333333334,28.927222222222223,21.956666666666667,1,0,9,0,100.0,59.11,HIGH
Mumbai,19.076,72.8777,2020-04-10,31.315,41.01,22.71,50.29958333333334,89.31,2.9012499999999997,957.08,30.775000000000002,40.9,24.0,24.96651786722077,27.81989803335901,41.5885111111111,58.36131131901226,19.239890614040128,0.02,22.71,28.058333333333334,37.1,29.11388888888889,40.9,29.058333333333337,29.67013888888889,21.99,1,0,10,0,100.0,72.41,SEVERE
Mumbai,19.076,72.8777,2020-04-11,32.76416666666667,42.34,25.63,43.89083333333334,73.7,3.0433333333333334,948.83,32.25416666666667,42.7,25.7,25.577065667120532,29.300152473989385,43.09590000000001,68.64689220457686,25.08031331487149,0.43,25.63,29.183333333333334,39.8,30.55416666666667,42.7,29.622500000000002,31.06402777777778,23.25,1,1,11,1,100.0,80.73,SEVERE
Mumbai,19.076,72.8777,2020-04-12,32.986666666666665,43.45,25.53,47.70333333333334,86.43,2.305833333333333,945.1,33.270833333333336,42.9,25.3,25.72792387612115,28.53710572534079,44.179033333333344,67.65287437111431,27.764918480242827,0.8200000000000001,25.53,30.549999999999997,40.7,32.1,42.9,30.573333333333334,32.35527777777778,24.623333333333335,1,1,12,2,100.0,81.22999999999999,SEVERE
Mumbai,19.076,72.8777,2020-04-13,32.70583333333334,42.84,24.98,53.32875000000001,95.87,2.5875,963.62,33.550000000000004,43.0,26.7,26.24484123331723,28.685172247960537,43.55895000000001,67.95460370040337,29.108065493914257,0.33999999999999997,24.98,31.03333333333333,40.0,33.025000000000006,43.0,31.69666666666667,32.81888888888889,25.38,1,0,13,0,100.0,80.98,SEVERE
Mumbai,19.076,72.8777,2020-04-14,33.03541666666667,43.5,24.96,51.036249999999995,96.96,2.589583333333333,954.67,33.65833333333333,43.6,27.5,26.252722785634997,28.74732664928142,44.25126666666667,70.24308139711962,29.669645590717185,0.2,24.96,30.733333333333334,40.0,33.493055555555564,43.6,32.70166666666667,32.909305555555555,25.156666666666666,1,0,14,0,100.0,82.76,SEVERE
Mumbai,19.076,72.8777,2020-04-15,33.420833333333334,43.11,25.64,50.335,96.51,3.1129166666666666,959.72,34.09583333333333,43.4,26.9,26.605879277941145,29.206379076961973,43.88310555555556,70.80009858354292,32.457536712658886,0.21000000000000002,25.64,31.71666666666667,40.3,33.768055555555556,43.6,33.365833333333335,33.05402777777778,25.19333333333334,1,1,15,1,100.0,82.83999999999999,SEVERE
Mumbai,19.076,72.8777,2020-04-16,32.27,40.93,25.66,55.10708333333333,98.18,2.9316666666666666,934.35,32.983333333333334,41.1,28.6,26.5635225419644,29.325759945861464,41.63419999999999,62.84436477050555,28.08490449575194,0.3,25.66,31.075000000000003,39.2,33.57916666666667,43.6,33.51166666666667,32.908750000000005,25.42,1,1,16,2,100.0,75.96000000000001,SEVERE
Mumbai,19.076,72.8777,2020-04-17,32.26208333333333,40.37,25.24,50.69541666666667,92.15,2.748333333333333,959.03,32.57083333333333,40.4,28.1,26.16962562572218,29.16576426572549,41.051883333333336,60.42070825611364,26.023832370187183,0.16,25.24,30.625,38.4,33.21666666666667,43.4,33.37166666666667,32.65097222222222,25.513333333333332,1,1,17,3,100.0,73.43999999999998,SEVERE
Mumbai,19.076,72.8777,2020-04-18,32.66916666666666,41.54,26.11,49.10833333333333,81.05,3.1374999999999997,993.95,32.895833333333336,41.8,28.2,26.22202790148749,29.25225799678716,42.270472222222224,65.53544548794602,27.25979880204864,0.19,26.11,30.650000000000002,37.9,32.81666666666667,41.8,33.24083333333333,32.400416666666665,25.669999999999998,1,1,18,4,100.0,78.50999999999999,SEVERE
Mumbai,19.076,72.8777,2020-04-19,33.05833333333333,41.01,26.53,45.55041666666667,79.89,3.0491666666666664,939.38,33.02916666666667,41.2,27.6,26.243978787537742,29.606055500695128,41.75666666666666,64.36532596895857,28.333196590267786,0.79,26.53,30.516666666666666,39.3,32.831944444444446,41.8,33.114999999999995,32.663194444444436,25.959999999999997,1,1,19,5,100.0,77.13000000000001,SEVERE
Mumbai,19.076,72.8777,2020-04-20,32.78458333333334,41.41,24.96,41.86208333333334,69.75,3.3016666666666663,989.6,32.32083333333333,41.7,24.5,25.349161083430385,29.038296579925724,42.10945555555554,64.4907737977482,25.431301812545044,0.07,24.96,29.266666666666666,39.3,32.74861111111112,41.8,32.760000000000005,32.83736111111111,25.866666666666664,1,0,20,0,100.0,77.06,SEVERE
Mumbai,19.076,72.8777,2020-04-21,31.655,40.21,24.64,47.78333333333333,91.46,3.3783333333333334,1026.3,31.3125,40.0,23.9,25.027624534784753,28.108552780755467,40.794677777777764,56.32103032294272,20.86145575815495,0.02,24.64,28.866666666666664,38.2,32.22083333333334,41.7,32.42583333333333,32.49930555555556,25.376666666666665,1,0,21,0,100.0,71.64,SEVERE
Mumbai,19.076,72.8777,2020-04-22,32.339999999999996,40.74,24.44,53.70208333333333,92.11,2.96125,966.1,32.8125,40.8,26.7,26.53933767309003,29.307875710586725,41.46071111111112,62.498158532726364,28.099041443132194,0.0,24.44,30.608333333333334,37.9,32.148611111111116,41.7,32.47416666666667,32.259861111111114,24.680000000000003,1,0,22,0,100.0,73.83999999999999,SEVERE
Mumbai,19.076,72.8777,2020-04-23,31.93041666666667,39.5,26.18,55.65958333333333,89.74,3.047083333333333,987.88,32.416666666666664,39.3,28.9,26.478829740519227,29.059743349134205,40.1813111111111,56.89123970923835,26.185422527467637,0.02,26.18,30.991666666666664,37.4,32.18055555555555,40.8,32.37833333333334,31.97513888888889,25.08666666666667,1,1,23,1,100.0,71.07999999999998,SEVERE
Mumbai,19.076,72.8777,2020-04-24,31.265833333333333,38.35,25.72,57.79291666666666,90.98,3.42,993.35,31.40833333333333,37.7,27.8,26.192993034357155,28.395053908129796,38.949733333333334,49.82623418815752,22.21798173949574,0.03,25.72,29.90833333333333,35.8,32.2125,40.8,32.05416666666667,31.845416666666665,25.44666666666667,1,1,24,2,100.0,65.82000000000001,HIGH
Mumbai,19.076,72.8777,2020-04-25,30.692083333333333,38.03,24.66,52.095,86.63,3.3608333333333333,1022.95,30.483333333333334,37.3,26.3,25.016003217611168,28.022147232965967,38.583111111111116,47.388712230298864,17.593135719558475,0.0,24.66,29.075,35.3,31.436111111111114,39.3,31.686666666666667,31.296111111111113,25.52,1,0,25,0,100.0,63.55999999999999,HIGH
Mumbai,19.076,72.8777,2020-04-26,31.202083333333334,39.24,24.29,55.175000000000004,88.43,3.285833333333333,991.33,31.1375,38.8,25.9,25.766582546978768,28.45939640773527,39.84961666666667,53.551768933350736,20.699901505660858,0.0,24.29,29.116666666666664,36.4,31.009722222222223,38.8,31.651666666666664,31.05333333333333,24.889999999999997,1,0,26,0,100.0,67.68999999999998,HIGH
Mumbai,19.076,72.8777,2020-04-27,31.567083333333333,38.71,25.62,56.53333333333333,88.13,3.1979166666666665,973.12,31.675,38.3,28.0,26.495901253914255,29.29865140317738,39.42563333333333,54.45085276025677,24.333178756394304,0.03,25.62,30.21666666666667,36.6,31.098611111111115,38.8,31.424166666666668,31.15375,24.856666666666666,1,1,27,1,100.0,67.52,HIGH
Mumbai,19.076,72.8777,2020-04-28,32.983333333333334,42.43,26.13,54.58083333333334,87.1,3.6904166666666662,961.72,33.291666666666664,43.0,27.7,27.17240816328476,30.160397316298834,43.2703611111111,72.12933204551484,31.945868363780885,0.2,26.13,30.758333333333336,38.8,32.03472222222222,43.0,31.59916666666667,31.9175,25.346666666666664,1,1,28,2,100.0,82.13,SEVERE
Mumbai,19.076,72.8777,2020-04-29,33.05833333333333,42.33,26.52,53.50208333333333,87.81,2.88625,954.05,33.637499999999996,42.8,28.6,27.02842774540558,29.79326564837347,43.103177777777766,70.06846844270495,32.29443034789758,0.23,26.52,31.683333333333334,40.2,32.86805555555555,43.0,32.045,32.536249999999995,26.09,1,1,29,3,100.0,81.91999999999999,SEVERE
Mumbai,19.076,72.8777,2020-04-30,32.08291666666667,41.15,26.49,56.78625,88.68,3.01,946.75,32.65833333333333,41.4,27.7,26.77683388087409,29.768593002037235,41.927116666666656,65.78588045538706,28.186686009935343,0.5,26.49,30.983333333333334,37.9,33.19583333333333,43.0,32.480000000000004,32.708194444444445,26.379999999999995,1,1,30,4,100.0,77.68999999999998,SEVERE
Mumbai,19.076,72.8777,2020-05-01,31.442916666666665,38.98,26.45,61.34375,87.37,3.3241666666666667,943.8,31.84166666666667,38.8,28.1,26.930626278712666,29.67372670137656,39.721066666666665,56.79145063553064,26.317339316516893,1.6,26.45,30.516666666666666,36.8,32.712500000000006,42.8,32.62083333333333,32.19472222222222,26.486666666666665,1,1,31,5,100.0,69.85,HIGH
Mumbai,19.076,72.8777,2020-05-02,31.797083333333333,39.56,26.33,61.2425,88.54,3.4941666666666666,968.15,32.25,39.6,28.4,27.23563971642176,30.214991633460805,40.38857222222222,61.28721161535826,28.737297418874572,0.95,26.33,30.683333333333334,36.9,32.25,41.4,32.73583333333333,31.774305555555557,26.423333333333332,1,1,32,6,100.0,72.13,SEVERE
Mumbai,19.076,72.8777,2020-05-03,32.10166666666667,40.13,25.66,57.528333333333336,89.91,3.81875,992.25,32.208333333333336,40.2,27.9,26.887667151873245,29.625452284980245,40.88162222222223,61.44733270035137,27.33152962559242,0.2,25.66,30.099999999999998,37.1,32.1,40.2,32.51916666666666,31.780555555555555,26.146666666666665,1,1,33,7,100.0,73.26,SEVERE
Mumbai,19.076,72.8777,2020-05-04,31.578333333333333,39.64,25.37,57.440416666666664,93.62,3.23875,1015.0,31.925,39.4,27.7,26.29376285498211,28.779789539788858,40.27865,56.10979374013951,23.95121768118786,0.11,25.37,29.925,36.8,32.12777777777778,40.2,32.17666666666666,31.82569444444444,25.786666666666665,1,1,34,8,100.0,70.57,SEVERE
Mumbai,19.076,72.8777,2020-05-05,32.577083333333334,40.69,25.86,60.509166666666665,94.58,4.085833333333333,964.67,33.104166666666664,41.2,28.6,27.693995361778267,30.326877387682938,41.527388888888886,66.6131442403435,33.08064431397472,0.25,25.86,30.691666666666666,37.6,32.4125,41.2,32.26583333333333,32.08569444444444,25.63,1,1,35,9,100.0,76.46000000000001,SEVERE
Mumbai,19.076,72.8777,2020-05-06,32.85041666666667,41.25,25.28,54.84458333333333,94.74,3.3191666666666664,994.85,33.358333333333334,41.5,27.2,27.05712886996851,29.583068219532784,42.005522222222226,65.49068159610609,31.32640779123355,0.01,25.28,30.916666666666668,39.6,32.795833333333334,41.5,32.56916666666667,32.335277777777776,25.503333333333334,1,1,36,10,100.0,76.78,SEVERE
Mumbai,19.076,72.8777,2020-05-07,32.504583333333336,41.48,24.95,52.22666666666667,92.66,3.3433333333333333,1004.0,32.770833333333336,41.7,26.8,26.343989880934828,29.30383156684415,42.20238333333333,65.06221491094627,27.174094222588792,0.0,24.95,30.183333333333334,39.3,33.07777777777778,41.7,32.67333333333333,32.64402777777778,25.363333333333333,1,0,37,0,100.0,77.05000000000001,SEVERE
Mumbai,19.076,72.8777,2020-05-08,32.03666666666667,40.77,25.27,53.24333333333333,90.61,2.7908333333333335,978.55,32.454166666666666,40.8,28.0,26.159615820443417,29.040225706728176,41.46237777777777,61.696657796513016,25.222050736326565,0.0,25.27,30.46666666666667,37.8,32.861111111111114,41.7,32.7225,32.46388888888889,25.166666666666668,1,1,38,1,100.0,74.66999999999999,SEVERE
Mumbai,19.076,72.8777,2020-05-09,32.382083333333334,41.58,25.74,53.21333333333333,87.37,3.263333333333333,1033.8,32.69583333333333,41.8,28.0,26.446654447906866,29.2245755547277,42.30611666666667,65.42386666972942,27.2636269547081,0.0,25.74,30.349999999999998,37.6,32.64027777777778,41.8,32.876666666666665,32.30777777777777,25.319999999999997,1,1,39,2,100.0,78.13999999999999,SEVERE
Mumbai,19.076,72.8777,2020-05-10,32.47666666666667,41.2,25.68,51.42583333333334,88.8,3.35375,974.7,32.67916666666667,41.4,27.7,26.481535779827027,29.57293476279179,41.94477777777778,65.10966902267486,27.796790225173964,0.03,25.68,30.483333333333334,38.7,32.609722222222224,41.8,32.791666666666664,32.29847222222222,25.563333333333333,1,1,40,3,100.0,76.88,SEVERE
Mumbai,19.076,72.8777,2020-05-11,32.205,41.12,25.63,52.32125,84.88,2.97,998.53,32.63333333333333,41.4,27.6,26.33354548097103,29.96412593307091,41.91709444444444,66.36376427264267,26.85153159711577,0.74,25.63,30.65833333333333,39.4,32.66944444444445,41.8,32.64666666666667,32.35458333333333,25.683333333333334,1,1,41,4,100.0,76.82999999999998,SEVERE
Mumbai,19.076,72.8777,2020-05-12,32.11,40.29,25.36,52.96541666666667,87.4,3.393333333333333,979.65,32.19166666666667,40.1,27.9,26.155929019811186,28.361858956571684,40.90304444444444,57.42518073444935,24.76131427210342,0.07,25.36,30.075,37.3,32.5013888888889,41.4,32.530833333333334,32.263888888888886,25.55666666666667,1,1,42,5,100.0,72.66,SEVERE
Mumbai,19.076,72.8777,2020-05-13,32.138333333333335,39.35,25.97,57.76500000000001,87.79,3.3370833333333336,945.45,32.49583333333333,39.3,28.4,27.156748120737905,29.880290331726997,40.136683333333345,59.31407389373172,29.443639092181417,0.16,25.97,30.724999999999998,36.8,32.44027777777778,41.4,32.53916666666667,32.15111111111111,25.653333333333332,1,1,43,6,100.0,70.86999999999999,SEVERE
Mumbai,19.076,72.8777,2020-05-14,33.541666666666664,41.44,27.35,52.85916666666666,84.32,3.9466666666666668,934.78,33.329166666666666,42.0,27.9,27.81656720600482,31.031752612936216,42.36335555555555,71.45469745233521,34.86232567709034,0.66,27.35,30.708333333333332,39.1,32.672222222222224,42.0,32.66583333333334,32.596666666666664,26.22666666666667,1,1,44,7,100.0,80.35,SEVERE
Mumbai,19.076,72.8777,2020-05-15,32.9225,38.38,28.34,51.30125,72.36,3.4275,934.5,32.53333333333333,38.4,28.4,27.219801088903225,29.64544680784449,39.145405555555556,55.43954619675802,30.022791127841135,0.72,28.34,30.758333333333336,37.1,32.78611111111112,42.0,32.63666666666667,32.8675,27.22,1,1,45,8,100.0,70.53999999999999,SEVERE
Mumbai,19.076,72.8777,2020-05-16,32.185,37.36,27.96,56.072916666666664,80.0,3.9141666666666666,917.1,31.641666666666666,36.8,27.1,27.114091501342866,28.96142275012776,38.05265,48.495268250383276,27.311146256168367,0.26,27.96,30.008333333333336,36.2,32.50138888888889,42.0,32.43833333333333,32.88305555555556,27.883333333333336,1,1,46,9,100.0,65.35999999999999,HIGH
Mumbai,19.076,72.8777,2020-05-17,32.141666666666666,38.14,27.73,56.80833333333334,82.68,4.7683333333333335,869.42,31.44583333333333,37.8,27.4,27.09142301404042,29.276741954536487,38.86286666666667,52.64576209549352,26.645511674598207,0.25,27.73,29.675,35.7,31.873611111111114,38.4,32.28916666666667,32.41638888888889,28.01,1,1,47,10,100.0,68.13,HIGH
Mumbai,19.076,72.8777,2020-05-18,32.083333333333336,38.07,27.34,56.63375,82.68,5.334583333333334,931.53,31.195833333333336,37.8,27.3,26.981851389406927,28.890520753604825,38.73103333333333,51.21870403617653,25.559860991629876,0.02,27.34,29.15833333333333,35.5,31.42777777777778,37.8,32.02916666666666,32.13666666666666,27.676666666666666,1,1,48,11,100.0,67.74,HIGH
Mumbai,19.076,72.8777,2020-05-19,31.501666666666665,38.1,26.43,58.592083333333335,84.79,4.167083333333333,948.22,31.108333333333334,37.8,27.3,26.724993460496833,29.367208541275964,38.83453333333333,52.89252417455252,23.702284662892993,0.0,26.43,29.333333333333332,35.2,31.250000000000004,37.8,31.585,31.908888888888885,27.166666666666668,1,1,49,12,100.0,66.82999999999998,HIGH
Mumbai,19.076,72.8777,2020-05-20,31.946250000000003,39.11,26.46,58.02875,84.27,3.766666666666667,946.65,31.929166666666664,38.9,28.1,27.045208022140017,29.802111845770938,39.88913333333332,57.864277566298306,27.413036367736634,0.0,26.46,30.224999999999998,35.9,31.411111111111115,38.9,31.464166666666664,31.84375,26.74333333333333,1,1,50,13,100.0,70.15999999999998,SEVERE
Mumbai,19.076,72.8777,2020-05-21,32.2825,39.51,27.31,59.27291666666667,81.89,3.9737500000000003,966.45,32.333333333333336,39.6,27.9,27.48700371489814,30.2052746560855,40.33774999999999,61.21386744651736,30.54788468118674,0.0,27.31,30.358333333333334,36.6,31.790277777777785,39.6,31.6025,31.910138888888884,26.733333333333334,1,1,51,14,100.0,73.11,SEVERE
Mumbai,19.076,72.8777,2020-05-22,32.14958333333333,39.46,25.98,57.83625,92.85,3.7862500000000003,981.7,32.43333333333333,39.6,28.8,27.060847587260557,29.643923729969202,40.21042222222221,59.332885108676706,28.649409641202634,0.0,25.98,30.583333333333332,36.5,32.23194444444445,39.6,31.8,32.12611111111111,26.583333333333332,1,1,52,15,100.0,71.78,SEVERE
Mumbai,19.076,72.8777,2020-05-23,32.63,41.13,25.81,56.97541666666667,94.08,3.9970833333333338,997.62,33.208333333333336,41.7,28.7,27.139351826812597,29.398970684198286,41.86412222222222,65.3034337917253,31.48547815633035,0.0,25.81,31.05,38.4,32.65833333333334,41.7,32.2025,32.35402777777778,26.366666666666664,1,1,53,16,100.0,77.91000000000001,SEVERE
Mumbai,19.076,72.8777,2020-05-24,32.84041666666666,40.47,26.76,56.74916666666667,89.62,3.615,969.6,33.19583333333333,40.7,28.8,27.555154692858462,30.331816766989597,41.30784444444445,65.1870541657031,33.136219352511084,0.03,26.76,31.141666666666666,37.2,32.94583333333333,41.7,32.62,32.54,26.183333333333334,1,1,54,17,100.0,75.86000000000001,SEVERE
Mumbai,19.076,72.8777,2020-05-25,32.73375,40.15,27.28,58.437083333333334,85.91,3.3575,967.6,33.30833333333333,40.5,29.2,27.785399179370902,30.855079401554804,41.975334255237044,66.03885173123446,34.386073783898794,0.0,27.28,31.425,37.2,33.237500000000004,41.7,32.895833333333336,32.734722222222224,26.616666666666664,1,1,55,18,100.0,75.78,SEVERE
Mumbai,19.076,72.8777,2020-05-26,32.168749999999996,39.14,27.24,59.805,86.26,3.4920833333333334,958.05,32.50833333333333,39.1,28.6,27.469532033474465,30.21411012952835,41.10220254022369,59.65322163619041,30.920030088744536,0.0,27.24,31.099999999999998,36.9,33.00416666666667,40.7,32.93083333333333,32.580972222222215,27.093333333333334,1,1,56,19,100.0,71.53999999999999,SEVERE
Mumbai,19.076,72.8777,2020-05-27,31.78833333333333,38.34,27.29,60.42791666666667,82.49,3.942083333333333,983.28,31.804166666666664,38.1,28.4,27.244525592437714,29.619107999377267,39.94970408978233,54.42480875911991,28.16957413154026,0.0,27.29,30.425,35.7,32.54027777777778,40.5,32.80499999999999,32.23027777777777,27.27,1,1,57,20,100.0,68.59,HIGH
Mumbai,19.076,72.8777,2020-05-28,31.846666666666668,37.73,27.96,61.879999999999995,79.15,4.461250000000001,975.58,31.666666666666668,37.5,28.7,27.56558475730562,29.791414962981516,41.25844875412062,53.068629870949074,29.62015062215131,0.0,27.96,30.241666666666664,34.9,31.99305555555556,39.1,32.49666666666667,31.934583333333325,27.496666666666666,1,1,58,21,100.0,67.46,HIGH
Mumbai,19.076,72.8777,2020-05-29,32.15416666666667,37.48,28.13,61.16791666666666,78.84,4.21875,961.03,32.13333333333333,37.2,29.2,27.823913952983684,29.863323786234865,41.78367785052258,54.779593151665296,32.43266854221991,0.0,28.13,31.05,35.5,31.86805555555556,38.1,32.284166666666664,31.92972222222222,27.793333333333333,1,1,59,22,100.0,66.73,HIGH
Mumbai,19.076,72.8777,2020-05-30,31.792916666666667,35.54,28.59,63.41291666666667,82.86,3.845833333333333,952.97,31.795833333333334,35.1,28.4,27.804932627401765,29.247296921276963,40.48432563690735,47.21739131766337,31.58941055674572,0.0,28.59,30.958333333333332,34.9,31.865277777777788,37.5,31.981666666666673,31.931250000000002,28.226666666666663,1,1,60,23,100.0,60.89,HIGH
Mumbai,19.076,72.8777,2020-05-31,31.495833333333334,36.51,28.52,62.149166666666666,83.07,3.1933333333333334,946.38,31.745833333333334,36.5,29.0,27.293116225704868,28.486073228996016,37.764637115199,45.27934369537925,28.5709223597346,1.8800000000000001,28.52,30.833333333333332,33.8,31.89166666666667,37.2,31.829166666666662,31.814305555555553,28.413333333333338,1,1,61,24,100.0,65.02,HIGH
Mumbai,19.076,72.8777,2020-06-01,31.175,35.47,27.7,56.856249999999996,75.08,1.2691666666666668,552.38,32.1625,36.1,29.1,26.42381491552642,28.171010271640643,37.90289846360022,43.804969157343436,25.709150010825613,2.37,27.7,30.7,33.3,31.901388888888892,36.5,31.90083333333333,31.487916666666663,28.27,1,1,62,25,100.0,63.000000000000014,HIGH
Mumbai,19.076,72.8777,2020-06-02,29.25708333333333,34.18,25.28,65.72333333333333,88.47,3.47125,255.38,28.537499999999998,32.9,23.0,25.533215582586696,26.77745237649722,35.13613630974534,29.237217032873303,13.619287738976064,31.58,25.28,26.625,31.4,30.815277777777784,36.5,31.275,30.642638888888882,27.166666666666668,1,1,63,26,100.0,50.98,HIGH
Mumbai,19.076,72.8777,2020-06-03,27.69,30.67,25.44,83.85166666666667,91.41,7.2250000000000005,324.38,26.2,30.1,23.6,26.15052727320264,27.127053456717007,35.486050549886016,21.51033476135626,9.70615877519214,68.63,25.44,24.775000000000002,28.1,28.96666666666667,36.1,30.08833333333333,29.374027777777773,26.14,0,1,0,27,100.0,42.74,MODERATE
Mumbai,19.076,72.8777,2020-06-04,27.26375,28.97,24.84,89.1675,100.0,3.3995833333333336,669.05,28.287499999999998,29.4,24.8,26.274653417850555,27.160673497677756,34.73356551236772,20.706860069005195,12.928742767411576,36.4,24.84,27.650000000000002,28.8,27.675000000000008,32.9,29.386666666666667,28.070277777777775,25.186666666666667,0,0,0,0,0.0,15.039999999999996,LOW
Mumbai,19.076,72.8777,2020-06-05,28.38,32.92,24.62,76.21666666666667,100.0,3.765,880.72,28.179166666666664,31.4,26.6,25.907524528386976,27.107812525148926,35.480061685951824,27.197404258883143,11.324605105993712,9.59,24.62,27.5,30.4,27.55555555555556,31.4,28.67333333333333,27.777916666666666,24.96666666666667,0,0,0,0,0.0,20.819999999999993,LOW
Mumbai,19.076,72.8777,2020-06-06,28.734166666666667,32.45,25.7,81.81833333333333,96.55,4.160833333333334,865.22,29.233333333333334,31.6,26.7,26.93148792893426,28.342450065121977,38.42134102158566,33.958951083701294,19.2232414620423,11.58,25.7,28.641666666666666,30.4,28.566666666666674,31.6,28.0875,28.12597222222222,25.05333333333333,0,1,0,1,13.333333333333332,25.833333333333336,MODERATE
Mumbai,19.076,72.8777,2020-06-07,27.922083333333333,30.61,24.78,86.90708333333333,100.0,3.0558333333333336,875.03,29.349999999999998,31.2,26.8,26.68528715342669,27.732715482862925,36.71541052353881,29.421565848516977,17.890580684769798,14.19,24.78,28.65833333333333,30.6,28.920833333333338,31.6,28.25,28.345416666666665,25.03333333333333,0,0,0,0,0.0,20.38,LOW
Mumbai,19.076,72.8777,2020-06-08,27.771666666666665,32.56,23.77,69.25833333333334,100.0,2.9012499999999997,736.2,27.608333333333334,30.6,24.4,24.50437347021861,25.741342739132534,33.156771857783205,18.82774287633952,7.095362358764063,9.51,23.77,26.71666666666667,29.7,28.730555555555565,31.6,28.531666666666666,28.142638888888886,24.75,0,0,0,0,0.0,17.570000000000004,LOW
Mumbai,19.076,72.8777,2020-06-09,27.32375,30.75,23.71,76.98625,90.86,3.3608333333333333,780.2,27.316666666666666,29.5,24.3,25.08532032535346,27.119604247928088,35.28817053855572,22.107853873914685,8.15267753648183,6.22,23.71,26.866666666666664,29.5,28.091666666666672,31.2,28.3375,27.672499999999996,24.086666666666662,0,0,0,0,0.0,14.21,LOW
Mumbai,19.076,72.8777,2020-06-10,27.91208333333333,31.1,24.84,81.29125,94.81,3.377083333333333,868.8,28.52916666666667,30.5,26.8,26.105909179915844,27.57593621457857,36.40750720771305,27.09579714217565,13.295468914024235,8.41,24.84,28.233333333333334,30.0,27.818055555555564,30.6,28.4075,27.669166666666666,24.106666666666666,0,0,0,0,0.0,18.34,LOW
Mumbai,19.076,72.8777,2020-06-11,28.546666666666667,31.73,25.98,82.64416666666666,95.99,3.296666666666667,682.72,29.59166666666667,31.8,28.1,26.850753181652834,28.15805089171787,38.00201951251391,33.541126164296145,19.715386536480192,7.13,25.98,29.125,31.2,28.479166666666675,31.8,28.479166666666668,27.9275,24.843333333333334,0,1,0,1,13.333333333333332,26.713333333333335,MODERATE
Mumbai,19.076,72.8777,2020-06-12,28.04375,31.45,25.48,84.16375000000001,95.75,3.1995833333333334,622.7,28.96666666666667,32.9,26.3,26.520458561470434,27.995047124678848,37.6244800909239,34.891874112784286,16.315109488781136,11.870000000000001,25.48,28.25,31.9,29.02916666666668,32.9,28.402499999999996,28.1675,25.433333333333334,1,1,1,2,38.666666666666664,35.84666666666666,MODERATE
Mumbai,19.076,72.8777,2020-06-13,27.467916666666667,29.89,25.38,87.05,96.28,2.4658333333333333,681.47,29.270833333333332,32.2,27.1,26.26360915022035,27.364079444775868,35.65818408061446,30.115860922593765,15.324927873483029,25.55,25.38,28.625,30.7,29.2763888888889,32.9,28.735000000000003,28.019444444444446,25.613333333333333,1,1,2,3,64.0,39.980000000000004,MODERATE
Mumbai,19.076,72.8777,2020-06-14,28.042083333333334,31.26,26.08,86.00291666666668,96.74,3.0070833333333336,820.95,29.604166666666668,31.7,28.0,26.720652153605187,28.317319872560017,38.42968756347654,34.14081836852921,18.68774857526113,10.44,26.08,29.883333333333336,31.7,29.280555555555566,32.9,29.192500000000003,27.851249999999997,25.646666666666665,0,1,0,4,53.33333333333333,36.51333333333333,MODERATE
Mumbai,19.076,72.8777,2020-06-15,27.8075,31.07,25.5,89.16083333333334,96.73,3.5370833333333334,524.7,29.212500000000002,33.9,26.2,26.80304087863982,28.616474369330522,39.36961328627114,41.35560857431429,17.959574223194224,27.34,25.5,29.258333333333336,32.3,29.362500000000008,33.9,29.32916666666667,27.772499999999997,25.653333333333332,1,1,1,5,78.66666666666667,48.86666666666666,MODERATE
Mumbai,19.076,72.8777,2020-06-16,27.42625,29.79,25.51,88.47500000000001,96.72,3.266666666666667,858.0,28.516666666666666,29.9,27.5,26.37078965318851,27.50162033816349,35.893546986325134,24.755679557942152,13.527127477728868,12.02,25.51,28.3,29.5,29.111111111111118,33.9,29.114166666666666,27.758611111111108,25.69666666666667,0,1,0,6,80.0,37.21,MODERATE
Mumbai,19.076,72.8777,2020-06-17,27.99875,30.72,26.27,87.95958333333334,96.59,4.1120833333333335,754.15,28.566666666666666,30.5,26.3,26.877986448635557,28.13289791994344,37.84024074340462,30.074990058443028,16.6126216890833,14.71,26.27,27.508333333333336,29.8,28.765277777777783,33.9,29.03416666666667,27.74416666666666,25.76,0,1,0,7,93.33333333333334,43.10333333333334,MODERATE
Mumbai,19.076,72.8777,2020-06-18,27.91916666666667,30.15,26.27,89.13458333333334,96.56,5.242500000000001,459.0,28.133333333333336,29.8,26.3,26.9158556004211,28.070770855511967,37.590787131870364,27.421692681205784,15.804845363145338,36.04,26.27,27.308333333333334,28.7,28.405555555555562,30.5,28.806666666666665,27.781388888888888,26.016666666666666,0,1,0,8,100.0,42.67,MODERATE
Mumbai,19.076,72.8777,2020-06-19,28.438333333333333,31.22,26.22,86.63791666666667,96.38,3.84125,832.8,29.5,31.3,27.5,27.176259785883044,28.584399412116337,39.16224951700403,34.57906738156991,20.940736352576774,6.78,26.22,28.90833333333333,31.2,28.733333333333338,31.3,28.785833333333336,28.118750000000002,26.25333333333333,0,1,0,9,100.0,47.12,MODERATE
Mumbai,19.076,72.8777,2020-06-20,28.205833333333334,30.89,26.34,85.98916666666666,95.66,3.975,868.1,28.954166666666666,30.4,27.7,26.886708444829225,28.171431654585035,37.97796636957204,30.06035267642644,17.980123087589444,4.3,26.34,28.40833333333333,29.9,28.862500000000008,31.3,28.734166666666663,28.18777777777778,26.276666666666667,0,1,0,10,100.0,44.53999999999999,MODERATE
Mumbai,19.076,72.8777,2020-06-21,27.837500000000002,30.3,26.12,86.71833333333335,94.62,4.016666666666667,882.03,28.354166666666668,29.8,26.7,26.607618829082067,27.86098103680103,36.98175592042786,26.762730867296874,14.801448626621847,6.98,26.12,27.858333333333334,29.8,28.936111111111117,31.3,28.701666666666664,28.160555555555558,26.22666666666667,0,1,0,11,100.0,42.52000000000001,MODERATE
Mumbai,19.076,72.8777,2020-06-22,28.360833333333332,31.53,26.14,83.29541666666667,95.83,4.317916666666666,844.0,28.587500000000002,30.8,26.8,26.744621096907448,28.154983006508992,37.9340572570863,30.972824895254195,16.499460161297762,4.61,26.14,27.666666666666668,29.8,28.631944444444454,30.8,28.705833333333334,28.134722222222223,26.200000000000003,0,1,0,12,100.0,45.540000000000006,MODERATE
Mumbai,19.076,72.8777,2020-06-23,28.159166666666668,31.76,25.53,83.76041666666667,96.06,4.779583333333333,827.38,27.870833333333334,31.0,25.6,26.581110067523955,28.208251146310126,38.098362469189,31.7755034121382,13.78737181647248,3.37,25.53,26.71666666666667,29.4,28.270833333333343,31.0,28.65333333333333,28.11916666666666,25.930000000000003,0,1,0,13,100.0,45.53,MODERATE
Mumbai,19.076,72.8777,2020-06-24,28.345416666666665,31.97,25.48,83.03208333333333,97.58,3.5887499999999997,819.45,29.191666666666666,31.6,25.8,26.685255314071625,28.413828496076178,38.65492696776657,34.37620459063425,17.522908151406877,1.39,25.48,28.191666666666666,30.6,28.550000000000008,31.6,28.59166666666667,28.288472222222214,25.71666666666667,0,1,0,14,100.0,47.28,MODERATE
Mumbai,19.076,72.8777,2020-06-25,28.780416666666667,32.34,25.84,84.11749999999999,97.62,2.8245833333333334,888.9,30.670833333333334,33.1,28.8,27.23372600018901,28.782184890829186,39.68278779868322,39.95898147465737,24.33702179760485,2.69,25.84,30.141666666666666,32.8,29.24444444444445,33.1,28.935000000000002,28.42833333333333,25.616666666666664,1,1,1,15,100.0,52.14,HIGH
Mumbai,19.076,72.8777,2020-06-26,27.307083333333335,29.17,25.35,86.26416666666667,95.99,2.2741666666666664,712.72,29.204166666666666,30.1,27.8,26.037870616700204,26.637691139239948,33.712123562095954,18.637782056772,14.23068374596074,2.65,25.35,29.03333333333333,29.7,29.688888888888897,33.1,29.105,28.14430555555555,25.55666666666667,0,1,0,16,100.0,42.650000000000006,MODERATE
Mumbai,19.076,72.8777,2020-06-27,27.93166666666667,30.94,25.35,85.05666666666666,95.91,2.44625,815.3,29.829166666666666,31.9,27.8,26.51616592047971,27.896197260482843,37.207257319061114,31.56398981218618,18.118358961500885,9.16,25.35,29.775000000000002,31.9,29.9013888888889,33.1,29.353333333333335,28.00638888888889,25.513333333333335,0,1,0,17,100.0,48.05,MODERATE
Mumbai,19.076,72.8777,2020-06-28,28.137083333333333,31.08,25.89,85.90083333333332,97.29,2.3554166666666667,795.33,30.366666666666664,32.0,29.1,26.79564842983295,28.14953106818521,37.91005021449532,33.9355933910733,20.763471174953477,18.09,25.89,30.008333333333336,31.6,29.800000000000008,32.0,29.8525,27.791944444444443,25.53,1,1,1,18,100.0,48.89,MODERATE
Mumbai,19.076,72.8777,2020-06-29,28.207916666666666,31.69,25.81,86.96291666666667,97.05,2.81125,875.22,30.204166666666666,33.2,28.2,26.97475276728319,28.75891692885176,39.68578199197382,40.057865562184695,21.393722103990054,41.8,25.81,30.400000000000002,33.2,30.13333333333334,33.2,30.055,28.09222222222222,25.683333333333337,1,1,2,19,100.0,52.41000000000001,HIGH
Mumbai,19.076,72.8777,2020-06-30,26.952083333333334,29.87,25.17,88.87833333333333,96.55,2.8491666666666666,851.8,28.375,31.1,26.3,25.95097488647158,27.43129477797637,35.77359963464504,26.673101407533487,11.29533124746461,17.3,25.17,28.608333333333334,31.1,29.64861111111112,33.2,29.59583333333333,27.76569444444444,25.623333333333335,0,1,0,20,100.0,45.470000000000006,MODERATE
Mumbai,19.076,72.8777,2021-04-01,28.88291666666667,37.19,23.03,63.34791666666666,97.23,2.6183333333333336,987.58,29.195833333333336,36.0,25.1,24.593445612724793,27.50068625032724,37.67112222222222,41.71155633552279,13.504956538410575,0.03,23.03,27.3,33.4,29.25833333333334,36.0,29.594166666666666,28.014305555555552,24.669999999999998,1,0,1,0,12.0,36.03,MODERATE
Mumbai,19.076,72.8777,2021-04-02,29.102083333333336,37.56,23.05,57.9,96.56,2.2191666666666667,976.97,29.266666666666666,36.7,25.2,24.106418520312463,26.728245107424897,37.955400000000004,41.461170104883394,12.693936284478445,0.0,23.05,27.391666666666666,34.2,28.94583333333334,36.7,29.481666666666666,28.312361111111112,23.75,1,0,2,0,24.0,41.150000000000006,MODERATE
Mumbai,19.076,72.8777,2021-04-03,29.019166666666667,37.33,23.05,58.73374999999999,87.94,2.6675,972.25,28.870833333333334,36.6,24.9,24.341374788411205,27.597707370115515,37.813894444444436,43.27342057883176,12.525856489944452,0.0,23.05,26.983333333333334,33.9,29.111111111111118,36.7,29.182499999999997,29.001388888888886,23.043333333333333,1,0,3,0,36.0,43.849999999999994,MODERATE
Mumbai,19.076,72.8777,2021-04-04,29.865416666666665,38.13,23.63,56.684583333333336,88.01,2.6870833333333333,966.97,29.883333333333336,37.5,25.4,24.82062226088558,27.978854244159553,38.669872222222224,47.6396134977957,15.82008743149119,0.0,23.63,27.849999999999998,35.1,29.340277777777786,37.5,29.118333333333332,29.328888888888883,23.243333333333336,1,0,4,0,48.0,50.12999999999999,HIGH
Mumbai,19.076,72.8777,2021-04-05,30.423333333333332,39.29,24.08,50.2525,84.14,3.091666666666667,979.85,29.95,38.9,23.4,24.558195270135425,28.448512680785196,39.894172222222224,53.70279622655057,17.151289597161288,0.0,24.08,27.650000000000002,37.1,29.56805555555556,38.9,29.433333333333337,29.76930555555555,23.58666666666667,1,0,5,0,60.0,57.77999999999999,HIGH
Mumbai,19.076,72.8777,2021-04-06,31.267083333333332,41.3,23.66,46.74041666666667,77.04,3.43875,962.8,30.541666666666668,41.2,22.6,24.484617747868896,28.043791342175293,41.8986,60.086678374351976,19.497120023020813,0.0,23.66,27.150000000000002,38.0,30.12500000000001,41.2,29.702500000000004,30.51861111111111,23.790000000000003,1,0,6,0,72.0,67.26,HIGH
Mumbai,19.076,72.8777,2021-04-07,31.44458333333333,40.76,23.52,45.57416666666666,84.4,3.174583333333333,969.78,30.870833333333334,40.3,23.0,24.370298807088574,27.366070662324425,41.27460555555555,54.87191730098294,19.068518986706813,0.01,23.52,27.991666666666664,38.6,30.45416666666667,41.2,30.023333333333333,31.044999999999998,23.753333333333334,1,0,7,0,84.0,67.41999999999999,HIGH
Mumbai,19.076,72.8777,2021-04-08,30.410416666666666,38.32,24.24,55.01333333333333,89.88,2.3916666666666666,815.47,30.695833333333336,37.7,26.3,25.063874848022405,27.95972714805978,38.85328333333334,48.08421198711415,17.95370490259872,0.05,24.24,29.0,35.9,30.702777777777786,41.2,30.388333333333332,31.04069444444444,23.80666666666667,1,0,8,0,96.0,63.34,HIGH
Mumbai,19.076,72.8777,2021-04-09,30.956666666666667,39.64,23.78,48.053333333333335,92.39,2.58625,956.47,30.599999999999998,39.1,25.8,24.403745503141394,26.860230601728844,40.08882222222222,49.71227634624933,16.86821212560741,0.04,23.78,28.366666666666664,36.1,30.72222222222223,40.3,30.531666666666666,30.937222222222218,23.846666666666664,1,0,9,0,100.0,68.08,HIGH
Mumbai,19.076,72.8777,2021-04-10,31.602083333333336,39.66,24.83,44.815,78.63,2.42125,938.47,31.3625,39.2,26.0,24.732863759059754,27.460730693727598,40.15782222222222,51.525461161487975,19.752241379253807,0.24,24.83,29.275000000000002,37.0,30.88611111111112,39.2,30.814166666666672,30.989722222222223,24.28333333333333,1,0,10,0,100.0,69.43,HIGH
Mumbai,19.076,72.8777,2021-04-11,32.13291666666667,40.82,25.37,46.138749999999995,84.33,2.0595833333333333,939.83,32.18333333333333,40.8,27.5,25.22193474448193,27.78179706057356,41.386561111111114,57.75272273605913,22.814405276676286,0.8,25.37,29.483333333333334,36.4,31.381944444444446,40.8,31.142500000000002,31.563888888888886,24.66,1,1,11,1,100.0,74.77,SEVERE
Mumbai,19.076,72.8777,2021-04-12,32.2825,40.39,25.22,43.70583333333334,85.6,2.3433333333333333,998.03,32.1875,40.3,27.6,25.18589480850984,28.225971348422668,40.99189444444445,57.59477877956752,23.312089596973085,0.66,25.22,30.058333333333334,37.9,31.911111111111115,40.8,31.405833333333334,32.005833333333335,25.14,1,1,12,2,100.0,73.11999999999999,SEVERE
Mumbai,19.076,72.8777,2021-04-13,32.695,40.42,26.58,40.994166666666665,69.14,2.0779166666666664,817.97,32.49583333333333,40.2,27.3,25.166447861880602,27.7613059174026,40.97841666666667,55.93906267974403,23.99753251258457,1.27,26.58,29.883333333333336,37.4,32.28888888888889,40.8,31.76583333333333,32.37013888888888,25.723333333333333,1,1,13,3,100.0,74.18,SEVERE
Mumbai,19.076,72.8777,2021-04-14,31.892083333333332,39.59,25.81,43.08041666666667,65.89,2.6149999999999998,910.6,31.416666666666668,39.4,26.4,24.86563259087249,27.873559472876092,40.139833333333335,53.19946924858091,20.501468033436094,0.72,25.81,29.34166666666667,37.2,32.03333333333334,40.3,31.929166666666667,32.289861111111115,25.869999999999994,1,1,14,4,100.0,71.00999999999999,SEVERE
Mumbai,19.076,72.8777,2021-04-15,31.241666666666664,38.96,25.18,45.63041666666667,78.25,2.53125,964.97,31.045833333333334,38.4,26.6,24.60896355147993,27.45477009053016,39.45336111111111,49.193319933426224,18.631779451855586,0.21,25.18,29.325000000000003,36.7,31.652777777777782,40.2,31.86583333333333,31.942916666666665,25.856666666666666,1,1,15,5,100.0,67.38,HIGH
Mumbai,19.076,72.8777,2021-04-16,30.677916666666665,38.77,24.07,51.43333333333334,87.81,3.3375,975.22,30.21666666666667,38.0,25.1,24.740863510806022,27.509896284417017,39.26681666666667,48.196485954700336,16.613478494252643,0.12000000000000001,24.07,28.075,35.7,30.893055555555563,39.4,31.472500000000004,31.27055555555555,25.02,1,0,16,0,100.0,65.07,HIGH
Mumbai,19.076,72.8777,2021-04-17,31.214166666666667,39.27,23.69,50.68083333333333,89.91,3.702916666666667,977.15,30.6875,38.9,24.8,25.124931946567212,28.137705935627118,39.84345,52.83133519818569,19.011496611456856,0.0,23.69,27.974999999999998,36.4,30.650000000000006,38.9,31.172500000000003,31.044583333333332,24.313333333333333,1,0,17,0,100.0,67.38999999999999,HIGH
Mumbai,19.076,72.8777,2021-04-18,32.04833333333333,40.78,24.61,50.06625,83.75,3.1558333333333333,964.05,31.995833333333334,40.8,25.4,25.755247574727466,28.701136101340882,41.43760555555556,60.40784791754922,23.789778728279344,0.0,24.61,29.525000000000002,38.5,30.96666666666667,40.8,31.0725,31.31347222222222,24.123333333333335,1,0,18,0,100.0,74.00999999999999,SEVERE
Mumbai,19.076,72.8777,2021-04-19,30.949583333333333,38.67,25.24,55.355,87.99,2.515833333333333,984.83,31.379166666666666,38.1,27.7,25.51956161598609,28.098951273774286,39.226794444444444,50.00763889998014,20.334454206474504,0.0,25.24,29.891666666666666,36.5,31.35416666666667,40.8,31.065000000000005,31.404027777777774,24.513333333333332,1,1,19,1,100.0,66.54,HIGH
Mumbai,19.076,72.8777,2021-04-20,30.936666666666667,38.31,25.19,53.80708333333333,88.52,2.9179166666666667,972.5,30.95,37.5,27.4,25.40245825336588,27.875374509630394,38.84593888888889,47.67693995401195,18.94677098574332,0.0,25.19,29.375,35.4,31.441666666666674,40.8,31.045833333333338,31.311527777777773,25.013333333333335,1,1,20,2,100.0,64.69,HIGH
Mumbai,19.076,72.8777,2021-04-21,29.524583333333336,35.69,24.67,59.242916666666666,90.44,2.6125,895.22,29.541666666666668,34.3,26.3,24.946922181278797,26.821315305621674,36.10833333333332,34.13423577193747,13.317714471934565,0.56,24.67,28.333333333333332,32.3,30.623611111111117,38.1,30.910833333333336,30.470277777777778,25.033333333333335,1,0,21,0,100.0,54.56999999999999,HIGH
Mumbai,19.076,72.8777,2021-04-22,31.031666666666666,39.88,24.43,54.80416666666667,91.94,2.8383333333333334,780.8,31.05,39.7,26.2,25.480588666634677,28.12771128996279,40.46405555555555,55.341008266023636,19.923667646428836,0.06,24.43,28.491666666666664,35.1,30.513888888888896,39.7,30.983333333333338,30.497638888888886,24.763333333333335,1,0,22,0,100.0,70.53,SEVERE
Mumbai,19.076,72.8777,2021-04-23,30.787916666666664,38.81,24.95,48.82916666666667,82.7,2.8695833333333334,881.03,30.454166666666666,38.2,26.7,24.609186362569954,27.432295854506016,39.29958888888889,48.492182249508396,16.903349823928064,0.0,24.95,28.758333333333336,36.2,30.348611111111115,39.7,30.675,30.448055555555552,24.683333333333337,1,0,23,0,100.0,66.55,HIGH
Mumbai,19.076,72.8777,2021-04-24,30.92958333333333,38.91,24.76,46.845416666666665,75.16,2.785,923.97,30.52916666666667,38.2,25.6,24.501580839064385,27.372716840521228,39.39496666666665,48.396382405621644,17.08105247673348,0.07,24.76,28.541666666666668,35.8,30.67777777777778,39.7,30.505000000000003,30.916388888888886,24.713333333333335,1,0,24,0,100.0,66.36,HIGH
Mumbai,19.076,72.8777,2021-04-25,32.317083333333336,41.04,24.38,52.78916666666667,92.0,2.952916666666667,921.1,32.74583333333333,41.2,25.1,26.3153783781581,28.950491755829894,41.712116666666674,62.14901349078636,27.78132843059416,0.46,24.38,30.474999999999998,38.7,31.24305555555556,41.2,30.864166666666666,31.34486111111111,24.69666666666667,1,0,25,0,100.0,74.98,SEVERE
Mumbai,19.076,72.8777,2021-04-26,31.440833333333334,37.65,26.34,56.40833333333333,92.03,2.3537500000000002,913.67,31.995833333333334,37.2,28.6,26.42237215194444,28.723465109626105,38.30219444444444,48.99839049796044,24.86948784017663,0.48,26.34,30.491666666666664,36.0,31.756944444444446,41.2,31.355,31.5625,25.16,1,1,26,1,100.0,64.94000000000001,HIGH
Mumbai,19.076,72.8777,2021-04-27,31.772916666666664,39.42,26.36,49.89833333333333,80.95,2.138333333333333,944.47,32.0625,39.2,27.9,25.761328570564263,28.635277834990006,40.051794444444454,55.255219978399985,23.692100887844287,0.65,26.36,30.375,37.0,32.268055555555556,41.2,31.557499999999997,31.843611111111112,25.69333333333333,1,1,27,2,100.0,70.96000000000001,SEVERE
Mumbai,19.076,72.8777,2021-04-28,31.5675,38.87,26.14,49.95583333333334,80.35,2.526666666666667,922.9,31.650000000000002,38.3,27.6,25.467527088726914,27.793378246988446,39.40083888888889,49.913472905216544,21.289839446645964,0.24,26.14,29.775000000000002,36.0,31.902777777777782,39.2,31.796666666666663,31.593749999999996,26.28,1,1,28,3,100.0,68.03999999999999,HIGH
Mumbai,19.076,72.8777,2021-04-29,31.635,39.56,25.91,52.35041666666667,81.98,2.7270833333333333,919.67,31.77916666666667,39.3,28.1,26.000599413810452,29.04080425510136,40.240783333333326,56.88613740298523,23.259986547497945,0.5,25.91,30.21666666666667,36.6,31.830555555555563,39.3,32.04666666666667,31.65847222222222,26.136666666666667,1,1,29,4,100.0,70.80999999999999,SEVERE
Mumbai,19.076,72.8777,2021-04-30,32.38583333333333,39.24,26.57,46.45333333333334,72.23,2.7975,862.42,32.137499999999996,39.0,27.9,25.98014766735666,28.95084293843047,39.909150000000004,55.57787664137837,24.80791672559833,0.26,26.57,30.291666666666668,37.3,31.855555555555558,39.3,31.925,31.862777777777776,26.206666666666667,1,1,30,5,100.0,70.57,SEVERE
Mumbai,19.076,72.8777,2021-05-01,32.880833333333335,39.26,27.47,46.27625,67.57,2.6870833333333333,639.22,32.80833333333333,39.3,27.9,26.31161843888429,28.6308146294948,39.89433333333333,55.104907656600346,27.787944156565203,0.65,27.47,30.650000000000002,38.3,32.24166666666667,39.3,32.0875,32.300555555555555,26.649999999999995,1,1,31,6,100.0,72.36999999999999,SEVERE
Mumbai,19.076,72.8777,2021-05-02,32.32083333333333,38.57,26.89,48.46208333333333,73.65,2.152083333333333,814.38,32.475,38.6,27.7,26.20837417799739,28.706721366354266,39.19982777777777,52.97604005240242,26.15763090480216,2.13,26.89,30.958333333333332,38.4,32.47361111111111,39.3,32.17,32.52916666666666,26.97666666666667,1,1,32,7,100.0,69.69,HIGH
Mumbai,19.076,72.8777,2021-05-03,32.58,39.76,26.51,49.062916666666666,75.43,2.6054166666666667,907.12,32.550000000000004,40.1,27.9,26.476347804339024,29.53923360862937,40.50125555555556,60.60792304811034,27.262767517926772,0.79,26.51,30.433333333333334,37.4,32.611111111111114,40.1,32.35,32.593888888888884,26.956666666666667,1,1,33,8,100.0,73.81,SEVERE
Mumbai,19.076,72.8777,2021-05-04,32.74875,39.97,27.12,47.10458333333333,74.68,2.785833333333333,967.7,32.725,40.0,28.6,26.351592775131223,29.302867218688643,40.682644444444435,59.80655334688717,27.455219345946375,0.71,27.12,30.8,37.3,32.583333333333336,40.1,32.53916666666667,32.549861111111106,26.840000000000003,1,1,34,9,100.0,74.12,SEVERE
Mumbai,19.076,72.8777,2021-05-05,32.54875,39.73,26.93,51.14416666666667,80.94,2.922083333333333,920.53,32.75416666666667,39.7,28.9,26.67944254149216,29.733794094619213,40.49567222222222,60.1867494336161,28.347409660493785,1.24,26.93,30.825,37.6,32.6763888888889,40.1,32.6625,32.625833333333325,26.853333333333335,1,1,35,10,100.0,73.03,SEVERE
Mumbai,19.076,72.8777,2021-05-06,32.33083333333333,39.35,26.75,54.345416666666665,82.84,2.5091666666666668,913.97,32.94166666666667,39.2,29.2,26.867176178331857,29.423454685096544,40.07819444444445,57.642707050458725,29.440529066640917,0.8200000000000001,26.75,31.400000000000002,37.6,32.80694444444445,40.0,32.689166666666665,32.54277777777777,26.933333333333334,1,1,36,11,100.0,71.35000000000001,SEVERE
Mumbai,19.076,72.8777,2021-05-07,32.58875,39.43,27.1,50.07333333333333,82.18,2.4529166666666664,924.85,32.90833333333333,39.3,29.4,26.569464446348906,29.27914417103536,40.13956111111111,57.51313782711573,28.36166096809974,0.51,27.1,31.25,37.6,32.868055555555564,39.7,32.77583333333333,32.489444444444445,26.926666666666666,1,1,37,12,100.0,72.0,SEVERE
Mumbai,19.076,72.8777,2021-05-08,32.87208333333333,40.42,27.54,51.04833333333334,77.8,2.597916666666667,898.08,33.375,40.6,29.4,26.885555705628565,29.73101745363768,41.18652222222222,63.02915864110628,31.028685540317213,0.23,27.54,31.7,38.1,33.07500000000001,40.6,32.94083333333333,32.597222222222214,27.13,1,1,38,13,100.0,76.34,SEVERE
Mumbai,19.076,72.8777,2021-05-09,32.535833333333336,39.38,27.32,52.72666666666667,77.96,2.766666666666667,906.5,32.895833333333336,39.5,29.2,26.957811994482466,30.012288310635505,40.161588888888886,59.73027928875771,29.770049425277495,0.19,27.32,31.358333333333334,37.7,33.05972222222223,40.6,32.975,32.66555555555555,27.320000000000004,1,1,39,14,100.0,72.82,SEVERE
Mumbai,19.076,72.8777,2021-05-10,32.24,39.16,27.03,52.602916666666665,77.33,3.0658333333333334,985.0,32.31666666666667,39.0,28.8,26.684150722559508,29.833339051140136,39.94152222222221,58.25351473796146,27.195455874040125,0.0,27.03,30.474999999999998,36.8,32.862500000000004,40.6,32.8875,32.549305555555556,27.296666666666667,1,1,40,15,100.0,71.03,SEVERE
Mumbai,19.076,72.8777,2021-05-11,31.886666666666667,39.05,26.12,52.98791666666667,82.25,3.2762499999999997,950.75,31.712500000000002,38.7,27.8,26.303640445749092,29.037444753888522,39.72965555555555,54.93159996214867,24.263063408976382,0.0,26.12,29.74166666666667,35.7,32.308333333333344,39.5,32.641666666666666,32.22083333333334,26.823333333333334,1,1,41,16,100.0,69.22000000000001,HIGH
Mumbai,19.076,72.8777,2021-05-12,31.46666666666667,38.68,25.92,56.67291666666667,84.07,3.4233333333333333,980.55,31.474999999999998,38.2,27.8,26.390045018691847,28.783582130334747,39.314299999999996,52.239726103328735,23.577766405861727,0.0,25.92,30.21666666666667,36.3,31.83472222222223,39.0,32.355000000000004,31.864444444444445,26.35666666666667,1,1,42,17,100.0,67.52,HIGH
Mumbai,19.076,72.8777,2021-05-13,30.92833333333333,36.54,26.78,52.63833333333333,77.78,2.7083333333333335,905.95,30.8,35.3,28.1,25.41560468229115,26.815576450621354,36.94672222222223,37.34605302336164,18.528646838414343,0.12,26.78,29.691666666666666,33.7,31.32916666666667,38.7,31.840000000000003,31.427222222222223,26.273333333333337,1,1,43,18,100.0,59.67999999999999,HIGH
Mumbai,19.076,72.8777,2021-05-14,33.00875,40.19,26.74,48.111250000000005,77.59,3.3120833333333333,936.22,32.666666666666664,40.3,28.3,26.655622061911505,29.15635655386119,40.877644444444435,60.006170755271064,28.678644306170998,1.14,26.74,30.558333333333334,35.6,31.647222222222226,40.3,31.794166666666673,31.801249999999996,26.48,1,1,44,19,100.0,74.63999999999999,SEVERE
Mumbai,19.076,72.8777,2021-05-15,34.86333333333334,39.74,28.97,45.32916666666667,70.02,4.194166666666667,463.02,34.208333333333336,39.8,27.8,28.088997133314308,30.24942435499781,40.57978333333334,62.029490128410856,38.56807729945774,2.98,28.97,31.5,39.1,32.55833333333334,40.3,32.1725,32.933472222222214,27.496666666666666,1,1,45,20,100.0,75.36999999999999,SEVERE
Mumbai,19.076,72.8777,2021-05-16,32.19583333333333,38.82,27.44,57.793749999999996,81.29,10.63875,544.25,30.691666666666666,40.7,21.8,27.37599408309542,30.174852817264686,39.66622222222222,63.288664731987296,27.3911161630985,38.21,27.44,27.28333333333333,33.8,32.52222222222223,40.7,31.968333333333334,33.35597222222222,27.716666666666665,1,1,46,21,100.0,76.54,SEVERE
Mumbai,19.076,72.8777,2021-05-17,27.910416666666666,29.47,27.03,85.91041666666666,90.9,14.420416666666666,53.42,23.2375,25.4,20.7,26.56740147005583,27.788960673276332,36.6594639932604,16.712995535871837,9.673886357945216,213.28,27.12,23.5,24.8,29.379166666666674,40.7,30.320833333333336,31.65652777777778,27.843333333333334,0,1,0,22,100.0,32.120000000000005,MODERATE
Mumbai,19.076,72.8777,2021-05-18,28.40125,30.38,27.21,86.74458333333332,92.88,7.829166666666667,331.88,27.59166666666667,29.8,24.5,27.138143320685916,28.102822963367977,37.80400877340097,28.203259127843907,17.00197069863491,31.21,27.21,26.65833333333333,29.0,27.173611111111114,40.7,29.679166666666667,29.502499999999998,27.25666666666667,0,1,0,23,100.0,43.61000000000001,MODERATE
Mumbai,19.076,72.8777,2021-05-19,28.288750000000004,30.94,26.01,82.79666666666667,90.66,3.70125,743.33,29.308333333333334,30.4,26.4,26.64703517935563,28.28708366764375,38.337755232736164,30.720168596614865,18.25239139851154,11.43,26.01,28.583333333333332,29.9,26.712500000000006,30.4,29.0075,28.200138888888887,26.78,0,1,0,24,100.0,44.209999999999994,MODERATE
Mumbai,19.076,72.8777,2021-05-20,28.93166666666667,32.66,25.94,77.63416666666667,91.77,2.1529166666666666,917.47,30.770833333333332,32.7,28.8,26.69259834046089,28.3616530232363,38.43045028194395,36.44348190631929,22.145733096928954,0.31,25.94,30.28333333333333,32.7,29.223611111111115,32.7,28.32,28.540555555555557,26.386666666666667,1,1,1,25,100.0,51.040000000000006,HIGH
Mumbai,19.076,72.8777,2021-05-21,29.06625,33.25,26.09,77.53083333333333,94.6,2.314583333333333,960.65,30.712500000000002,34.0,28.6,26.778782966206446,28.609584369289617,39.032563943954344,41.28295712705369,22.088927136020484,0.53,26.09,30.066666666666666,33.4,30.263888888888896,34.0,28.324166666666667,28.76222222222222,26.013333333333335,1,1,2,26,100.0,55.089999999999996,HIGH
Mumbai,19.076,72.8777,2021-05-22,28.619583333333335,32.64,25.31,79.33333333333333,94.69,2.5775,871.85,29.954166666666666,33.7,27.2,26.547291269612145,28.27797106095488,38.28199242586106,38.66905960079359,19.193103638838725,0.23,25.31,28.974999999999998,32.9,30.47916666666667,34.0,29.6675,28.8725,25.78,1,1,3,27,100.0,53.41000000000001,HIGH
Mumbai,19.076,72.8777,2021-05-23,28.260833333333334,32.55,25.28,79.63125000000001,94.36,2.8037500000000004,891.08,29.34583333333333,32.5,27.0,26.235312796352073,28.263687091335246,38.18648168972928,35.59642914973501,16.20206450167713,0.42,25.28,28.375,32.1,30.004166666666674,34.0,30.018333333333334,28.648888888888887,25.560000000000002,1,1,4,28,100.0,49.78,MODERATE
Mumbai,19.076,72.8777,2021-05-24,28.927916666666665,33.36,25.33,78.78625,96.22,3.26,924.0,29.84583333333333,33.3,27.1,26.769423299559335,28.867129688801505,39.763240689472774,40.89114444460466,20.06518242075546,0.16,25.33,28.758333333333336,32.5,29.715277777777782,33.7,30.125833333333333,28.602777777777778,25.30666666666666,1,1,5,29,100.0,52.22999999999999,HIGH
Mumbai,19.076,72.8777,2021-05-25,29.094583333333333,33.79,25.66,79.02291666666666,95.87,3.7870833333333334,878.72,29.741666666666664,33.4,27.5,26.95544534974638,29.161296159417635,40.563065272823756,42.777858280708344,20.549521726205327,0.14,25.66,28.65833333333333,32.2,29.644444444444446,33.4,29.919999999999998,28.76111111111111,25.423333333333332,1,1,6,30,100.0,52.86,HIGH
Mumbai,19.076,72.8777,2021-05-26,28.768333333333334,32.72,25.96,78.36041666666667,94.06,4.0562499999999995,820.88,28.941666666666666,32.1,27.0,26.61166862623382,28.610990818807906,39.14816299447815,36.64659245162211,17.09331173649611,0.29,25.96,28.150000000000002,31.2,29.509722222222223,33.4,29.56583333333333,28.930277777777775,25.650000000000002,1,1,7,31,100.0,49.26,MODERATE
Mumbai,19.076,72.8777,2021-05-27,29.295,33.41,26.03,76.20666666666666,92.84,4.04625,886.0,29.579166666666666,32.7,27.3,26.86708909470663,28.73198648391921,39.36203037712936,38.69555108404404,20.12392853488471,0.18,26.03,28.608333333333334,31.6,29.420833333333334,33.4,29.49083333333333,29.05263888888889,25.883333333333336,1,1,8,32,100.0,51.13000000000001,HIGH
Mumbai,19.076,72.8777,2021-05-28,29.575833333333335,33.57,26.34,78.59875000000001,93.92,3.5399999999999996,885.6,30.754166666666666,33.3,28.5,27.404647654103897,29.197499479124296,40.71055711921604,42.764722019299874,26.078974666232536,0.26,26.34,30.166666666666668,32.4,29.758333333333336,33.3,29.772499999999997,29.213055555555556,26.110000000000003,1,1,9,33,100.0,53.239999999999995,HIGH
Mumbai,19.076,72.8777,2021-05-29,29.366666666666664,33.02,26.62,80.71541666666667,95.27,2.6145833333333335,800.78,31.3625,33.3,30.0,27.43385192272072,28.898784279496105,39.96959771481266,41.22426389484714,27.62713481034444,5.33,26.62,30.925,32.9,30.565277777777784,33.3,30.075833333333332,29.412499999999998,26.33,1,1,10,34,100.0,53.519999999999996,HIGH
Mumbai,19.076,72.8777,2021-05-30,28.876666666666665,32.42,26.53,83.32583333333334,95.44,2.1625,905.0,31.329166666666666,34.2,29.9,27.246734644265484,28.765096249802234,39.642492660078375,42.764460330440684,26.199862270140816,4.8100000000000005,26.53,30.78333333333333,33.3,31.14861111111112,34.2,30.393333333333334,29.273055555555555,26.496666666666666,1,1,11,35,100.0,56.13000000000001,HIGH
Mumbai,19.076,72.8777,2021-05-31,28.6575,31.59,26.25,82.96,94.94,2.2045833333333333,851.42,30.929166666666664,32.8,29.2,27.003447810703893,28.26788754487255,38.26989812223572,36.166529854552735,23.91666202987237,11.9,26.25,30.608333333333334,32.6,31.206944444444446,34.2,30.79083333333333,28.96694444444444,26.46666666666667,1,1,12,36,100.0,51.64999999999999,HIGH
Mumbai,19.076,72.8777,2021-06-01,28.56625,31.48,26.15,83.18666666666667,94.86,2.38125,818.08,30.670833333333334,32.2,29.2,26.943923593213274,28.287474822994685,38.31643776399145,35.20280513332446,22.948681864509798,17.35,26.15,30.308333333333334,32.2,30.97638888888889,34.2,31.00916666666667,28.700138888888887,26.31,1,1,13,37,100.0,49.75000000000001,MODERATE
Mumbai,19.076,72.8777,2021-06-02,28.765,32.28,26.19,80.47791666666667,93.22,1.7612500000000002,693.62,31.1375,34.2,29.3,26.836180354714894,28.514683930761336,38.98132844578431,41.44474419525171,23.57859224590423,16.11,26.19,30.675,33.8,30.912500000000005,34.2,31.085833333333333,28.662916666666664,26.19666666666667,1,1,14,38,100.0,55.790000000000006,HIGH
Mumbai,19.076,72.8777,2021-06-03,29.23,33.6,26.23,77.4225,92.7,1.8108333333333333,922.0,31.370833333333334,34.8,29.7,26.935205097474476,28.8544413504554,39.68729537344027,44.23797700293475,25.047914893430956,3.0100000000000002,26.23,30.866666666666664,34.1,31.059722222222224,34.8,31.0875,28.85375,26.189999999999998,1,1,15,39,100.0,57.629999999999995,HIGH
Mumbai,19.076,72.8777,2021-06-04,29.065833333333334,32.66,26.46,78.145,92.25,1.3904166666666666,884.4,31.570833333333336,34.7,29.7,26.871816212421255,28.38294081114642,38.492282479048896,41.892111545655695,25.06674757469162,5.32,26.46,30.983333333333334,34.0,31.359722222222228,34.8,31.135833333333334,29.02027777777778,26.293333333333337,1,1,16,40,100.0,57.56000000000001,HIGH
Mumbai,19.076,72.8777,2021-06-05,27.684166666666666,30.08,25.17,84.04416666666667,95.44,2.195,833.5,29.575,31.1,27.3,26.16891681190073,27.221569843347957,35.33569369574641,25.62709606789128,16.051194204128603,15.08,25.17,29.175,31.1,30.838888888888892,34.8,30.865,28.659999999999997,25.953333333333333,0,1,0,41,100.0,45.470000000000006,MODERATE
Mumbai,19.076,72.8777,2021-06-06,28.39625,32.07,25.1,80.80333333333333,95.52,2.733333333333333,933.33,29.754166666666666,32.3,27.3,26.502429218807677,28.108943713514236,37.77845778044375,34.449403123537266,18.210453040122587,6.76,25.1,29.058333333333334,31.9,30.300000000000008,34.7,30.681666666666665,28.38208333333333,25.576666666666668,1,1,1,42,100.0,48.99999999999999,MODERATE
Mumbai,19.076,72.8777,2021-06-07,28.433333333333334,32.15,25.64,80.44833333333334,94.72,3.5379166666666664,713.15,29.104166666666668,31.3,27.9,26.49107431301284,28.161261534698152,37.981559975842316,32.28296719178343,16.66874493188324,8.84,25.64,28.458333333333332,30.5,29.477777777777778,32.3,30.275,28.171249999999997,25.303333333333338,0,1,0,43,100.0,46.54,MODERATE
Mumbai,19.076,72.8777,2021-06-08,28.499166666666667,31.36,25.64,83.96458333333334,94.89,3.7108333333333334,497.62,29.349999999999998,31.2,27.9,26.94585517159876,28.337762597368698,38.59790636408563,33.0984237608762,19.96445993174163,37.89,25.64,28.78333333333333,30.8,29.402777777777782,32.3,29.87083333333333,28.44291666666666,25.460000000000004,0,1,0,44,100.0,46.239999999999995,MODERATE
Mumbai,19.076,72.8777,2021-06-09,28.153750000000002,30.35,26.69,85.80083333333333,93.66,5.057083333333334,162.43,28.025000000000002,29.6,26.3,26.79039070063412,27.89076730519235,37.38902103791635,26.706233252895625,15.804743304508465,59.78,26.69,28.099999999999998,29.2,28.826388888888896,31.3,29.16166666666667,28.362083333333334,25.99,0,1,0,45,100.0,42.49000000000001,MODERATE
Mumbai,19.076,72.8777,2021-06-10,27.535416666666666,28.85,26.57,90.01416666666667,93.97,5.497916666666666,367.62,27.266666666666666,28.1,26.5,26.629892580044295,27.438822466081994,34.92262010921692,19.299131910968043,11.9503600621776,43.019999999999996,26.57,27.349999999999998,28.1,28.213888888888892,31.2,28.7,28.06277777777778,26.3,0,1,0,46,100.0,37.870000000000005,MODERATE
Mumbai,19.076,72.8777,2021-06-11,28.169583333333335,30.24,26.57,88.13541666666667,95.77,5.255833333333333,693.33,28.125,29.6,26.9,27.072665685126935,27.973211584921003,37.30732617717017,26.88252708273707,17.19788661198057,43.54,26.57,27.866666666666664,29.2,27.80555555555556,29.6,28.374166666666667,27.952916666666667,26.61,0,1,0,47,100.0,42.370000000000005,MODERATE
Mumbai,19.076,72.8777,2021-06-12,28.236666666666665,29.79,26.91,90.21375,95.22,4.6925,391.8,28.900000000000002,29.9,27.4,27.34056343761256,28.174174930363055,37.81433893292237,27.886481528249924,20.713060665913897,28.77,26.91,28.516666666666666,29.5,28.09722222222223,29.9,28.333333333333332,27.980555555555554,26.683333333333334,0,1,0,48,100.0,43.61,MODERATE
Mumbai,19.076,72.8777,2021-06-13,28.035833333333333,29.75,26.84,90.60958333333333,95.32,4.404166666666667,812.85,28.766666666666666,29.7,27.8,27.208870635312707,28.134855538664304,37.46767906012363,27.756896233491716,19.472868056724895,15.299999999999999,26.84,28.78333333333333,29.5,28.59722222222223,29.9,28.21666666666667,28.14736111111111,26.77333333333333,0,1,0,49,100.0,42.94,MODERATE
Mumbai,19.076,72.8777,2021-06-14,28.616249999999997,30.9,26.93,86.59666666666668,94.38,4.870833333333334,873.45,28.9875,30.6,27.0,27.363210385177073,28.4692975420898,38.776526769040785,32.14835068630487,21.231872746222933,5.62,26.93,28.45,30.2,28.884722222222226,30.6,28.40916666666667,28.296249999999997,26.893333333333334,0,1,0,50,100.0,45.730000000000004,MODERATE
Mumbai,19.076,72.8777,2021-06-15,28.002499999999998,30.06,26.65,88.435,94.32,5.49625,703.55,27.974999999999998,29.4,26.8,26.944399696461932,28.01967648763558,37.351083219449166,26.55997139286253,16.027917926857082,36.31,26.65,27.666666666666668,29.2,28.57638888888889,30.6,28.550833333333333,28.21819444444444,26.80666666666667,0,1,0,51,100.0,41.849999999999994,MODERATE
Mumbai,19.076,72.8777,2021-06-16,27.76875,29.23,26.35,89.82625,93.44,5.4695833333333335,641.0,27.425,28.4,26.2,26.859476170924268,27.656504597523863,35.985867573368004,21.777860820060734,14.074931830814231,44.29,26.35,26.941666666666666,28.2,28.129166666666674,30.6,28.410833333333336,28.129166666666663,26.643333333333334,0,1,0,52,100.0,38.55,MODERATE
Mumbai,19.076,72.8777,2021-06-17,27.761666666666667,29.85,26.33,88.07291666666667,92.89,6.358750000000001,507.35,26.96666666666667,29.2,25.2,26.66055935774934,27.96492704755278,37.22107378328834,25.71224590969411,12.12392855503232,66.51,26.33,26.474999999999998,28.9,27.45555555555556,29.4,28.024166666666666,27.844305555555554,26.44333333333333,0,1,0,53,100.0,40.92999999999999,MODERATE
Mumbai,19.076,72.8777,2021-06-18,27.847916666666666,29.98,26.23,87.98833333333333,93.77,6.732083333333333,750.83,26.912499999999998,29.3,25.1,26.748830374498755,27.956861373150403,37.13401387388319,25.93277009674094,12.517786502086267,49.83,26.23,26.3,28.7,27.101388888888895,29.3,27.65333333333333,27.792777777777776,26.30333333333333,0,1,0,54,100.0,41.13000000000001,MODERATE
Mumbai,19.076,72.8777,2021-06-19,27.39833333333333,29.3,25.85,88.07458333333334,93.58,5.637083333333333,800.8,26.608333333333334,28.1,25.2,26.31589910062154,27.40392446575617,35.41717582183664,19.781056720604724,8.993281331446433,41.339999999999996,25.85,26.15833333333333,27.9,26.82916666666667,29.3,27.1775,27.669305555555553,26.136666666666667,0,1,0,55,100.0,37.150000000000006,MODERATE
Mumbai,19.076,72.8777,2021-06-20,27.397499999999997,29.56,25.45,87.96375,94.68,4.766666666666667,737.8,27.5625,28.7,25.1,26.300399501438417,27.678918134473093,36.22685448771054,22.72787786114248,11.380579930536825,14.91,25.45,26.933333333333334,28.5,27.027777777777782,29.3,27.095,27.547916666666662,25.843333333333334,0,1,0,56,100.0,38.55,MODERATE
Mumbai,19.076,72.8777,2021-06-21,27.234166666666667,29.77,25.28,87.90499999999999,94.69,3.986666666666667,806.2,27.741666666666664,29.1,26.6,26.13299544226591,27.744554384279986,36.48448224548302,24.231039018477375,11.051412474558935,3.39,25.28,27.383333333333336,28.9,27.304166666666674,29.1,27.15833333333333,27.34333333333333,25.526666666666667,0,1,0,57,100.0,39.580000000000005,MODERATE
Mumbai,19.076,72.8777,2021-06-22,27.495,29.97,25.24,86.35541666666667,95.44,3.763333333333333,857.15,28.079166666666666,29.3,26.6,26.228359801532374,27.624657237106085,36.264654154852145,24.180192715537515,12.451484776690343,4.4,25.24,27.650000000000002,29.1,27.79444444444445,29.3,27.380833333333328,27.375555555555554,25.323333333333334,0,1,0,58,100.0,40.14,MODERATE
Mumbai,19.076,72.8777,2021-06-23,27.32166666666667,29.68,25.29,86.78958333333333,95.37,3.8379166666666666,785.17,27.900000000000002,28.8,27.1,26.101796243087772,27.369888985230627,35.55392116163881,21.047859270160416,11.128357186228904,6.18,25.29,27.541666666666668,28.5,27.90694444444445,29.3,27.57833333333333,27.350277777777777,25.27,0,1,0,59,100.0,38.690000000000005,MODERATE
Mumbai,19.076,72.8777,2021-06-24,27.2925,29.5,25.48,87.71541666666667,94.6,3.965,646.12,27.71666666666667,28.6,26.0,26.163563307688197,27.41674035938596,35.60526844993208,21.233063208533615,10.91355207111797,11.02,25.48,27.258333333333336,28.4,27.89861111111112,29.3,27.8,27.369722222222222,25.336666666666662,0,1,0,60,100.0,38.28,MODERATE
Mumbai,19.076,72.8777,2021-06-25,26.92125,29.18,25.18,88.92750000000001,95.71,3.91625,271.83,27.400000000000002,28.4,26.0,25.89909312566665,27.28621402446083,35.27953509132913,19.80823780497304,9.068799700100586,22.0,25.18,26.883333333333336,28.0,27.672222222222228,28.8,27.767500000000002,27.178472222222222,25.316666666666666,0,1,0,61,100.0,37.379999999999995,MODERATE
Mumbai,19.076,72.8777,2021-06-26,27.164583333333336,29.88,24.98,86.51083333333332,95.0,4.056666666666667,845.2,27.479166666666668,28.8,26.5,25.922894346528178,27.53881876331464,35.99827089251711,22.441039674741415,9.85624179879497,5.72,24.98,27.175,28.4,27.53194444444445,28.8,27.715000000000003,27.12611111111111,25.213333333333335,0,0,0,0,0.0,13.380000000000003,LOW
Mumbai,19.076,72.8777,2021-06-27,26.737083333333334,29.21,24.75,86.44375000000001,94.44,2.8925,411.7,27.729166666666668,28.8,26.4,25.480370027777727,26.93401593499201,34.452437479944805,19.282428222319346,8.677439833134235,15.83,24.75,27.275000000000002,28.5,27.536111111111115,28.8,27.645000000000003,26.940972222222218,24.97,0,0,0,0,0.0,13.150000000000002,LOW
Mumbai,19.076,72.8777,2021-06-28,26.353333333333335,27.99,24.94,91.92833333333334,96.55,3.5170833333333333,572.62,26.979166666666668,28.4,25.7,25.65916221947573,26.586511602788963,32.713147394337085,15.414777562150032,6.1881598867544545,16.17,24.94,27.575,28.4,27.39583333333334,28.8,27.460833333333333,26.751666666666665,24.89,0,0,0,0,0.0,12.139999999999997,LOW
Mumbai,19.076,72.8777,2021-06-29,27.334999999999997,29.94,25.3,89.12083333333334,96.64,2.81125,487.75,29.025000000000002,30.5,27.5,26.33683767413316,27.869232549783344,36.99449963545675,28.54856689757329,14.956522482032097,7.63,25.3,28.599999999999998,30.3,27.911111111111115,30.5,27.722500000000004,26.80847222222222,24.996666666666666,0,1,0,1,13.333333333333332,22.133333333333333,LOW
Mumbai,19.076,72.8777,2021-06-30,27.204583333333332,29.24,25.36,89.36583333333334,96.53,3.1870833333333333,717.25,28.5,30.2,27.4,26.251179976502073,27.477227646411947,35.569918441490394,23.69046741699086,12.956362994553984,3.2,25.36,28.525000000000002,30.2,28.168055555555565,30.5,27.942500000000003,26.964305555555555,25.2,0,1,0,2,26.666666666666664,24.626666666666665,LOW
Mumbai,19.076,72.8777,2022-04-01,30.015833333333333,40.13,20.8,42.6,74.24,2.7533333333333334,1021.83,29.170833333333334,39.2,18.5,22.594109060132542,25.9955721557683,40.49726666666667,47.36634931754645,14.726739543918578,0.0,20.8,25.758333333333336,36.9,28.89861111111112,39.2,28.280833333333334,28.185138888888886,23.820000000000004,1,0,1,0,12.0,43.400000000000006,MODERATE
Mumbai,19.076,72.8777,2022-04-02,29.983333333333334,40.17,22.47,50.69333333333333,90.6,2.5404166666666668,985.2,29.84166666666667,39.5,23.2,23.588749564022716,26.6974175651865,40.597927777777784,50.65052805787836,15.395382848658818,0.0,22.47,27.05,36.9,29.170833333333338,39.5,28.703333333333337,29.067916666666665,22.876666666666665,1,0,2,0,24.0,48.97,MODERATE
Mumbai,19.076,72.8777,2022-04-03,30.851666666666663,41.12,21.99,48.02875,91.19,3.095,964.97,30.483333333333334,40.8,22.9,24.18659996003041,27.65035457012066,41.65885555555555,57.651116850458585,17.98165258594155,0.0,21.99,27.441666666666666,37.6,29.83194444444445,40.8,29.40416666666667,30.28361111111111,21.753333333333334,1,0,3,0,36.0,55.389999999999986,HIGH
Mumbai,19.076,72.8777,2022-04-04,31.409583333333334,41.17,24.54,50.785,92.63,2.6566666666666667,934.95,31.608333333333334,41.1,25.9,25.130973667392272,28.374355246229364,41.77652222222222,60.381471535789544,21.43272583276215,0.08,24.54,28.96666666666667,38.3,30.64444444444445,41.1,29.92083333333333,30.74819444444444,23.0,1,0,4,0,48.0,61.84,HIGH
Mumbai,19.076,72.8777,2022-04-05,31.25,41.54,24.32,58.98333333333334,94.84,2.8808333333333334,903.47,31.854166666666668,41.7,27.2,25.959468009444212,28.996288099135096,42.221905555555544,64.19220729257437,23.17061548020288,0.21,24.32,29.333333333333332,38.3,31.315277777777784,41.7,30.59166666666667,31.170416666666664,23.616666666666664,1,0,5,0,60.0,66.42000000000002,HIGH
Mumbai,19.076,72.8777,2022-04-06,31.735833333333332,41.37,24.18,57.85999999999999,96.1,2.778333333333333,921.28,32.59583333333333,41.5,26.8,26.297824875093355,29.082745844729388,42.05475,63.39790420085483,26.4090336132514,0.19,24.18,29.95,38.9,32.01944444444445,41.7,31.276666666666664,31.465138888888887,24.346666666666668,1,0,6,0,72.0,68.68,HIGH
Mumbai,19.076,72.8777,2022-04-07,31.835833333333337,41.72,24.81,51.32375,89.51,3.3625000000000003,965.35,32.170833333333334,42.0,25.3,25.346878936276898,28.043542500016382,42.34313888888889,62.47248740343078,23.330018769939525,0.31,24.81,28.916666666666668,37.8,32.20694444444445,42.0,31.7425,31.60722222222222,24.436666666666667,1,0,7,0,84.0,73.81,SEVERE
Mumbai,19.076,72.8777,2022-04-08,32.106249999999996,41.66,24.7,52.86333333333334,97.24,2.9570833333333333,951.83,32.47083333333334,41.6,24.8,25.814766423298057,28.29974373680416,42.26591111111111,62.08451145856535,25.556379404120985,0.29,24.7,29.291666666666668,38.7,32.4125,42.0,32.14,31.892638888888886,24.563333333333333,1,0,8,0,96.0,75.5,SEVERE
Mumbai,19.076,72.8777,2022-04-09,31.140833333333333,39.25,25.33,60.115833333333335,98.11,2.7954166666666667,942.72,31.945833333333336,38.7,28.4,26.034258523752232,27.785440215474438,39.78385,51.22271195077115,22.766054537213435,0.12,25.33,30.441666666666666,37.1,32.19583333333334,42.0,32.2075,31.694305555555555,24.946666666666662,1,1,9,1,100.0,68.43,HIGH
Mumbai,19.076,72.8777,2022-04-10,30.869583333333335,38.41,25.27,55.95666666666667,96.42,2.2916666666666665,935.62,31.391666666666666,38.0,27.9,25.587955985707087,27.943010264161444,38.95515555555554,48.72481823209784,20.464177888709692,0.03,25.27,29.900000000000002,35.8,31.936111111111117,41.6,32.114999999999995,31.37222222222222,25.099999999999998,1,1,10,2,100.0,66.27,HIGH
Mumbai,19.076,72.8777,2022-04-11,31.77125,40.22,25.22,47.49875,85.79,2.4233333333333333,849.17,31.8,40.1,27.4,25.275934178714305,28.438320859666106,40.84145,57.60100605725919,22.037302488090532,0.0,25.22,29.599999999999998,36.6,31.712500000000006,40.1,31.955833333333334,31.260555555555555,25.27333333333333,1,1,11,3,100.0,72.52,SEVERE
Mumbai,19.076,72.8777,2022-04-12,32.47291666666667,41.38,25.66,42.61541666666667,74.76,2.5475,816.17,32.291666666666664,41.3,27.0,25.09404469788994,28.08825460260872,41.99681666666667,60.546011326802265,23.302597357280906,0.0,25.66,29.741666666666664,37.3,31.827777777777783,41.3,31.98,31.704583333333332,25.38333333333333,1,1,12,4,100.0,76.55999999999999,SEVERE
Mumbai,19.076,72.8777,2022-04-13,31.751666666666665,39.61,25.51,42.78125,77.36,2.4829166666666667,930.92,31.245833333333334,39.0,26.4,24.450817490399192,26.564152747731054,40.02057222222223,48.19429600316034,18.703778077000752,0.0,25.51,28.958333333333332,36.9,31.77916666666667,41.3,31.735000000000003,31.998611111111106,25.463333333333335,1,1,13,5,100.0,69.51,HIGH
Mumbai,19.076,72.8777,2022-04-14,30.765,37.75,25.53,54.440416666666664,85.66,2.63125,938.85,30.78333333333333,37.0,26.3,25.315333049720156,27.11865016563639,38.19338333333333,43.33932730850336,17.952543777490163,0.01,25.53,29.075,34.9,31.44027777777778,41.3,31.502499999999998,31.663194444444443,25.566666666666666,1,1,14,6,100.0,63.53,HIGH
Mumbai,19.076,72.8777,2022-04-15,30.14,38.19,23.98,57.026250000000005,87.89,2.6245833333333333,997.8,30.325,37.3,26.1,24.993361254249958,27.60080835175192,38.69200555555554,46.21938640791274,16.6220026693039,0.03,23.98,28.458333333333332,34.4,30.78472222222223,39.0,31.289166666666667,30.885555555555555,25.00666666666667,1,0,15,0,100.0,62.87999999999999,HIGH
Mumbai,19.076,72.8777,2022-04-16,30.235416666666666,38.96,23.72,56.02583333333333,89.11,2.4595833333333332,1003.0,30.570833333333336,38.3,25.8,24.810963047769235,27.52622466030012,39.46171666666666,49.164949343219185,17.344451558075324,0.0,23.72,28.266666666666666,35.3,30.559722222222224,38.3,31.043333333333333,30.380138888888883,24.41,1,0,16,0,100.0,65.61999999999999,HIGH
Mumbai,19.076,72.8777,2022-04-17,30.588333333333335,39.61,23.5,55.66958333333333,91.62,2.6554166666666665,972.22,30.7625,39.3,25.9,25.088835863792326,27.85836797628716,40.13722222222222,52.99136116566668,18.23159022221671,0.0,23.5,28.525000000000002,36.6,30.55277777777778,39.3,30.7375,30.321249999999996,23.733333333333334,1,0,17,0,100.0,68.39999999999999,HIGH
Mumbai,19.076,72.8777,2022-04-18,31.059583333333336,39.88,24.46,53.21958333333333,89.17,2.6441666666666666,955.4,31.241666666666664,39.6,26.8,25.3708394237113,28.287322559420858,40.47815555555555,55.58210294396305,20.30713807999117,0.01,24.46,28.908333333333335,35.1,30.858333333333338,39.6,30.736666666666668,30.627777777777776,23.89333333333333,1,0,18,0,100.0,70.25999999999999,SEVERE
Mumbai,19.076,72.8777,2022-04-19,30.181250000000002,36.74,25.23,59.38083333333333,84.99,2.7575000000000003,927.3,30.295833333333334,35.9,27.4,25.538974498012767,27.3971938709564,37.22312222222222,40.23358947608496,17.00359242008141,0.05,25.23,29.34166666666667,34.2,30.76666666666667,39.6,30.639166666666664,30.60972222222222,24.396666666666665,1,1,19,1,100.0,59.92999999999999,HIGH
Mumbai,19.076,72.8777,2022-04-20,30.64916666666667,37.27,25.61,51.8325,85.49,3.295833333333333,841.85,29.891666666666666,36.3,25.0,25.171137877820154,27.75712961073771,37.79541666666667,43.408707672792836,16.2667406587837,0.12,25.61,28.008333333333336,32.2,30.47638888888889,39.6,30.552500000000002,30.63,25.099999999999998,1,1,20,2,100.0,61.50999999999999,HIGH
Mumbai,19.076,72.8777,2022-04-21,33.9125,41.77,26.31,37.360416666666666,59.89,3.910833333333333,835.72,32.920833333333334,42.1,24.6,25.787250631679637,29.052972979816285,42.48874444444445,65.87739236940055,28.369866635643646,0.03,26.31,29.266666666666666,39.2,31.036111111111115,42.1,31.0225,31.58097222222222,25.71666666666667,1,1,21,3,100.0,79.61,SEVERE
Mumbai,19.076,72.8777,2022-04-22,34.07041666666667,42.36,27.41,44.87625,88.82,3.28375,951.2,34.00833333333333,42.8,26.1,26.746406430493565,29.492303333937652,43.11084999999999,69.2299003399772,33.72947968806148,1.4,27.41,31.233333333333334,40.1,32.273611111111116,42.8,31.671666666666663,32.87736111111111,26.44333333333333,1,1,22,4,100.0,82.80999999999999,SEVERE
Mumbai,19.076,72.8777,2022-04-23,33.587916666666665,41.89,27.1,53.16708333333333,93.74,1.9791666666666667,918.3,34.775,42.0,30.0,27.353122670093686,28.934100732378177,42.59907222222221,65.36671282515384,37.08234848585876,0.21,27.1,32.975,39.7,33.901388888888896,42.8,32.37833333333333,33.856944444444444,26.939999999999998,1,1,23,5,100.0,80.1,SEVERE
Mumbai,19.076,72.8777,2022-04-24,32.29,40.42,26.17,54.768750000000004,94.41,3.015416666666667,821.95,32.81666666666667,40.2,28.3,26.464052042314194,28.173970507401872,41.016016666666665,57.14439789200823,27.89965357754443,0.15,26.17,30.96666666666667,37.2,33.866666666666674,42.8,32.8825,33.316111111111105,26.893333333333334,1,1,24,6,100.0,73.77000000000001,SEVERE
Mumbai,19.076,72.8777,2022-04-25,33.35875,42.99,25.86,45.935,84.41,3.0095833333333335,965.03,33.4,43.1,27.8,26.071775877148244,28.64818682594321,43.71193888888889,68.2266812507765,28.668016753070933,0.1,25.86,30.575,39.1,33.6638888888889,43.1,33.58416666666667,33.07888888888888,26.376666666666665,1,1,25,7,100.0,82.16000000000001,SEVERE
Mumbai,19.076,72.8777,2022-04-26,32.685833333333335,40.77,26.57,43.58541666666667,79.16,2.8316666666666666,959.8,32.49583333333333,40.7,27.5,25.534095444618416,28.506726440434708,41.40832777777777,59.79915999763262,25.034191413120634,0.04,26.57,30.183333333333334,38.1,32.90416666666667,43.1,33.49916666666666,32.77819444444444,26.2,1,1,26,8,100.0,75.67,SEVERE
Mumbai,19.076,72.8777,2022-04-27,34.30375,43.06,26.54,39.278749999999995,75.25,3.893333333333333,968.22,34.05416666666667,43.9,27.3,26.108039949712502,28.896376603792273,43.80538888888889,71.0525114538889,31.46595875080384,0.0,26.54,30.675,40.5,33.31666666666667,43.9,33.50833333333333,33.449444444444445,26.323333333333334,1,1,27,9,100.0,85.23999999999998,EXTREME
Mumbai,19.076,72.8777,2022-04-28,34.14333333333334,42.99,26.91,45.95541666666667,90.49,3.567083333333333,929.35,34.62083333333333,43.8,26.7,26.75808814175654,29.620694625108538,43.795233333333336,72.9666345999633,35.21222128721093,0.0,26.91,31.941666666666666,41.0,33.72361111111112,43.9,33.4775,33.71097222222222,26.673333333333332,1,1,28,10,100.0,85.30999999999999,EXTREME
Mumbai,19.076,72.8777,2022-04-29,32.187083333333334,39.86,26.23,55.23041666666666,91.46,2.52875,950.22,32.90416666666667,39.8,28.5,26.69978941264432,29.371742294238228,40.58096666666667,59.42476311459874,28.60327575073678,0.0,26.23,30.858333333333334,37.4,33.859722222222224,43.9,33.495,33.54472222222222,26.560000000000002,1,1,29,11,100.0,72.63,SEVERE
Mumbai,19.076,72.8777,2022-04-30,31.76375,39.94,25.88,56.1875,93.27,2.845,998.4,32.46666666666667,39.6,28.2,26.183057393660917,28.24644872769731,40.52979444444444,55.38960217781268,25.169324444407057,0.0,25.88,30.916666666666668,37.9,33.330555555555556,43.8,33.30833333333333,32.698055555555555,26.34,1,1,30,12,100.0,71.67999999999999,SEVERE
Mumbai,19.076,72.8777,2022-05-01,31.22375,38.95,25.73,61.992916666666666,93.46,3.080833333333333,979.85,32.041666666666664,38.5,28.9,26.613014080049116,28.654816372744605,39.581272222222225,53.15468583320967,25.115532171923885,0.0,25.73,30.549999999999997,36.2,32.47083333333334,39.8,33.2175,31.724861111111107,25.94666666666667,1,1,31,13,100.0,68.23,HIGH
Mumbai,19.076,72.8777,2022-05-02,30.787499999999998,37.48,26.23,64.73333333333333,94.78,2.7529166666666662,978.67,31.754166666666666,36.8,29.2,26.67559899709781,28.374452437852405,38.08229444444444,46.702799724342555,24.61343349342069,0.0,26.23,30.616666666666664,35.1,32.087500000000006,39.6,32.7575,31.258333333333326,25.94666666666667,1,1,32,14,100.0,63.62999999999998,HIGH
Mumbai,19.076,72.8777,2022-05-03,30.372083333333336,35.99,25.85,65.26541666666667,94.66,2.6779166666666665,981.7,31.162499999999998,35.1,28.8,26.503814197021583,28.39964081450313,37.762101155802306,41.331226791335475,22.350745703153038,0.0,25.85,30.21666666666667,33.9,31.652777777777782,38.5,32.06583333333333,30.79444444444444,25.936666666666667,1,1,33,15,100.0,58.150000000000006,HIGH
Mumbai,19.076,72.8777,2022-05-04,31.03916666666667,38.57,25.54,58.37375,91.94,2.9779166666666668,976.92,31.28333333333333,38.1,27.5,26.082780790979452,28.366311556923165,39.16640555555555,50.67841776255693,21.37039912308705,0.0,25.54,29.616666666666664,35.6,31.400000000000006,38.1,31.741666666666664,30.732916666666664,25.873333333333335,1,1,34,16,100.0,66.84,HIGH
Mumbai,19.076,72.8777,2022-05-05,31.302916666666665,38.92,25.34,58.01291666666666,92.13,3.6220833333333338,977.45,31.266666666666666,38.5,27.3,26.249250243413442,28.911780524345538,39.568900000000006,53.893133843568016,22.10003418336539,0.0,25.34,29.46666666666667,36.0,31.2375,38.5,31.501666666666665,30.90472222222222,25.576666666666664,1,1,35,17,100.0,67.84,HIGH
Mumbai,19.076,72.8777,2022-05-06,31.696250000000003,39.25,25.33,59.85,93.13,3.6879166666666663,963.35,32.15833333333333,39.1,28.1,26.859442368795694,29.348132410697627,39.96819444444444,57.071088053348916,26.932195288443296,0.03,25.33,30.400000000000002,36.4,31.569444444444446,39.1,31.525,31.34611111111111,25.403333333333336,1,1,36,18,100.0,69.63,HIGH
Mumbai,19.076,72.8777,2022-05-07,31.72375,38.91,26.21,59.55791666666667,93.75,3.81125,948.88,31.9375,38.6,27.9,26.884436373146528,29.15336160668734,39.60542222222221,54.92132153503786,26.453260757353288,0.01,26.21,30.175,35.6,31.787500000000005,39.1,31.561666666666667,31.57430555555555,25.626666666666665,1,1,37,19,100.0,69.01,HIGH
Mumbai,19.076,72.8777,2022-05-08,32.094166666666666,40.0,26.43,60.30833333333334,90.74,3.4470833333333335,966.3,32.979166666666664,40.2,29.3,27.303115992543365,29.838098146860595,40.77752777777777,61.99475337777986,31.234993585955305,0.19,26.43,31.291666666666668,36.8,32.35833333333334,40.2,31.925,31.838055555555552,25.99,1,1,38,20,100.0,74.03,SEVERE
Mumbai,19.076,72.8777,2022-05-09,32.12416666666667,40.11,26.6,59.87708333333333,91.43,4.608333333333333,888.7,32.362500000000004,40.8,27.8,27.131108627728864,29.122104269649515,40.79330000000001,61.048691662958525,29.218092632909205,0.13,26.6,30.208333333333332,36.8,32.426388888888894,40.8,32.14083333333333,31.98069444444444,26.413333333333338,1,1,39,21,100.0,76.0,SEVERE
Mumbai,19.076,72.8777,2022-05-10,31.607916666666668,38.79,26.87,61.70791666666667,87.17,4.7491666666666665,854.67,31.233333333333334,38.8,27.3,27.161546542990838,29.558083520849216,39.54157222222222,56.579965538393054,26.315944383156438,0.15,26.87,29.625,35.3,32.19166666666667,40.8,32.134166666666665,31.94208333333333,26.633333333333336,1,1,40,22,100.0,70.27,SEVERE
Mumbai,19.076,72.8777,2022-05-11,31.642916666666665,38.61,27.56,63.94916666666666,84.19,4.513333333333333,889.88,31.358333333333334,38.5,28.2,27.56800229979103,30.181772070823012,40.55773418108463,57.62399254097144,28.63200739324215,0.1,27.56,29.941666666666666,36.0,31.651388888888892,40.8,31.97416666666667,31.79166666666666,27.01,1,1,41,23,100.0,70.06,SEVERE
Mumbai,19.076,72.8777,2022-05-12,31.539583333333336,37.48,27.88,64.3475,82.24,4.795,895.58,30.849999999999998,37.2,27.3,27.58586931624345,30.035412414216744,42.40675055180087,56.50341163552056,27.96146233760655,0.08,27.88,29.166666666666668,34.9,31.147222222222226,38.8,31.756666666666668,31.59680555555555,27.436666666666667,1,1,42,24,100.0,66.48,HIGH
Mumbai,19.076,72.8777,2022-05-13,31.38875,37.4,27.78,63.06708333333333,82.55,4.79375,887.83,30.541666666666668,36.8,27.1,27.247905102211373,29.38544545534339,40.43177387094081,49.598283374607846,25.0805600209987,0.07,27.78,28.95,34.6,30.91666666666667,38.5,31.269166666666667,31.523749999999996,27.74,1,1,43,25,100.0,65.17999999999998,HIGH
Mumbai,19.076,72.8777,2022-05-14,31.372083333333332,37.69,27.66,62.07750000000001,80.2,4.712083333333333,907.15,30.520833333333332,37.2,27.3,27.119689096934522,29.4450688458721,40.471830227026416,51.242933606223296,24.437026821630834,0.09,27.66,28.883333333333336,34.5,30.637500000000003,37.2,30.90083333333333,31.433472222222218,27.77333333333333,1,1,44,26,100.0,66.26,HIGH
Mumbai,19.076,72.8777,2022-05-15,31.590416666666666,37.56,27.54,60.15416666666667,80.59,4.3125,944.0,30.983333333333334,37.1,27.8,27.14139274630246,29.67177292266406,40.84475300347512,51.60363398545236,25.81670484891141,0.04,27.54,29.525000000000002,34.8,30.68194444444445,37.2,30.850833333333334,31.45041666666666,27.66,1,1,45,27,100.0,65.84,HIGH
Mumbai,19.076,72.8777,2022-05-16,31.79041666666667,38.42,27.65,61.93958333333333,80.55,4.127083333333333,936.6,31.4875,38.3,27.6,27.47511449811303,30.168586097303894,41.496628935483585,56.92017858176675,28.499979246065777,0.37,27.65,29.71666666666667,35.6,30.997222222222224,38.3,30.876666666666665,31.58430555555555,27.616666666666664,1,1,46,28,100.0,69.54999999999998,HIGH
Mumbai,19.076,72.8777,2022-05-17,31.41416666666667,37.89,27.41,61.625416666666666,82.16,3.6666666666666665,896.85,31.3875,37.4,28.4,27.061508243183127,29.375067782411744,38.92396221090527,51.73998112501301,26.21592435495447,0.35,27.41,30.133333333333336,35.2,31.286111111111115,38.3,30.984166666666663,31.59833333333333,27.53333333333333,1,1,47,29,100.0,66.61,HIGH
Mumbai,19.076,72.8777,2022-05-18,31.330416666666665,37.5,27.24,61.03375,83.16,3.8970833333333332,927.67,31.03333333333333,36.8,27.8,26.91374910926749,28.980267767442985,38.48459739876432,48.64352457567134,24.68513724226463,0.08,27.24,29.666666666666668,34.7,31.30277777777778,38.3,31.0825,31.51166666666666,27.433333333333334,1,1,48,30,100.0,64.63999999999999,HIGH
Mumbai,19.076,72.8777,2022-05-19,31.173333333333332,38.29,27.07,59.821666666666665,82.03,3.34625,855.45,31.22083333333333,38.1,27.7,26.5643463223465,28.84707975651408,38.94114444444445,51.72468841220951,23.616318374212046,0.51,27.07,29.96666666666667,35.8,31.213888888888892,38.1,31.222499999999997,31.30597222222222,27.24,1,1,49,31,100.0,68.37,HIGH
Mumbai,19.076,72.8777,2022-05-20,30.89,36.9,27.28,61.760416666666664,82.07,4.584583333333334,771.25,29.891666666666666,36.0,26.6,26.6166507913279,28.601486534744584,37.815262485556026,44.88874881517595,20.427265589763184,0.06,27.28,28.7,34.0,30.715277777777782,38.1,31.004166666666663,31.131249999999994,27.19666666666667,1,1,50,32,100.0,62.28,HIGH
Mumbai,19.076,72.8777,2022-05-21,30.426666666666666,35.29,27.06,65.15083333333332,82.17,5.800416666666667,919.62,28.958333333333332,34.6,25.9,26.707111435692763,28.953728032713926,39.71401854197896,44.41685239551478,18.80606815905085,0.12,27.06,27.608333333333334,33.2,30.023611111111112,38.1,30.498333333333335,30.829999999999995,27.136666666666667,1,1,51,33,100.0,57.86,HIGH
Mumbai,19.076,72.8777,2022-05-22,30.508333333333336,35.51,26.94,65.585,83.02,6.0254166666666675,918.35,29.254166666666666,35.0,26.0,26.82148598707246,28.99058784199518,39.794864820822305,45.59773293539624,20.034560951161847,0.29,26.94,27.974999999999998,33.3,29.368055555555557,36.0,30.071666666666665,30.60833333333333,27.093333333333334,1,1,52,34,100.0,58.94,HIGH
Mumbai,19.076,72.8777,2022-05-23,30.884583333333335,35.45,27.59,66.99333333333333,84.35,5.776666666666666,911.15,30.0125,35.1,27.1,27.34690874063456,29.433279560758415,40.97722398777942,48.203946497735615,24.580375958410652,3.94,27.59,28.791666666666668,33.9,29.408333333333335,35.1,29.867499999999996,30.606527777777774,27.19666666666667,1,1,53,35,100.0,59.89,HIGH
Mumbai,19.076,72.8777,2022-05-24,30.671666666666667,35.66,27.0,66.78708333333334,85.02,4.430833333333333,845.0,30.429166666666664,35.1,28.0,27.108943647832515,29.390130689223817,40.844082257631435,47.95872446561184,24.38224360605081,1.07,27.0,29.508333333333336,33.7,29.898611111111112,35.1,29.709166666666665,30.688194444444445,27.176666666666666,1,1,54,36,100.0,59.300000000000004,HIGH
Mumbai,19.076,72.8777,2022-05-25,30.37,35.84,26.4,62.15083333333333,86.24,3.6925000000000003,886.3,29.95,35.1,26.9,26.28400941663575,29.01960197502114,39.87106549010793,46.001036786026845,19.758266446241002,0.1,26.4,28.84166666666667,34.0,30.13055555555556,35.1,29.72083333333333,30.64208333333333,26.996666666666666,1,1,55,37,100.0,58.7,HIGH
Mumbai,19.076,72.8777,2022-05-26,30.74875,36.05,26.34,59.684583333333336,76.22,4.1375,939.95,29.84166666666667,35.1,27.0,26.362971880238177,28.84372428376209,39.45309266486951,45.10994908160758,19.654663654324533,0.0,26.34,28.633333333333336,33.5,30.073611111111116,35.1,29.8975,30.59680555555555,26.58,1,1,56,38,100.0,58.64,HIGH
Mumbai,19.076,72.8777,2022-05-27,31.379166666666666,36.36,27.45,56.26500000000001,76.56,4.837083333333333,944.35,30.170833333333334,35.5,27.2,26.55025614069837,28.899811933991675,39.29896784406155,44.29713505039306,21.172936416449748,0.0,27.45,28.916666666666668,33.7,29.987500000000008,35.5,30.080833333333334,30.832638888888884,26.73,1,1,57,39,100.0,60.95,HIGH
Mumbai,19.076,72.8777,2022-05-28,31.287499999999998,36.4,27.78,58.83625,75.67,5.014583333333333,918.47,30.0,35.6,27.1,26.764115219300578,29.033827894333037,39.509693603293876,44.907039238554674,21.747285455544176,0.0,27.78,28.541666666666668,33.6,30.004166666666674,35.6,30.07833333333333,31.138472222222216,27.19,1,1,58,40,100.0,61.580000000000005,HIGH
Mumbai,19.076,72.8777,2022-05-29,30.697916666666668,35.55,27.1,61.64666666666667,77.7,4.755416666666666,909.5,29.762500000000003,34.7,27.3,26.562790830936038,28.930195488631743,39.64592364054657,44.53704180550095,20.256581700153436,0.0,27.1,28.700000000000003,33.4,29.977777777777785,35.6,29.945000000000004,31.12152777777777,27.44333333333333,1,1,59,41,100.0,58.20000000000001,HIGH
Mumbai,19.076,72.8777,2022-05-30,31.0,36.22,26.99,60.52375,78.29,4.7875000000000005,883.97,29.833333333333332,35.4,26.4,26.691126268859247,29.068783626718936,39.98218324830307,46.99520587868122,21.10130371488755,0.0,26.99,28.50833333333333,33.9,29.86527777777778,35.6,29.92166666666667,30.995138888888885,27.290000000000003,1,1,60,42,100.0,60.19,HIGH
Mumbai,19.076,72.8777,2022-05-31,30.804583333333337,36.35,27.1,59.58916666666667,76.97,4.525833333333334,926.62,29.6125,35.5,26.3,26.37735209977436,28.947173820125407,39.689566542660046,46.37592714964582,18.954596709231925,0.41,27.1,28.291666666666668,33.5,29.736111111111114,35.5,29.875833333333333,30.834166666666665,27.063333333333333,1,1,61,43,100.0,60.6,HIGH
Mumbai,19.076,72.8777,2022-06-01,30.827083333333334,36.9,27.06,61.79083333333333,77.33,4.0275,877.75,30.083333333333332,36.5,26.6,26.652712368906617,29.427936166094593,40.686110774379344,50.46955559628206,21.37259419894099,0.44,27.06,28.650000000000002,34.0,29.843055555555562,36.5,29.85833333333333,30.87722222222222,27.05,1,1,62,44,100.0,63.559999999999995,HIGH
Mumbai,19.076,72.8777,2022-06-02,31.02291666666667,36.57,27.37,60.975,80.1,4.514166666666667,863.4,30.125,35.7,27.0,26.697034874443304,28.772668637461287,38.93667443248076,44.448286110025784,21.467929975912842,0.23,27.37,28.833333333333332,33.4,29.940277777777784,36.5,29.883333333333333,30.88486111111111,27.176666666666666,1,1,63,45,100.0,61.47000000000001,HIGH
Mumbai,19.076,72.8777,2022-06-03,30.733333333333334,36.6,27.08,62.99458333333333,83.19,4.39625,916.4,29.895833333333332,35.7,26.7,26.632528766165965,28.795826011285087,38.93276939451461,44.51384143063051,20.384828654713175,0.28,27.08,28.50833333333333,33.3,30.03472222222223,36.5,29.910000000000004,30.861111111111104,27.169999999999998,1,1,64,46,100.0,61.18000000000001,HIGH
Mumbai,19.076,72.8777,2022-06-04,30.971249999999998,37.18,26.97,60.755833333333335,83.21,4.062916666666667,905.22,30.3,36.4,27.2,26.561945573983,28.790615451279923,37.852561111111115,46.80885601567552,21.127465093423027,0.13,26.97,28.808333333333334,33.7,30.10694444444445,36.4,30.003333333333337,30.909166666666664,27.139999999999997,1,1,65,47,100.0,63.169999999999995,HIGH
Mumbai,19.076,72.8777,2022-06-05,31.057083333333335,37.18,26.92,60.27583333333333,80.62,3.6145833333333335,868.25,30.791666666666668,36.5,27.9,26.621795846909027,29.099921292225154,38.89246194091619,48.02764310372861,22.73500803086084,0.15,26.92,29.575,34.6,30.32916666666667,36.5,30.239166666666666,30.920555555555552,26.99,1,1,66,48,100.0,63.42,HIGH
Mumbai,19.076,72.8777,2022-06-06,31.165000000000003,36.59,27.19,60.23166666666666,78.4,3.9754166666666664,855.95,30.6375,35.8,28.0,26.766115837445465,29.00881635806593,39.35030235572563,45.498560185308904,23.232624148903326,0.17,27.19,29.416666666666668,34.0,30.576388888888896,36.5,30.35,31.064444444444444,27.026666666666667,1,1,67,49,100.0,61.58999999999999,HIGH
Mumbai,19.076,72.8777,2022-06-07,30.436666666666667,35.05,27.44,65.61666666666666,84.74,4.136666666666667,830.12,29.854166666666668,34.0,27.8,26.744465638777257,28.400257500950666,38.45456219173856,40.16126136523336,21.119906453904917,1.74,27.44,28.75,31.7,30.427777777777788,36.5,30.29583333333333,30.88625,27.183333333333337,1,1,68,50,100.0,56.44,HIGH
Mumbai,19.076,72.8777,2022-06-08,30.340833333333332,34.67,27.36,68.69541666666667,85.69,4.0025,873.92,30.108333333333334,33.9,27.7,27.039433078163018,28.790035064727256,39.37036542140676,41.69769421190931,23.16230172342605,1.37,27.36,29.25833333333333,32.8,30.200000000000006,35.8,30.33833333333333,30.647499999999994,27.330000000000002,1,1,69,51,100.0,56.059999999999995,HIGH
Mumbai,19.076,72.8777,2022-06-09,30.197083333333335,34.03,27.14,70.66583333333334,88.74,3.55125,887.92,30.420833333333334,33.8,28.3,27.139166019821506,28.685813033894917,39.16019682252579,41.13152329518543,24.39827438647446,4.57,27.14,29.766666666666666,33.3,30.127777777777784,34.0,30.3625,30.324861111111108,27.313333333333333,1,1,70,52,100.0,55.53999999999999,HIGH
Mumbai,19.076,72.8777,2022-06-10,29.134583333333335,32.6,26.27,77.4225,93.32,3.5175,819.95,29.59583333333333,32.6,26.5,26.860658540333645,28.210959220677218,38.052748358696256,35.74396319133275,20.23753249919209,20.41,26.27,28.925,32.4,30.04166666666667,33.9,30.123333333333335,29.89083333333333,26.923333333333332,1,1,71,53,100.0,51.07000000000001,HIGH
Mumbai,19.076,72.8777,2022-06-11,27.719583333333333,30.67,25.82,83.58208333333333,93.42,4.21875,576.97,27.608333333333334,29.7,26.3,26.151112604310654,27.550174384101325,36.37259193703215,25.05060309754932,10.932750902902285,16.33,25.82,27.541666666666668,29.4,29.20833333333334,33.8,29.517500000000002,29.01708333333333,26.41,0,1,0,54,100.0,41.919999999999995,MODERATE
Mumbai,19.076,72.8777,2022-06-12,28.325833333333335,32.0,25.81,77.90666666666667,94.5,4.78125,626.22,27.59583333333333,30.6,25.9,26.11749081753061,27.635035503815395,36.65427642321084,27.800129488151264,11.0820386988336,3.84,25.81,26.650000000000002,29.1,28.26666666666667,32.6,29.065833333333337,28.39333333333333,25.96666666666667,0,1,0,55,100.0,44.61,MODERATE
Mumbai,19.076,72.8777,2022-06-13,29.250416666666666,33.79,25.97,74.86666666666666,94.06,4.841666666666667,845.58,28.629166666666666,32.6,26.2,26.63655644520496,28.335735387983576,38.27920710465637,36.06521234191279,16.393221027801776,1.6400000000000001,25.97,27.599999999999998,31.2,27.944444444444446,32.6,28.77,28.43194444444444,25.866666666666664,1,1,1,56,100.0,50.77,HIGH
Mumbai,19.076,72.8777,2022-06-14,29.440416666666668,34.55,26.35,73.50125,93.74,4.8500000000000005,856.12,28.90416666666667,33.5,26.9,26.650288433711015,28.627029620616295,38.973979013080616,39.54324452539724,17.18651413846008,1.68,26.35,27.724999999999998,31.1,28.376388888888894,33.5,28.46666666666667,29.00555555555555,26.043333333333333,1,1,2,57,100.0,53.85,HIGH
Mumbai,19.076,72.8777,2022-06-15,29.148333333333337,32.9,26.35,77.04958333333333,93.34,4.46375,843.3,29.116666666666664,32.0,27.0,26.83910292852872,28.43863620094473,38.64987148560445,35.44623163379458,19.047933757849112,7.74,26.35,28.3,30.4,28.883333333333336,33.5,28.370833333333337,29.27972222222222,26.223333333333333,1,1,3,58,100.0,49.35,MODERATE
Mumbai,19.076,72.8777,2022-06-16,29.04125,32.34,26.53,77.89166666666667,93.58,4.207916666666667,693.62,29.329166666666666,31.2,27.9,26.820081671766726,28.072365664874148,37.76579641287485,31.578659092774487,19.213582546772752,7.140000000000001,26.53,28.816666666666666,30.8,29.116666666666674,33.5,28.714999999999996,29.209999999999997,26.41,0,1,0,59,100.0,47.129999999999995,MODERATE
Mumbai,19.076,72.8777,2022-06-17,28.186666666666667,30.7,25.57,81.41625,93.82,4.055416666666667,828.67,28.233333333333334,29.5,24.8,26.38726500315853,27.389798992232596,35.809775014025874,23.282575665768007,14.192256552911758,7.55,25.57,27.425,29.3,28.89305555555556,32.0,28.842499999999994,28.792083333333334,26.150000000000002,0,1,0,60,100.0,41.07,MODERATE
Mumbai,19.076,72.8777,2022-06-18,28.8325,32.84,25.48,77.67666666666666,93.97,4.710416666666666,789.17,28.329166666666666,31.7,24.5,26.5749311118423,28.12068635974062,37.805258540343566,32.95751511254669,15.712289597410818,7.81,25.48,27.108333333333334,30.5,28.63055555555556,31.7,28.7825,28.68680555555555,25.86,0,1,0,61,100.0,47.57999999999999,MODERATE
Mumbai,19.076,72.8777,2022-06-19,28.730833333333333,32.04,26.72,81.09833333333333,92.59,5.919999999999999,286.85,28.004166666666666,31.1,25.8,26.850336694045826,28.080162069036607,37.951167242842004,31.27531461890728,16.2981617722965,30.61,26.72,27.099999999999998,30.4,28.188888888888894,31.7,28.6025,28.58333333333333,25.923333333333332,0,1,0,62,100.0,47.02,MODERATE
Mumbai,19.076,72.8777,2022-06-20,28.18541666666667,30.69,26.46,82.85625,92.15,5.475833333333333,158.27,27.5125,29.5,25.9,26.511415049397442,27.544826239917768,36.57593422440819,24.711378045325645,12.847994566865994,21.14,26.46,26.916666666666668,29.0,27.948611111111116,31.7,28.281666666666666,28.582916666666662,26.22,0,1,0,63,100.0,41.96,MODERATE
Mumbai,19.076,72.8777,2022-06-21,27.935000000000002,30.13,26.43,84.46583333333334,92.81,5.432083333333334,582.42,27.329166666666666,28.7,26.4,26.465653283412006,27.341575740270255,35.69214109586677,21.33311078243404,12.243852879211529,11.51,26.43,27.075,28.4,27.61527777777778,31.1,27.881666666666668,28.283749999999998,26.536666666666665,0,1,0,64,100.0,39.529999999999994,MODERATE
Mumbai,19.076,72.8777,2022-06-22,27.189166666666665,29.18,24.89,87.58208333333333,95.63,2.25,617.7,29.2,30.9,27.0,26.04662969023175,27.11625287342983,34.750277584986854,25.088130433321535,14.479479403738411,19.95,24.89,28.46666666666667,30.0,28.013888888888896,30.9,28.075,27.76986111111111,25.926666666666666,0,0,0,0,0.0,19.589999999999996,LOW
Mumbai,19.076,72.8777,2022-06-23,27.81375,31.8,24.83,80.46458333333334,95.5,2.8016666666666663,671.08,28.650000000000002,32.4,26.7,25.87959198429505,27.454837869677792,36.220706478681066,31.036373328604345,12.39776259993723,23.34,24.83,27.675,30.9,28.39305555555556,32.4,28.139166666666664,27.645972222222216,25.383333333333336,1,0,1,0,12.0,27.029999999999994,MODERATE
Mumbai,19.076,72.8777,2022-06-24,26.831666666666667,29.47,25.29,87.03916666666667,95.53,3.044583333333333,708.4,27.662499999999998,30.7,22.9,25.64526476066652,26.820990318504247,34.28049859570939,23.54383929960786,9.534953293965428,11.1,25.29,26.808333333333334,30.0,28.504166666666674,32.4,28.070833333333333,27.278194444444438,25.00333333333333,0,1,0,1,13.333333333333332,22.72333333333333,LOW
Mumbai,19.076,72.8777,2022-06-25,26.81125,29.25,25.19,88.995,96.64,3.6679166666666667,834.92,27.433333333333334,29.4,26.7,25.824215846977125,27.16450448311452,34.85909008352782,18.82750482632427,8.451219085026622,11.53,25.19,27.591666666666665,29.4,27.915277777777778,32.4,28.055,27.152222222222218,25.103333333333335,0,1,0,2,26.666666666666664,22.05666666666666,LOW
Mumbai,19.076,72.8777,2022-06-26,27.175,29.68,25.3,87.63041666666668,96.46,4.22,709.95,27.041666666666668,29.7,23.9,26.03970981375413,27.315874700088642,35.458772193859154,23.375542848938817,10.088362266966543,7.85,25.3,26.849999999999998,29.7,27.379166666666674,30.7,27.997500000000002,26.939305555555553,25.26,0,1,0,3,40.0,26.4,MODERATE
Mumbai,19.076,72.8777,2022-06-27,27.256666666666664,29.38,25.61,88.13041666666668,95.22,5.709166666666667,545.92,26.491666666666664,28.1,25.0,26.167662968534504,27.392090521477964,35.45709170877981,19.780264354677207,8.172644565220168,17.77,25.61,25.916666666666668,27.8,26.988888888888894,29.7,27.455833333333334,27.08097222222222,25.36666666666667,0,1,0,4,53.33333333333333,25.243333333333336,MODERATE
Mumbai,19.076,72.8777,2022-06-28,27.6925,30.12,25.94,85.30624999999999,95.37,4.453333333333333,392.98,27.666666666666668,28.9,25.9,26.2902804187751,27.355434738730413,35.87437755532709,22.033154264301743,11.456728388084132,16.96,25.94,26.925,28.4,27.066666666666674,29.7,27.259166666666665,27.374722222222218,25.616666666666664,0,1,0,5,66.66666666666667,31.306666666666665,MODERATE
Mumbai,19.076,72.8777,2022-06-29,27.84875,30.63,26.11,87.40708333333333,94.99,5.456666666666667,638.4,27.433333333333334,29.9,24.8,26.676242471387297,28.007921154599284,37.51632435394087,27.918393336789908,13.180774224180256,39.82,26.11,26.675,29.7,27.197222222222223,29.9,27.21333333333333,27.59930555555555,25.886666666666667,0,1,0,6,80.0,37.809999999999995,MODERATE
Mumbai,19.076,72.8777,2022-06-30,27.219166666666666,29.16,25.85,88.75125000000001,94.84,5.10875,548.85,26.974999999999998,28.2,25.4,26.188038824906794,27.135158587530945,34.861328058233916,17.741413204535373,8.93379248067715,57.37,25.85,26.46666666666667,27.2,27.358333333333338,29.9,27.121666666666663,27.586805555555554,25.96666666666667,0,1,0,7,93.33333333333334,35.78333333333333,MODERATE
Mumbai,19.076,72.8777,2023-04-01,27.765833333333333,36.18,19.25,52.79916666666667,87.06,3.36375,993.9,26.1875,34.6,18.6,22.298259871729012,25.40026901479549,36.39666666666666,30.54894523809274,8.047070658634627,0.0,19.25,23.575,31.1,26.86527777777778,34.6,26.950833333333332,27.611249999999995,23.736666666666668,1,0,1,0,12.0,28.800000000000004,MODERATE
Mumbai,19.076,72.8777,2023-04-02,27.442916666666665,35.14,21.47,57.06125,89.71,3.0395833333333333,987.78,26.3125,33.5,22.2,22.73551718167977,26.123349067488913,35.467299999999994,28.98291676768412,7.686038830874915,0.0,21.47,24.583333333333332,31.7,26.49166666666667,34.6,26.915,27.475972222222214,22.189999999999998,1,0,2,0,24.0,29.97,MODERATE
Mumbai,19.076,72.8777,2023-04-03,27.8475,35.74,21.72,56.3475,83.98,2.81,966.85,27.037499999999998,34.1,23.1,22.931566107799807,25.75246599767287,36.01215,30.34405016693166,8.162441887432065,0.0,21.72,25.349999999999998,31.5,26.512500000000006,34.6,26.789166666666667,27.685416666666665,20.813333333333333,1,0,3,0,36.0,35.02,MODERATE
Mumbai,19.076,72.8777,2023-04-04,28.660833333333333,36.83,22.18,53.07041666666667,85.39,3.0316666666666667,973.1,27.741666666666664,35.5,22.8,23.323762220074183,26.861962642520183,37.24039444444444,38.24057874881659,11.10738312806405,0.0,22.18,25.291666666666668,32.6,27.030555555555562,35.5,26.850833333333334,27.983749999999997,21.790000000000003,1,0,4,0,48.0,42.68,MODERATE
Mumbai,19.076,72.8777,2023-04-05,29.3275,38.17,22.34,52.44166666666666,86.16,3.0370833333333334,925.7,28.6375,37.3,22.6,23.68936967607165,26.99754351382396,38.588016666666675,43.92843586323421,13.133345369559406,0.05,22.34,26.15833333333333,35.4,27.80555555555556,37.3,27.18333333333333,28.611944444444436,22.08,1,0,5,0,60.0,51.239999999999995,HIGH
Mumbai,19.076,72.8777,2023-04-06,30.41208333333333,38.85,22.34,43.48666666666667,86.15,3.8658333333333332,952.92,28.5625,38.0,21.9,23.578954182563823,26.972426322128086,39.280627777777774,46.596085729669284,14.387034693937608,0.34,22.34,25.266666666666666,35.3,28.313888888888894,38.0,27.65833333333333,29.466805555555553,22.286666666666665,1,0,6,0,72.0,56.34,HIGH
Mumbai,19.076,72.8777,2023-04-07,32.57833333333333,39.42,25.47,31.689999999999998,47.05,2.919166666666667,862.3,30.958333333333332,39.2,22.2,24.01663070648611,27.062002503935574,39.880505555555565,50.30735646797388,19.97475880812647,0.08,25.47,27.366666666666664,35.6,29.386111111111116,39.2,28.5875,30.77263888888889,23.383333333333336,1,1,7,1,97.33333333333333,69.40333333333334,HIGH
Mumbai,19.076,72.8777,2023-04-08,32.25875,40.01,26.28,38.48791666666667,54.62,2.955833333333333,854.12,30.974999999999998,40.0,24.7,24.675178371563092,27.979632910390706,40.57702777777778,55.656060214125795,20.265267688199405,0.0,26.28,28.133333333333336,36.7,30.165277777777778,40.0,29.375,31.749722222222218,24.69666666666667,1,1,8,2,100.0,73.28,SEVERE
Mumbai,19.076,72.8777,2023-04-09,32.58875,40.02,26.05,38.591249999999995,55.34,2.9341666666666666,895.83,31.516666666666666,40.2,25.3,25.070163728703875,28.862402301352972,40.68385555555556,58.89178114737027,22.369442715359828,0.51,26.05,29.05,37.9,31.150000000000006,40.2,30.129999999999995,32.47527777777777,25.933333333333334,1,1,9,3,100.0,73.65,SEVERE
Mumbai,19.076,72.8777,2023-04-10,32.96625,41.58,25.87,41.77833333333333,77.22,3.0691666666666664,919.38,32.30416666666667,41.9,25.8,25.5702268149351,28.909937275323784,42.27530555555555,64.66907719754315,25.321905882187327,0.05,25.87,29.525000000000002,38.9,31.598611111111115,41.9,30.863333333333333,32.60458333333333,26.066666666666666,1,1,10,4,100.0,78.57,SEVERE
Mumbai,19.076,72.8777,2023-04-11,33.074999999999996,41.66,25.76,44.846666666666664,78.15,2.7758333333333334,916.97,32.829166666666666,42.1,27.0,26.05777853513069,29.304219369202436,42.3902,66.54382235881504,27.41704546146107,0.07,25.76,30.308333333333334,39.8,32.21666666666667,42.1,31.71666666666667,32.876666666666665,25.893333333333334,1,1,11,5,100.0,79.06,SEVERE
Mumbai,19.076,72.8777,2023-04-12,34.14416666666667,41.3,26.21,35.99208333333333,72.23,3.750833333333333,931.22,32.8375,41.5,26.0,25.917282507420705,28.984908375226365,41.99237222222223,63.577073201155024,27.585794794050443,1.3900000000000001,26.21,29.683333333333334,38.6,32.65694444444445,42.1,32.092499999999994,33.39513888888889,25.94666666666667,1,1,12,6,100.0,77.71000000000001,SEVERE
Mumbai,19.076,72.8777,2023-04-13,33.85,40.37,28.17,38.11708333333333,58.99,3.0029166666666662,792.7,33.1875,40.5,27.6,25.964548602637787,28.564778862703726,41.00175,58.96460462778563,28.53648686110306,0.79,28.17,30.96666666666667,39.1,32.95138888888889,42.1,32.535000000000004,33.68972222222222,26.713333333333335,1,1,13,7,100.0,76.67,SEVERE
Mumbai,19.076,72.8777,2023-04-14,30.873333333333335,37.2,25.44,47.52,71.54,2.4570833333333333,855.03,30.425,36.5,24.6,24.709846260607637,26.81992196445644,37.60744444444445,40.93363062766884,16.81225391764932,1.57,25.44,28.416666666666668,33.8,32.15,41.5,32.31666666666667,32.95583333333334,26.606666666666666,1,1,14,8,100.0,61.94,HIGH
Mumbai,19.076,72.8777,2023-04-15,31.68875,40.29,25.12,42.782916666666665,63.19,2.4995833333333333,981.4,31.004166666666666,40.6,24.1,24.728200623159157,28.750160554547872,40.944300000000005,59.8759599245132,20.73554604671767,1.0,25.12,27.858333333333334,37.1,31.53888888888889,40.6,32.056666666666665,32.13736111111111,26.243333333333336,1,1,15,9,100.0,73.92000000000002,SEVERE
Mumbai,19.076,72.8777,2023-04-16,31.329583333333332,39.83,24.31,45.885416666666664,70.84,2.7883333333333336,978.7,30.666666666666668,39.7,23.7,24.70830200033009,28.280680924873348,40.42654999999999,55.51730364418525,19.821870664013193,0.2,24.31,27.683333333333334,37.5,30.698611111111116,40.6,31.624166666666667,31.297222222222217,24.956666666666667,1,0,16,0,100.0,70.41000000000001,SEVERE
Mumbai,19.076,72.8777,2023-04-17,31.307916666666667,39.87,24.35,43.04,68.37,3.0104166666666665,934.47,30.254166666666666,39.4,23.6,24.19134539180268,27.277499150435318,40.35853333333333,51.73299859453397,17.19884484997635,0.22,24.35,27.075,35.5,30.64166666666667,40.6,31.107499999999998,31.44208333333333,24.593333333333334,1,0,17,0,100.0,69.54999999999998,HIGH
Mumbai,19.076,72.8777,2023-04-18,33.39458333333334,42.58,25.03,35.062916666666666,66.25,3.5879166666666666,902.85,31.995833333333334,42.9,24.0,24.975351874126144,29.017703901112345,43.31838333333334,68.49301025406169,24.752597637970442,0.21,25.03,28.099999999999998,38.6,30.97222222222223,42.9,30.869166666666665,32.01069444444445,24.563333333333333,1,1,18,1,100.0,80.72999999999999,SEVERE
Mumbai,19.076,72.8777,2023-04-19,33.33166666666667,42.76,26.03,40.62166666666666,74.34,3.439166666666667,884.58,32.63333333333333,43.1,24.5,25.496300707198515,29.22932867488495,43.52343333333332,69.80618892320558,26.550806364310436,0.64,26.03,29.458333333333332,40.2,31.62777777777778,43.1,31.310833333333335,32.67805555555555,25.136666666666667,1,1,19,2,100.0,82.33000000000001,SEVERE
Mumbai,19.076,72.8777,2023-04-20,30.995416666666667,39.43,23.86,48.83291666666667,86.24,3.409166666666667,930.55,30.304166666666664,39.0,24.7,24.6980513542288,28.04296684687433,39.995688888888886,52.92949957443941,17.86466300005564,0.34,23.86,27.883333333333336,36.3,31.644444444444446,43.1,31.170833333333338,32.57388888888889,24.973333333333333,1,0,20,0,100.0,67.86,HIGH
Mumbai,19.076,72.8777,2023-04-21,29.493333333333336,37.46,23.41,55.918749999999996,90.47,3.095,1008.53,29.03333333333333,36.4,24.6,24.303859555187902,27.28003827105605,37.92033888888889,42.325527673827125,13.173185015823059,0.05,23.41,27.191666666666666,34.7,30.656944444444445,43.1,30.844166666666666,31.273472222222225,24.433333333333334,1,0,21,0,100.0,59.61,HIGH
Mumbai,19.076,72.8777,2023-04-22,28.91208333333333,36.01,23.25,58.82583333333333,91.13,3.2091666666666665,974.72,28.370833333333334,34.5,24.7,24.259042527648813,27.140349492455453,36.466338888888885,35.90264751118278,11.099145418919116,0.0,23.25,26.875,32.9,29.236111111111114,39.0,30.4675,29.80027777777778,23.506666666666664,1,0,22,0,100.0,53.75,HIGH
Mumbai,19.076,72.8777,2023-04-23,29.554166666666664,36.91,23.21,56.92541666666667,91.38,3.4429166666666666,966.62,29.020833333333332,35.7,24.7,24.59522001260657,27.474167175870644,37.39993888888888,40.71592664838488,13.254272447851946,0.0,23.21,27.008333333333336,33.1,28.808333333333337,36.4,29.872500000000002,29.31986111111111,23.290000000000003,1,0,23,0,100.0,57.31000000000001,HIGH
Mumbai,19.076,72.8777,2023-04-24,31.00375,38.23,23.19,41.42916666666667,90.51,2.9729166666666664,977.53,29.8625,37.8,23.1,23.92782382778739,26.72577399296761,38.63286666666666,44.792858210786875,15.916045659170216,0.0,23.19,27.316666666666666,36.0,29.08472222222223,37.8,29.318333333333335,29.823333333333334,23.21666666666667,1,0,24,0,100.0,63.58999999999999,HIGH
Mumbai,19.076,72.8777,2023-04-25,31.60375,40.55,25.02,42.55041666666667,86.03,3.1725,977.1,30.579166666666666,40.0,22.2,24.042254338444163,26.950220423980312,40.990338888888886,52.975269967593114,17.82574427664831,0.0,25.02,28.166666666666668,37.8,29.820833333333336,40.0,29.373333333333335,30.720555555555553,23.80666666666667,1,1,25,1,100.0,72.02,SEVERE
Mumbai,19.076,72.8777,2023-04-26,28.93041666666667,34.6,24.47,59.925000000000004,86.7,2.9725,948.9,28.474999999999998,32.7,25.7,24.539419871350418,26.444704206003106,34.961555555555556,27.471015051381073,9.869945318210577,0.33999999999999997,24.47,27.508333333333336,31.8,29.638888888888896,40.0,29.261666666666667,30.51263888888889,24.226666666666663,1,0,26,0,100.0,49.57000000000001,MODERATE
Mumbai,19.076,72.8777,2023-04-27,30.00916666666667,36.59,24.28,53.02916666666667,85.04,2.6770833333333335,935.47,29.645833333333332,35.5,26.4,24.721222703184676,27.77873246648371,37.10642777777779,40.43102345143793,14.415640190750919,0.14,24.28,28.099999999999998,33.9,29.566666666666674,40.0,29.516666666666662,30.181111111111118,24.59,1,0,27,0,100.0,57.78,HIGH
Mumbai,19.076,72.8777,2023-04-28,29.885833333333334,36.17,24.87,56.15875,77.21,2.717916666666667,946.97,29.77916666666667,35.2,26.2,25.066482166424475,28.30232771234022,36.78774444444444,41.151471404413805,15.65273952873838,0.16999999999999998,24.87,28.483333333333334,34.2,29.3,35.5,29.668333333333333,29.608472222222222,24.540000000000003,1,0,28,0,100.0,57.470000000000006,HIGH
Mumbai,19.076,72.8777,2023-04-29,29.372083333333332,36.07,23.63,53.071666666666665,77.82,2.7587499999999996,954.55,28.84166666666667,34.8,24.6,24.11440828665062,27.2065057459862,36.534949999999995,36.910778107523804,12.163437680676884,0.35,23.63,27.516666666666666,33.5,29.422222222222228,35.5,29.464166666666664,29.755694444444444,24.26,1,0,29,0,100.0,55.02999999999999,HIGH
Mumbai,19.076,72.8777,2023-04-30,28.99,35.27,23.57,56.154583333333335,79.26,3.263333333333333,963.97,28.166666666666668,33.4,24.7,24.141991689567178,26.86231803151621,35.649988888888885,30.92428938017843,9.898328196086176,0.66,23.57,26.958333333333332,32.3,28.929166666666674,35.2,28.981666666666666,29.415972222222223,24.023333333333337,1,0,30,0,100.0,50.769999999999996,HIGH
Mumbai,19.076,72.8777,2023-05-01,29.241249999999997,36.35,24.22,48.49875,79.32,2.81,770.12,28.429166666666664,34.6,24.5,23.17601967969904,25.478343860651197,36.581577777777774,31.258152354900453,10.080989161538085,0.17,24.22,27.24166666666667,33.2,28.47916666666667,34.8,28.972500000000004,29.201111111111107,23.80666666666667,1,0,31,0,100.0,55.02,HIGH
Mumbai,19.076,72.8777,2023-05-02,29.611666666666665,35.41,24.73,57.338750000000005,81.41,2.7670833333333333,981.53,29.3125,34.2,26.0,24.930429108730237,27.417252112998987,35.91365555555555,35.28501922961471,13.573274324243949,1.44,24.73,28.03333333333333,33.3,28.636111111111116,34.6,28.905833333333334,29.28097222222222,24.173333333333336,1,0,32,0,100.0,54.33000000000001,HIGH
Mumbai,19.076,72.8777,2023-05-03,29.563333333333333,35.58,24.73,57.2725,82.34,3.1487499999999997,966.72,29.037499999999998,34.3,25.9,24.879120121549764,27.67912147912099,36.11423333333332,36.42986552006112,12.98602515739305,0.26,24.73,27.691666666666666,33.1,28.92638888888889,34.6,28.7575,29.47208333333333,24.56,1,0,33,0,100.0,54.629999999999995,HIGH
Mumbai,19.076,72.8777,2023-05-04,30.031666666666666,36.46,24.8,53.0825,78.26,2.7070833333333333,957.6,29.675,35.4,26.3,24.770413406806085,27.71337763830173,36.977266666666665,40.049492323510776,14.664673805323917,0.1,24.8,28.608333333333334,34.3,29.34166666666667,35.4,28.924166666666668,29.735555555555553,24.75333333333333,1,0,34,0,100.0,58.0,HIGH
Mumbai,19.076,72.8777,2023-05-05,30.093333333333334,36.74,25.3,55.95708333333334,76.3,3.030416666666667,958.97,29.804166666666664,35.9,25.9,25.195034820538996,28.175243130968557,37.330961111111115,43.2566399796115,15.809931792880818,0.08,25.3,28.875,34.8,29.50555555555556,35.9,29.251666666666665,29.89611111111111,24.94333333333333,1,1,35,1,100.0,59.99999999999999,HIGH
Mumbai,19.076,72.8777,2023-05-06,30.671666666666667,36.76,25.57,56.66833333333333,77.22,3.5508333333333333,949.08,30.02916666666667,35.9,26.5,25.847088684404195,28.658522404280752,37.42424444444444,44.790127599315674,18.120186547199015,0.05,25.57,28.733333333333334,34.4,29.83611111111112,35.9,29.571666666666665,30.265555555555554,25.223333333333333,1,1,36,2,100.0,60.269999999999996,HIGH
Mumbai,19.076,72.8777,2023-05-07,30.63875,36.35,26.25,59.51416666666666,80.54,3.18875,887.58,30.46666666666667,35.8,27.6,26.208823436090317,28.98973307765429,39.24703959056538,44.98672097209332,20.31783761599635,0.28,26.25,29.308333333333334,34.4,30.100000000000005,35.9,29.8025,30.467916666666667,25.706666666666667,1,1,37,3,100.0,60.64999999999999,HIGH
Mumbai,19.076,72.8777,2023-05-08,31.514583333333334,37.49,26.54,57.8175,81.79,3.1145833333333335,887.67,31.491666666666664,37.4,27.8,26.765966174977418,29.4366268318637,39.438534523773114,51.214834480232064,25.234448859196842,1.05,26.54,30.3,35.2,30.662500000000005,37.4,30.293333333333333,30.941666666666666,26.12,1,1,38,4,100.0,65.74,HIGH
Mumbai,19.076,72.8777,2023-05-09,32.37208333333333,40.17,26.91,55.749583333333334,82.99,3.0437499999999997,903.0,32.65,40.6,28.4,27.147147899547367,30.398406152375095,41.01857777777778,64.88528608997554,29.78961249709454,0.45,26.91,30.641666666666666,36.0,31.536111111111115,40.6,30.888333333333332,31.508472222222224,26.566666666666663,1,1,39,5,100.0,75.71000000000001,SEVERE
Mumbai,19.076,72.8777,2023-05-10,33.0425,41.29,26.54,55.63333333333333,89.86,2.9945833333333334,943.08,33.987500000000004,41.7,29.0,27.452592169671433,30.355109387750414,42.134905555555555,68.47611560286478,34.547974613148774,0.18,26.54,31.683333333333334,37.8,32.70972222222223,41.7,31.725,32.30972222222222,26.66333333333333,1,1,40,6,100.0,78.64000000000001,SEVERE
Mumbai,19.076,72.8777,2023-05-11,32.98166666666666,41.66,26.22,55.66458333333333,95.77,2.7583333333333333,963.28,34.074999999999996,41.9,29.0,27.178789868097482,29.5237597433612,42.39255,66.70352077597732,33.974258813956325,0.0,26.22,31.825,39.8,33.57083333333333,41.9,32.534166666666664,32.79874999999999,26.55666666666667,1,1,41,7,100.0,78.91999999999999,SEVERE
Mumbai,19.076,72.8777,2023-05-12,32.462916666666665,39.81,26.14,60.3725,97.43,2.797083333333333,986.75,33.699999999999996,39.8,29.5,27.583360345228034,29.887016238124552,40.59411666666667,60.982019728866405,34.117794928455126,0.0,26.14,32.050000000000004,37.7,33.92083333333334,41.9,33.180833333333325,32.829027777777775,26.3,1,1,42,8,100.0,72.53999999999999,SEVERE
Mumbai,19.076,72.8777,2023-05-13,32.4275,39.8,26.13,59.65166666666667,98.59,3.3716666666666666,972.97,33.1625,39.7,29.4,27.433599911141414,29.3724792575753,40.51679444444444,59.043998336172436,32.36794019486769,0.0,26.13,31.7,37.9,33.645833333333336,41.9,33.515,32.624027777777776,26.16333333333333,1,1,43,9,100.0,72.23,SEVERE
Mumbai,19.076,72.8777,2023-05-14,31.540000000000003,38.33,25.98,57.79208333333333,94.34,3.45375,986.85,31.858333333333334,37.8,28.4,26.475312201643163,28.581830825208108,38.95358333333333,50.63991276547938,24.459858391868078,0.0,25.98,30.491666666666664,36.2,32.90694444444445,39.8,33.35666666666667,32.14347222222222,26.083333333333332,1,1,44,10,100.0,66.38,HIGH
Mumbai,19.076,72.8777,2023-05-15,31.334999999999997,37.31,25.97,61.177083333333336,94.47,3.502083333333333,968.78,31.6125,36.6,29.0,26.865716304199964,28.926019499639743,37.99765000000001,47.841232411962714,25.54286017749715,0.0,25.97,30.458333333333332,35.0,32.211111111111116,39.7,32.88166666666667,31.767500000000002,26.026666666666667,1,1,45,11,100.0,62.769999999999996,HIGH
Mumbai,19.076,72.8777,2023-05-16,31.012083333333333,36.46,26.62,64.17083333333333,87.9,3.54625,962.45,31.2625,35.7,28.6,27.032813388725177,28.89660472098591,39.409233475610456,45.53815988233449,25.684312695364074,0.0,26.62,30.241666666666664,34.5,31.577777777777783,37.8,32.31916666666667,31.295694444444447,26.19,1,1,46,12,100.0,60.72000000000001,HIGH
Mumbai,19.076,72.8777,2023-05-17,31.472916666666666,38.84,26.23,60.82958333333334,87.65,3.6333333333333333,994.78,31.620833333333334,38.6,28.0,26.904491022087722,29.577176176505414,39.591350000000006,56.18052852951626,25.552420863121696,0.0,26.23,30.083333333333332,36.0,31.498611111111117,38.6,31.903333333333336,31.27333333333333,26.27333333333333,1,1,47,13,100.0,69.03,HIGH
Mumbai,19.076,72.8777,2023-05-18,31.83125,39.3,26.15,58.01416666666666,89.97,3.43375,978.08,32.125,39.1,28.6,26.8305863413391,29.497438839833507,40.03677222222222,57.5786401909981,26.71247849011633,0.0,26.15,30.333333333333332,36.4,31.66944444444445,39.1,31.695833333333336,31.43875,26.333333333333332,1,1,48,14,100.0,70.44999999999999,SEVERE
Mumbai,19.076,72.8777,2023-05-19,31.924166666666665,39.22,25.95,57.684583333333336,91.09,3.223333333333333,978.62,32.262499999999996,39.0,28.6,26.799783119718313,29.168934314445647,39.91247777777778,56.18119181770494,26.98991590724933,0.0,25.95,30.458333333333332,37.0,32.00277777777779,39.1,31.776666666666664,31.742777777777775,26.11,1,1,49,15,100.0,69.95,HIGH
Mumbai,19.076,72.8777,2023-05-20,31.26,38.01,26.48,62.337916666666665,87.52,3.108333333333333,969.47,31.741666666666664,37.6,28.4,26.972391579327475,29.546432881838612,38.772349999999996,52.876124732472356,26.153950222271686,0.0,26.48,30.125,34.8,32.04305555555556,39.1,31.8025,31.671805555555554,26.19333333333333,1,1,50,16,100.0,66.28,HIGH
Mumbai,19.076,72.8777,2023-05-21,31.31041666666667,38.22,26.3,60.4075,86.36,3.19125,963.72,31.645833333333332,37.7,28.5,26.74686063414853,29.25465779932006,38.93676666666667,52.39377049940947,24.98880985212267,0.17,26.3,30.266666666666666,35.3,31.883333333333336,39.0,31.879166666666663,31.498194444444447,26.243333333333336,1,1,51,17,100.0,66.4,HIGH
Mumbai,19.076,72.8777,2023-05-22,31.43166666666667,38.9,25.69,56.09708333333333,85.93,3.2275000000000005,974.25,31.495833333333334,38.5,27.9,26.233144395617405,28.953920514382357,39.569616666666654,54.04186299242242,23.037174692567977,0.21,25.69,29.75,36.1,31.62777777777778,38.5,31.854166666666664,31.33402777777778,26.156666666666666,1,1,52,18,100.0,68.19,HIGH
Mumbai,19.076,72.8777,2023-05-23,31.77541666666667,39.66,25.56,54.419999999999995,86.63,3.27,966.75,31.962500000000002,39.4,27.8,26.27865033616098,29.089461323987766,40.325977777777766,56.984480590320764,24.458481248093992,0.0,25.56,30.175,37.4,31.701388888888896,39.4,31.821666666666665,31.50583333333334,25.849999999999998,1,1,53,19,100.0,70.75999999999999,SEVERE
Mumbai,19.076,72.8777,2023-05-24,31.288750000000004,38.1,25.96,56.51083333333333,84.52,3.6958333333333333,955.42,30.808333333333334,37.4,27.4,26.23564428561306,28.629973528834505,38.7327,49.592268412590464,21.16497927198138,0.16,25.96,29.141666666666666,34.7,31.422222222222228,39.4,31.530833333333334,31.498611111111114,25.736666666666668,1,1,54,20,100.0,65.16,HIGH
Mumbai,19.076,72.8777,2023-05-25,30.955416666666665,36.87,26.71,59.43625,78.53,4.255833333333333,973.28,30.145833333333332,36.0,27.2,26.44009862542627,28.676387716068845,37.52618333333333,45.06322802540355,20.33362524077154,1.24,26.71,28.925,34.0,30.97222222222223,39.4,31.211666666666666,31.33986111111111,26.076666666666668,1,1,55,21,100.0,61.71,HIGH
Mumbai,19.076,72.8777,2023-05-26,30.828333333333333,36.21,26.76,60.71125,78.32,4.08875,961.47,30.3125,35.5,27.1,26.541067850368098,29.088767685695927,40.0282012064038,47.34517367135196,21.67630161603617,1.31,26.76,29.058333333333334,33.6,30.422222222222228,37.4,30.945,31.02416666666667,26.47666666666667,1,1,56,22,100.0,60.260000000000005,HIGH
Mumbai,19.076,72.8777,2023-05-27,30.737916666666667,35.83,26.56,60.12833333333333,76.82,4.315833333333333,929.1,29.895833333333332,34.8,27.0,26.393634165548985,28.626573230287725,38.95387145952119,43.27439052522942,19.830544249537507,0.75,26.56,28.75,33.0,30.118055555555557,36.0,30.625,30.840555555555554,26.676666666666666,1,1,57,23,100.0,57.959999999999994,HIGH
Mumbai,19.076,72.8777,2023-05-28,31.067916666666665,37.02,26.85,62.805416666666666,84.33,3.8524999999999996,951.05,30.941666666666666,36.4,27.7,26.94015922462496,29.294477729677318,39.962402980675044,48.25140903444257,24.544997791694154,0.57,26.85,29.608333333333334,34.6,30.383333333333336,36.4,30.42083333333333,30.87805555555555,26.723333333333333,1,1,58,24,100.0,63.05,HIGH
Mumbai,19.076,72.8777,2023-05-29,31.614583333333332,38.78,26.27,61.892500000000005,89.8,3.390833333333333,959.25,31.9875,38.8,27.8,27.22374415572818,29.868732027572698,39.568172222222216,57.457262839446344,28.098021330041615,1.45,26.27,30.099999999999998,36.8,30.941666666666674,38.8,30.656666666666666,31.140138888888885,26.560000000000002,1,1,59,25,100.0,69.66999999999999,HIGH
Mumbai,19.076,72.8777,2023-05-30,32.395833333333336,39.42,26.08,56.09125,90.89,3.2237500000000003,941.9,32.762499999999996,39.4,28.3,27.102090082798274,29.179560385076172,40.11681111111112,57.07813917870851,30.047511276338113,0.86,26.08,31.058333333333334,37.3,31.897222222222226,39.4,31.179999999999996,31.692777777777778,26.399999999999995,1,1,60,26,100.0,71.27999999999999,SEVERE
Mumbai,19.076,72.8777,2023-05-31,32.0875,38.63,26.54,58.41791666666666,88.4,2.9604166666666667,964.53,32.641666666666666,38.6,28.7,27.222284854752008,29.71234171896304,39.3862,56.05592246488882,29.925391466012204,0.42,26.54,31.0,37.1,32.46388888888889,39.4,31.645833333333332,32.03263888888889,26.296666666666667,1,1,61,27,100.0,69.34,HIGH
Mumbai,19.076,72.8777,2023-06-01,31.799166666666665,38.96,26.49,58.61166666666667,88.7,3.439166666666667,968.03,32.050000000000004,38.6,28.4,26.884533679596213,29.199223668986054,39.660683333333324,55.10696086203062,26.948359499489296,0.59,26.49,30.416666666666668,36.1,32.484722222222224,39.4,32.07666666666667,32.094166666666666,26.37,1,1,62,28,100.0,69.29,HIGH
Mumbai,19.076,72.8777,2023-06-02,30.885,36.81,26.86,63.04916666666667,85.96,3.749166666666667,946.78,30.833333333333332,35.9,28.5,26.752696924274872,28.737513886876176,37.94901037303634,45.078788037440134,23.26017085332941,0.95,26.86,29.766666666666666,33.9,31.841666666666672,38.6,32.05499999999999,31.590555555555554,26.63,1,1,63,29,100.0,61.559999999999995,HIGH
Mumbai,19.076,72.8777,2023-06-03,30.375416666666666,34.5,27.17,68.92791666666666,86.13,3.3037500000000004,916.4,30.804166666666664,33.8,29.1,27.106054165855877,28.568279908629872,38.80798082128232,40.47264913570032,25.259750868961685,1.76,27.17,30.258333333333336,33.0,31.22916666666667,38.6,31.818333333333335,31.019861111111112,26.84,1,1,64,30,100.0,55.56999999999999,HIGH
Mumbai,19.076,72.8777,2023-06-04,30.08,34.55,26.64,71.3225,92.33,2.841666666666667,886.92,31.15833333333333,34.2,29.4,27.06533757557111,28.799557188477742,39.40766685163706,42.68794708859589,25.606726784931922,5.08,26.64,30.599999999999998,33.9,30.93194444444445,35.9,31.497500000000002,30.446805555555557,26.89,1,1,65,31,100.0,56.24000000000001,HIGH
Mumbai,19.076,72.8777,2023-06-05,29.83791666666667,34.6,26.57,70.57583333333334,92.85,2.9004166666666666,912.35,30.65416666666667,33.8,28.6,26.7316161792171,28.412540576407366,38.42708474562169,39.424217160197486,22.626810915482235,0.9500000000000001,26.57,30.025000000000002,32.9,30.872222222222224,34.2,31.1,30.097777777777775,26.793333333333337,1,1,66,32,100.0,54.96999999999999,HIGH
Mumbai,19.076,72.8777,2023-06-06,30.865,36.24,26.9,67.38250000000001,87.02,3.0591666666666666,941.97,31.545833333333334,36.1,28.9,27.311404227634796,29.60713609309323,41.356943125146785,51.55570664897256,28.032262008662016,0.2,26.9,30.46666666666667,34.8,31.11944444444445,36.1,30.999166666666667,30.26097222222222,26.703333333333333,1,1,67,33,100.0,62.20000000000001,HIGH
Mumbai,19.076,72.8777,2023-06-07,30.740416666666665,35.67,26.91,66.96208333333333,86.94,3.03,938.2,31.420833333333334,35.0,29.1,27.163761819486243,28.913028639616726,39.60592495256213,45.20075979064333,27.0336194074208,0.15,26.91,30.358333333333334,33.5,31.20694444444445,36.1,31.116666666666664,30.481111111111108,26.793333333333333,1,1,68,34,100.0,58.91,HIGH
Mumbai,19.076,72.8777,2023-06-08,31.479166666666668,36.46,27.52,65.95791666666666,86.56,2.7441666666666666,913.72,32.61666666666667,36.4,30.2,27.771957580738214,29.865482697021314,42.061868283819116,53.31199367675474,33.33414563317493,0.18,27.52,31.775000000000002,35.3,31.861111111111114,36.4,31.479166666666668,31.02819444444444,27.11,1,1,69,35,100.0,63.72,HIGH
Mumbai,19.076,72.8777,2023-06-09,30.85375,34.48,27.56,70.6725,88.82,4.411666666666666,935.65,30.891666666666666,33.9,28.9,27.75962144503991,29.030956981785998,40.00913923971987,43.155165936418754,28.883416623597693,4.43,27.56,30.083333333333332,33.3,31.64305555555556,36.4,31.425833333333333,31.024444444444445,27.330000000000002,1,1,70,36,100.0,56.25999999999999,HIGH
Mumbai,19.076,72.8777,2023-06-10,30.784166666666668,35.56,27.61,70.47166666666666,89.26,6.170416666666667,925.83,30.079166666666666,35.2,27.1,27.62702776177227,29.343534094793203,40.72142259138141,47.962274102972145,26.01476337301044,2.14,27.61,28.508333333333336,32.2,31.195833333333336,36.4,31.310833333333335,31.03902777777778,27.563333333333333,1,1,71,37,100.0,60.21000000000001,HIGH
Mumbai,19.076,72.8777,2023-06-11,31.054166666666664,36.01,27.38,64.81916666666667,89.34,7.961666666666667,785.25,29.77916666666667,36.2,25.6,27.20345061631856,29.02008791544351,39.93858423949804,48.81120656328536,23.376318175185478,4.51,27.38,27.84166666666667,34.2,30.250000000000004,36.2,30.9575,30.89736111111111,27.516666666666666,1,1,72,38,100.0,62.980000000000004,HIGH
Mumbai,19.076,72.8777,2023-06-12,31.02875,35.92,27.05,65.36125,88.2,8.66,778.65,29.854166666666668,36.4,25.3,27.240808457550056,29.198947398007057,40.34510250354976,50.16287203095843,23.829323544987734,3.08,27.05,27.849999999999998,34.4,29.904166666666672,36.4,30.644166666666667,30.955694444444443,27.346666666666664,1,1,73,39,100.0,63.24999999999999,HIGH
Mumbai,19.076,72.8777,2023-06-13,30.43041666666667,34.84,26.95,69.01291666666667,86.99,7.88375,785.33,29.15833333333333,35.1,25.3,27.145134835017657,29.145078537659803,40.34037069115391,46.78555795311325,21.570842748300915,5.46,26.95,27.733333333333334,34.2,29.59722222222223,36.4,29.952499999999997,30.837777777777777,27.126666666666665,1,1,74,40,100.0,59.25,HIGH
Mumbai,19.076,72.8777,2023-06-14,30.4225,35.18,27.21,69.82416666666667,86.67,7.6745833333333335,793.58,29.229166666666668,35.4,25.5,27.211290739124923,29.16821740321825,40.35635094297522,47.56203159544151,21.847035605702757,8.61,27.21,27.474999999999998,33.2,29.41388888888889,36.4,29.620000000000005,30.62722222222222,27.070000000000004,1,1,75,41,100.0,60.41,HIGH
Mumbai,19.076,72.8777,2023-06-15,30.32625,34.6,27.39,71.68875,87.14,8.243333333333334,833.5,29.183333333333334,34.8,25.8,27.362821902179235,29.195770227021953,40.4928624238117,46.32023452785864,22.498621729834138,1.4100000000000001,27.39,27.616666666666664,33.1,29.19027777777778,35.4,29.44083333333333,30.39305555555556,27.183333333333334,1,1,76,42,100.0,58.78999999999999,HIGH
Mumbai,19.076,72.8777,2023-06-16,30.284583333333334,34.28,27.67,73.72583333333334,88.12,8.442083333333334,578.35,29.458333333333332,34.7,26.0,27.54475912758781,29.318986906987064,41.01229859900824,46.89156819835967,24.03898249667499,3.1,27.67,28.175,33.9,29.290277777777778,35.4,29.376666666666665,30.344444444444445,27.423333333333332,1,1,77,43,100.0,58.77000000000001,HIGH
Mumbai,19.076,72.8777,2023-06-17,29.859166666666667,33.97,27.11,74.40791666666667,89.13,6.857083333333333,715.5,29.083333333333332,34.0,26.1,27.220175337476764,29.136941648116853,40.49284691833108,44.14373530811672,21.28782446288998,1.22,27.11,27.958333333333332,33.1,29.24166666666667,34.8,29.222500000000004,30.156666666666666,27.39,1,1,78,44,100.0,56.11,HIGH
Mumbai,19.076,72.8777,2023-06-18,29.767083333333332,33.88,26.75,74.48833333333333,90.59,5.203333333333333,771.5,29.566666666666666,33.5,26.2,27.13945653168263,29.09139918270036,40.38113126726642,42.65996386746319,22.043035098935192,0.45,26.75,28.59166666666667,32.5,29.36944444444445,34.7,29.304166666666667,29.970277777777778,27.176666666666666,1,1,79,45,100.0,54.25,HIGH
Mumbai,19.076,72.8777,2023-06-19,29.959999999999997,34.75,26.75,73.53416666666666,90.73,4.570833333333334,732.55,29.920833333333334,34.2,27.5,27.189678411026303,29.326188414541523,40.86140269818062,45.531958894216416,23.153608308448838,0.25,26.75,29.108333333333334,32.9,29.52361111111112,34.2,29.442500000000003,29.862083333333334,26.87,1,1,80,46,100.0,56.35000000000001,HIGH
Mumbai,19.076,72.8777,2023-06-20,30.17458333333333,34.62,26.96,72.71083333333333,90.38,4.5,803.53,30.3125,34.2,27.8,27.33048093136651,29.369438041089126,41.039094817108754,45.81622265988369,25.02665548002332,0.37,26.96,29.724999999999998,33.1,29.933333333333337,34.2,29.668333333333333,29.967222222222222,26.820000000000004,1,1,81,47,100.0,56.56000000000001,HIGH
Mumbai,19.076,72.8777,2023-06-21,29.94666666666667,34.37,26.98,73.37166666666667,90.21,4.1425,796.53,30.150000000000002,33.6,27.7,27.168980746575944,28.92416871617566,39.77287020396878,41.879349804152014,23.644832109252736,0.48,26.98,29.7,32.9,30.127777777777784,34.2,29.806666666666665,30.027083333333334,26.896666666666665,1,1,82,48,100.0,54.78,HIGH
Mumbai,19.076,72.8777,2023-06-22,29.870833333333334,34.4,26.54,73.05791666666666,91.27,3.8833333333333333,867.75,30.233333333333334,33.7,28.3,27.05773273635563,28.985304851290735,39.9140326212074,42.43550813753082,23.176233103966116,1.72,26.54,29.641666666666666,32.6,30.23194444444445,34.2,30.03666666666667,29.997361111111115,26.826666666666668,1,1,83,49,100.0,54.64000000000001,HIGH
Mumbai,19.076,72.8777,2023-06-23,29.909166666666668,34.96,26.5,72.50541666666668,92.38,3.9720833333333334,880.9,30.070833333333336,34.2,27.9,27.015208742952257,29.08665084214084,40.11614095664016,44.16529248871832,22.51921987281584,4.84,26.5,29.349999999999998,32.8,30.151388888888892,34.2,30.1375,29.908888888888892,26.673333333333332,1,1,84,50,100.0,56.10000000000001,HIGH
Mumbai,19.076,72.8777,2023-06-24,27.865,30.7,25.78,85.63416666666666,96.27,3.785833333333333,644.6,28.5,30.5,26.9,26.50069338839762,27.705744452501676,36.75334054140863,27.58032207486977,14.76632074471482,74.8,25.78,28.65833333333333,30.5,29.60138888888889,34.2,29.85333333333333,29.215,26.27333333333333,0,1,0,51,100.0,44.28,MODERATE
Mumbai,19.076,72.8777,2023-06-25,27.955416666666665,31.28,25.76,84.14166666666667,96.39,3.0741666666666667,368.25,29.041666666666668,31.6,27.0,26.405670299418606,27.671057685702962,36.84152686677727,30.571022506480432,15.692219226985678,44.49,25.76,28.233333333333334,30.6,29.20416666666667,34.2,29.59916666666667,28.576527777777773,26.013333333333335,0,1,0,52,100.0,47.56,MODERATE
Mumbai,19.076,72.8777,2023-06-26,27.060000000000002,29.55,24.73,84.74916666666667,95.19,3.624166666666667,258.55,27.4875,28.0,26.6,25.600515420020177,26.98063512047991,34.62987034629546,17.326575227783607,8.460300438769389,53.59,24.73,27.15833333333333,27.9,28.343055555555562,31.6,29.06666666666667,27.626805555555553,25.423333333333336,0,0,0,0,0.0,10.73,LOW
Mumbai,19.076,72.8777,2023-06-27,26.366666666666664,28.0,24.68,87.37916666666666,95.26,3.9741666666666666,497.62,25.991666666666664,27.2,23.3,25.208415434713615,25.86302252408604,31.487030431665833,9.421797981950213,3.3535915987391682,58.12,24.68,25.45,27.2,27.506944444444446,31.6,28.218333333333334,27.12736111111111,25.05666666666667,0,0,0,0,0.0,8.279999999999998,LOW
Mumbai,19.076,72.8777,2023-06-28,27.209166666666665,29.6,25.11,88.12,94.98,6.084166666666667,132.43,26.1125,28.4,24.7,26.094418713845894,27.39422575952129,35.8297026883653,20.860679616272826,7.5291461101931105,61.63,25.11,25.683333333333334,27.6,26.530555555555555,28.4,27.426666666666666,26.87861111111111,24.84,0,1,0,1,13.333333333333332,15.643333333333327,LOW
Mumbai,19.076,72.8777,2023-06-29,26.701666666666668,28.98,25.21,84.76875,95.06,5.891666666666667,334.48,24.875,26.8,22.9,25.273247929659377,26.336698196926367,33.10338873083373,11.31738913933017,3.565959978433625,26.26,25.21,24.991666666666664,26.6,25.65972222222223,28.4,26.701666666666664,26.75916666666667,25.0,0,1,0,2,26.666666666666664,14.276666666666669,LOW
Mumbai,19.076,72.8777,2023-06-30,26.886666666666667,28.48,25.26,90.9175,95.37,6.266666666666667,201.52,25.454166666666666,27.0,23.9,26.064136314360045,26.84109977408803,33.78712599655258,13.925063652335655,6.266765265786582,90.88,25.26,24.983333333333334,27.0,25.480555555555565,28.4,25.984166666666663,26.9325,25.19333333333333,0,1,0,3,40.0,18.26,LOW
Mumbai,19.076,72.8777,2024-04-01,30.515833333333333,39.26,23.48,46.42791666666667,74.24,3.0033333333333334,904.33,29.645833333333332,38.7,24.0,24.048843826654515,27.6610723125058,39.78153333333333,50.84759374911161,16.00428378181115,0.0,23.48,26.741666666666664,35.2,26.658333333333335,38.7,26.41583333333333,28.034722222222225,24.650000000000002,1,0,1,0,12.0,44.58000000000001,MODERATE
Mumbai,19.076,72.8777,2024-04-02,30.071250000000003,39.27,23.28,48.20083333333333,76.42,2.6504166666666666,964.85,29.587500000000002,38.6,23.8,23.7139445168073,27.02166848678901,39.71002222222223,48.18091868661961,14.705503672452515,0.0,23.28,27.191666666666666,36.0,28.22916666666667,38.7,27.135,29.157916666666665,24.00666666666667,1,0,2,0,24.0,47.080000000000005,MODERATE
Mumbai,19.076,72.8777,2024-04-03,30.289583333333336,39.57,23.26,48.87041666666667,81.83,2.6775,926.17,29.883333333333336,39.1,24.0,24.03829765450242,27.674801059698375,40.09825,52.16418578779078,16.20017960467116,0.0,23.26,27.191666666666666,35.5,29.705555555555563,39.1,27.889166666666664,30.29222222222222,23.34,1,0,3,0,36.0,51.56,HIGH
Mumbai,19.076,72.8777,2024-04-04,30.7525,40.1,22.9,51.03958333333333,92.13,3.2420833333333334,901.33,30.316666666666666,39.7,23.4,24.58043125180468,27.654183740605237,40.638688888888886,54.07228069041475,17.345057471569593,0.02,22.9,27.408333333333335,35.2,29.929166666666674,39.7,28.9775,30.371111111111116,23.146666666666665,1,0,4,0,48.0,56.00000000000001,HIGH
Mumbai,19.076,72.8777,2024-04-05,31.18041666666667,40.47,24.02,52.58208333333334,93.21,3.47875,933.9,30.95,40.4,24.3,25.102485857214546,28.38072850880035,41.08668333333334,58.32209841835374,19.924458358163932,0.59,24.02,28.258333333333336,36.9,30.38333333333334,40.4,30.07666666666667,30.740833333333338,23.393333333333334,1,0,5,0,60.0,62.22,HIGH
Mumbai,19.076,72.8777,2024-04-06,31.717083333333335,40.59,24.17,44.03666666666666,83.45,3.7954166666666667,938.47,30.829166666666666,40.4,23.7,24.44863894329356,27.242877586706395,41.10353333333333,54.850882121770915,19.07568010140027,0.0,24.17,27.883333333333336,37.8,30.698611111111116,40.4,30.313333333333333,31.21666666666667,23.69666666666667,1,0,6,0,72.0,65.37,HIGH
Mumbai,19.076,72.8777,2024-04-07,30.501666666666665,39.51,23.15,49.60833333333333,90.47,3.345,959.88,29.962500000000002,38.8,24.6,24.057164184567014,26.779154264897855,39.94712777777777,48.595834775369894,15.25735509222401,0.0,23.15,27.474999999999998,35.9,30.58055555555556,40.4,30.388333333333332,31.133055555555558,23.78,1,0,7,0,84.0,62.54999999999999,HIGH
Mumbai,19.076,72.8777,2024-04-08,30.895,40.39,22.73,51.5925,92.24,2.4233333333333333,983.97,30.962500000000002,40.1,24.0,24.73889366679011,27.684368453005106,40.93810555555555,55.42319714645493,19.001248554327024,0.0,22.73,28.224999999999998,36.5,30.584722222222226,40.4,30.604166666666668,31.037916666666664,23.349999999999998,1,0,8,0,96.0,69.03,HIGH
Mumbai,19.076,72.8777,2024-04-09,30.917916666666667,39.92,24.34,54.33541666666667,89.21,2.200416666666667,945.97,31.537499999999998,39.5,26.3,25.12962894815726,27.669487621768283,40.43259444444444,53.119892816995666,20.180717547018073,0.0,24.34,29.416666666666668,37.1,30.820833333333336,40.1,30.848333333333336,30.771527777777777,23.406666666666666,1,0,9,0,100.0,69.84,HIGH
Mumbai,19.076,72.8777,2024-04-10,30.935833333333335,40.06,23.76,51.76291666666666,87.24,2.8708333333333336,939.92,30.791666666666668,39.6,24.0,24.74172048375907,27.54683882105924,40.56805555555556,52.87937696400601,18.5862974900931,0.0,23.76,28.291666666666668,38.0,31.09722222222223,40.1,30.81666666666667,30.91625,23.61,1,0,10,0,100.0,69.56,HIGH
Mumbai,19.076,72.8777,2024-04-11,31.69875,40.84,23.64,42.40333333333333,76.2,2.6212500000000003,920.83,31.0125,40.3,23.2,24.231074181544944,26.95637701412006,41.30255000000001,53.939662993853126,18.969140408937843,0.0,23.64,28.358333333333334,36.4,31.11388888888889,40.3,30.853333333333335,31.18416666666667,23.91333333333333,1,0,11,0,100.0,71.53999999999999,SEVERE
Mumbai,19.076,72.8777,2024-04-12,30.8225,38.93,24.27,47.114583333333336,76.34,2.36625,933.7,30.625,38.2,25.8,24.370139167930265,27.563827653472508,39.41618333333334,48.465509959974355,17.4144159909008,0.0,24.27,28.78333333333333,36.8,30.809722222222224,40.3,30.985833333333336,31.15236111111111,23.89,1,0,12,0,100.0,65.87,HIGH
Mumbai,19.076,72.8777,2024-04-13,29.714166666666667,38.19,23.26,52.67791666666667,87.46,2.6441666666666666,981.4,29.425,37.0,25.0,23.8837830449217,26.227328181098994,38.53768888888888,41.14858688836216,12.93710496669454,0.0,23.26,27.616666666666664,34.7,30.35416666666667,40.3,30.67833333333333,30.74513888888889,23.723333333333333,1,0,13,0,100.0,61.260000000000005,HIGH
Mumbai,19.076,72.8777,2024-04-14,30.907083333333333,39.64,23.04,53.37958333333333,86.13,2.7291666666666665,964.53,30.945833333333336,39.1,24.6,25.069781438395182,27.48559712646882,40.126650000000005,51.22328598059393,19.02700141124671,0.01,23.04,28.691666666666666,36.2,30.33194444444445,39.1,30.560000000000002,30.48125,23.52333333333333,1,0,14,0,100.0,67.34,HIGH
Mumbai,19.076,72.8777,2024-04-15,34.2325,43.01,25.27,44.64166666666667,85.78,3.2754166666666666,922.22,34.016666666666666,43.7,27.2,27.156411157581783,30.53057047101096,43.90078888888888,75.53804957728408,34.43182205678276,0.0,25.27,31.0,40.3,31.462500000000006,43.7,31.205000000000002,31.617916666666662,23.856666666666666,1,1,15,1,100.0,83.37,SEVERE
Mumbai,19.076,72.8777,2024-04-16,36.759166666666665,43.22,30.17,29.102500000000003,45.69,4.014166666666667,894.88,35.99166666666667,43.9,28.2,27.106573522266245,30.453160361710875,44.10933333333333,75.9871622445529,40.617335953645856,0.0,30.17,32.483333333333334,41.0,33.651388888888896,43.9,32.200833333333335,33.966249999999995,26.159999999999997,1,1,16,2,100.0,88.86999999999999,EXTREME
Mumbai,19.076,72.8777,2024-04-17,34.712916666666665,43.41,27.76,44.93541666666667,83.92,2.7695833333333333,811.58,35.208333333333336,44.0,28.9,27.290432247869862,30.241152046519307,44.27263888888888,75.32294677995061,38.66920424649181,0.0,27.76,32.983333333333334,41.3,35.07222222222223,44.0,33.1175,35.234861111111115,27.733333333333334,1,1,17,3,100.0,86.76,EXTREME
Mumbai,19.076,72.8777,2024-04-18,34.086666666666666,41.84,27.47,47.39625,84.48,3.311666666666667,891.35,34.1,42.3,28.8,27.407714611532842,30.110417536588848,42.651911111111126,69.34658111218201,35.438990601684246,0.06,27.47,31.691666666666666,39.6,35.1,44.0,34.052499999999995,35.186249999999994,28.46666666666667,1,1,18,4,100.0,81.36999999999999,SEVERE
Mumbai,19.076,72.8777,2024-04-19,32.88708333333333,39.78,28.02,51.30416666666667,74.73,3.3854166666666665,899.6,33.020833333333336,39.7,28.5,26.96536621134747,29.487113582654047,40.512811111111105,59.417540136372715,30.43186967388407,0.04,28.02,31.8,38.0,34.109722222222224,44.0,34.4675,33.89555555555555,27.75,1,1,19,5,100.0,74.12,SEVERE
Mumbai,19.076,72.8777,2024-04-20,32.34791666666667,40.53,26.9,49.48208333333333,77.43,3.4204166666666667,874.15,32.0375,40.6,27.4,26.249464911232124,29.513591393113042,41.27462222222222,62.45348915518455,25.141799656230145,0.75,26.9,29.875,36.1,33.052777777777784,42.3,34.07166666666667,33.10722222222222,27.463333333333328,1,1,20,6,100.0,75.70000000000002,SEVERE
Mumbai,19.076,72.8777,2024-04-21,31.60625,38.4,26.63,49.665416666666665,79.04,3.6575,853.25,30.983333333333334,37.7,27.0,25.64491128085581,28.142129657618625,38.97078888888888,49.08577061536796,20.20494070472741,0.41000000000000003,26.63,29.358333333333334,34.2,32.01388888888889,40.6,33.07,32.28041666666667,27.183333333333334,1,1,21,7,100.0,66.73,HIGH
Mumbai,19.076,72.8777,2024-04-22,31.3475,38.59,25.23,51.595416666666665,80.18,3.4774999999999996,826.72,30.6375,38.1,26.2,25.690019161494387,29.106816440229494,39.282927777777786,53.251256083973516,20.126199385000323,0.08,25.23,28.3,35.9,31.21944444444445,40.6,32.155833333333334,31.767222222222227,26.25333333333333,1,1,22,8,100.0,66.53,HIGH
Mumbai,19.076,72.8777,2024-04-23,31.565416666666668,39.32,25.0,50.3325,80.12,3.1770833333333335,935.55,31.208333333333332,39.0,26.1,25.628161969670032,28.911024497167993,39.984094444444445,55.52359039971654,21.226003500406872,0.03,25.0,28.941666666666666,36.6,30.94305555555556,39.0,31.577499999999997,31.50638888888889,25.62,1,1,23,9,100.0,69.0,HIGH
Mumbai,19.076,72.8777,2024-04-24,31.636666666666667,39.91,25.29,52.73583333333334,80.5,2.7616666666666667,910.78,31.8,39.9,26.5,25.992512036236082,29.316547962054386,40.62291111111111,59.509768037967326,23.559854950604485,0.43,25.29,29.849999999999998,38.2,31.215277777777782,39.9,31.333333333333332,31.516527777777778,25.173333333333336,1,1,24,10,100.0,71.99,SEVERE
Mumbai,19.076,72.8777,2024-04-25,32.60916666666667,40.94,26.22,50.262499999999996,78.81,3.237083333333333,917.17,32.375,41.2,28.0,26.502400497084704,29.735542616952827,41.7112611111111,64.99902881704205,26.86310129811861,0.35,26.22,29.883333333333336,38.0,31.794444444444448,41.2,31.40083333333333,31.937083333333334,25.50333333333333,1,1,25,11,100.0,76.82000000000001,SEVERE
Mumbai,19.076,72.8777,2024-04-26,32.85375,40.55,26.93,50.67875,79.52,3.48625,892.28,32.824999999999996,40.8,28.0,26.86538738319777,30.141312783797172,41.365294444444444,64.91549873786494,29.298894925373812,0.26,26.93,30.650000000000002,38.4,32.333333333333336,41.2,31.769166666666667,32.366527777777776,26.146666666666665,1,1,26,12,100.0,76.32999999999998,SEVERE
Mumbai,19.076,72.8777,2024-04-27,34.07625,43.04,26.64,49.560833333333335,87.3,3.2737499999999997,885.3,34.59166666666667,43.7,28.9,27.431824049755566,30.505534033612463,43.929611111111114,75.48800306702097,36.77693229823995,0.09,26.64,32.19166666666667,40.9,33.26388888888889,43.7,32.56,33.17972222222222,26.596666666666664,1,1,27,13,100.0,84.74000000000001,SEVERE
Mumbai,19.076,72.8777,2024-04-28,34.88166666666667,44.11,27.45,44.19583333333333,87.11,3.6079166666666667,881.1,34.99583333333333,44.9,29.0,27.346257744445428,30.79435757115639,45.05621666666666,80.33413068448365,37.93033455282882,0.01,27.45,31.84166666666667,41.8,34.1375,44.9,33.317499999999995,33.937222222222225,27.006666666666664,1,1,28,14,100.0,89.14999999999999,EXTREME
Mumbai,19.076,72.8777,2024-04-29,34.14666666666667,43.21,26.48,42.24583333333333,83.67,3.6816666666666666,923.72,34.237500000000004,43.9,28.0,26.31847857844609,29.636741058171033,44.01817222222221,73.45451786050343,32.0728012539147,0.0,26.48,31.150000000000002,40.9,34.60833333333334,44.9,33.80499999999999,34.36819444444445,26.856666666666666,1,1,29,15,100.0,85.17999999999999,EXTREME
Mumbai,19.076,72.8777,2024-04-30,33.802083333333336,43.06,26.08,44.834583333333335,83.57,3.5033333333333334,966.2,34.00416666666667,43.8,28.3,26.22251819353417,29.174188968906783,43.82262222222223,71.64704516758991,30.89296546142759,0.02,26.08,31.083333333333332,40.6,34.4125,44.9,34.13083333333333,34.276805555555555,26.669999999999998,1,1,30,16,100.0,84.47999999999999,SEVERE
Mumbai,19.076,72.8777,2024-05-01,31.791666666666668,40.28,24.75,49.6775,91.64,3.1345833333333335,1014.58,31.90833333333333,39.9,27.4,25.182674853284038,27.305709035656854,40.78864444444443,53.65725271083528,21.62760028607191,0.0,24.75,29.883333333333336,37.6,33.38333333333334,43.9,33.947500000000005,33.24680555555556,25.77,1,0,31,0,100.0,71.44999999999999,SEVERE
Mumbai,19.076,72.8777,2024-05-02,31.355833333333333,40.56,24.08,47.65208333333334,92.26,2.7145833333333336,1030.57,31.175,40.2,25.4,24.625090609917695,27.544933790669003,41.09977777777778,55.39547770050944,19.4679771574657,0.0,24.08,28.708333333333332,37.1,32.362500000000004,43.8,33.26416666666667,32.31652777777777,24.97,1,0,32,0,100.0,71.68,SEVERE
Mumbai,19.076,72.8777,2024-05-03,31.02,39.41,23.84,50.43208333333333,85.73,2.94375,1007.53,30.729166666666668,38.9,25.3,24.919849291794282,27.918113908421983,39.96063333333332,52.27445766729492,18.546378482046364,0.0,23.84,28.258333333333336,35.8,31.27083333333334,40.2,32.410833333333336,31.389166666666668,24.223333333333333,1,0,33,0,100.0,67.53999999999999,HIGH
Mumbai,19.076,72.8777,2024-05-04,31.427916666666665,39.44,24.36,57.159166666666664,91.89,3.120416666666667,985.97,31.766666666666666,39.2,26.4,26.217896538147784,29.242813692986044,40.14429444444444,57.158262334996785,23.49269722080496,0.02,24.36,29.71666666666667,35.7,31.223611111111115,40.2,31.916666666666668,31.267916666666665,24.093333333333334,1,0,34,0,100.0,68.96000000000001,HIGH
Mumbai,19.076,72.8777,2024-05-05,32.46875,40.86,26.27,55.76916666666667,91.99,3.6454166666666663,988.08,32.99166666666667,41.4,27.7,26.95310481928678,30.23410663102527,41.67809444444445,66.75152290356215,29.5395105350842,0.07,26.27,31.183333333333334,38.4,31.82916666666667,41.4,31.714166666666664,31.638888888888886,24.823333333333334,1,1,35,1,100.0,77.46999999999998,SEVERE
Mumbai,19.076,72.8777,2024-05-06,31.67958333333333,39.3,26.33,59.26708333333334,90.72,3.78125,988.38,31.787499999999998,39.1,27.6,26.800555843304164,29.500437229538115,40.010661111111105,56.956773455079826,25.63113809619919,0.0,26.33,30.21666666666667,36.5,32.18194444444445,41.4,31.689999999999998,31.85875,25.653333333333332,1,1,36,2,100.0,70.63,SEVERE
Mumbai,19.076,72.8777,2024-05-07,31.70125,39.5,26.22,60.270833333333336,89.2,3.3937500000000003,977.2,32.045833333333334,39.4,28.3,26.992563415217955,29.86398909237771,40.28183888888888,59.61897393348964,27.11758240593383,0.08,26.22,30.38333333333333,37.3,32.275000000000006,41.4,31.864166666666666,31.949861111111115,26.27333333333333,1,1,37,3,100.0,71.41999999999999,SEVERE
Mumbai,19.076,72.8777,2024-05-08,31.835416666666664,40.67,25.74,55.725833333333334,87.05,2.975,975.65,32.30833333333333,40.8,27.9,26.407443364284504,29.447061259370134,41.40538333333333,62.86760406796546,25.70858060835701,0.08,25.74,30.416666666666668,37.5,32.047222222222224,40.8,32.17999999999999,31.73875,26.096666666666664,1,1,38,4,100.0,75.13999999999999,SEVERE
Mumbai,19.076,72.8777,2024-05-09,31.449166666666667,39.29,25.5,57.843333333333334,88.31,3.1875,943.58,31.78333333333333,39.1,28.0,26.51596613638617,29.52898967281673,40.018461111111115,57.37224384490976,24.620803599304164,0.07,25.5,30.241666666666664,37.5,32.04583333333334,40.8,32.18333333333333,31.661944444444444,25.819999999999997,1,1,39,5,100.0,69.8,HIGH
Mumbai,19.076,72.8777,2024-05-10,32.135416666666664,40.22,26.48,54.13958333333333,82.06,3.046666666666667,910.4,32.17916666666667,40.5,28.2,26.749299582939646,30.336595649112468,41.05921666666667,64.48519274443886,27.04661533039369,1.42,26.48,30.358333333333334,38.2,32.09027777777778,40.8,32.02083333333333,31.80666666666667,25.906666666666666,1,1,40,6,100.0,74.98,SEVERE
Mumbai,19.076,72.8777,2024-05-11,32.4675,40.45,26.9,55.884166666666665,87.25,3.3083333333333336,892.7,32.725,40.8,28.3,27.162338045189443,30.191276973911396,41.254511111111114,64.54010580296307,30.23462914033126,7.5600000000000005,26.9,31.0,38.6,32.22916666666668,40.8,32.20833333333333,32.017361111111114,26.293333333333333,1,1,41,7,100.0,76.29999999999998,SEVERE
Mumbai,19.076,72.8777,2024-05-12,31.381666666666664,37.58,26.82,61.37166666666667,88.72,1.9870833333333333,897.12,32.391666666666666,38.3,28.2,27.015270524728365,29.681031019170078,39.9808892327571,54.44557790126465,28.44447295706314,4.640000000000001,26.82,30.983333333333334,35.5,32.43194444444445,40.8,32.2775,31.99486111111111,26.733333333333334,1,1,42,8,100.0,68.72,HIGH
Mumbai,19.076,72.8777,2024-05-13,32.199999999999996,39.44,26.52,60.18333333333334,88.49,2.3204166666666666,863.85,32.954166666666666,40.4,27.8,27.493450511629806,30.22534757063197,40.27276111111111,63.217574112862096,31.884359253565474,5.2,26.52,30.708333333333332,37.7,32.69027777777779,40.8,32.406666666666666,32.01638888888889,26.746666666666666,1,1,43,9,100.0,74.71999999999998,SEVERE
Mumbai,19.076,72.8777,2024-05-14,32.447916666666664,40.26,26.32,59.99666666666667,89.5,2.8191666666666664,914.55,33.25,41.0,27.3,27.569133008822238,30.021388862256824,41.05987222222221,64.79014243218109,33.18263744484761,6.01,26.32,31.125,37.3,32.865277777777784,41.0,32.7,32.009861111111114,26.55333333333333,1,1,44,10,100.0,76.32,SEVERE
Mumbai,19.076,72.8777,2024-05-15,32.524166666666666,38.95,26.88,60.16291666666667,90.46,2.0654166666666667,936.33,33.84166666666667,39.8,30.1,27.8624326685277,29.991657806691162,39.75647777777778,60.56756279205416,36.23405992541233,7.0,26.88,32.46666666666667,37.0,33.34861111111112,41.0,33.0325,32.39069444444444,26.573333333333334,1,1,45,11,100.0,73.27999999999999,SEVERE
Mumbai,19.076,72.8777,2024-05-16,33.01625,40.1,28.05,61.5875,91.09,2.2079166666666667,902.3,34.69583333333333,41.0,31.3,28.389270313662763,30.33633905116994,40.94079444444445,65.63144710520064,41.123613521323,1.25,28.05,33.275,37.8,33.929166666666674,41.0,33.42666666666666,32.66277777777778,27.083333333333332,1,1,46,12,100.0,78.05,SEVERE
Mumbai,19.076,72.8777,2024-05-17,31.995416666666667,37.52,28.08,64.85375,90.82,2.0837499999999998,882.85,33.7875,38.0,30.7,27.930951190533126,29.4663592522273,39.51600130522896,53.211483553783346,36.48573284432337,1.37,28.08,33.24166666666667,37.0,34.10833333333334,41.0,33.70583333333333,32.511944444444445,27.669999999999998,1,1,47,13,100.0,69.08,HIGH
Mumbai,19.076,72.8777,2024-05-18,32.98583333333333,40.04,27.92,60.432500000000005,88.34,2.348333333333333,876.03,34.49583333333333,40.9,30.0,28.199469176765277,30.41914498430995,40.892027777777784,65.58745910751922,39.54973884131075,0.55,27.92,33.31666666666667,38.4,34.32638888888889,41.0,34.01416666666667,32.66583333333333,28.016666666666666,1,1,48,14,100.0,77.61999999999999,SEVERE
Mumbai,19.076,72.8777,2024-05-19,33.14625,40.47,28.15,58.37416666666667,86.17,2.5025,906.38,34.46666666666667,40.9,30.1,28.084810226500938,30.528684555123338,41.33317222222223,66.29968168469368,38.918894055110236,1.05,28.15,33.13333333333333,38.5,34.25000000000001,40.9,34.25750000000001,32.70916666666667,28.05,1,1,49,15,100.0,77.85,SEVERE
Mumbai,19.076,72.8777,2024-05-20,32.839999999999996,40.37,28.13,62.17916666666667,88.34,2.859583333333333,917.0,34.30416666666667,40.7,30.7,28.292383813000455,30.714136123482966,41.25711666666667,66.28990112407209,39.44305243294938,0.8300000000000001,28.13,33.041666666666664,38.4,34.422222222222224,40.9,34.35,32.99069444444444,28.066666666666666,1,1,50,16,100.0,77.23,SEVERE
Mumbai,19.076,72.8777,2024-05-21,32.55083333333334,39.31,28.33,65.02333333333333,89.34,3.24375,920.88,33.925000000000004,39.5,30.4,28.484012446123696,30.686964813523854,42.28007837243306,62.296648063759974,39.60172080010767,0.68,28.33,32.583333333333336,36.0,34.23194444444445,40.9,34.19583333333334,32.84569444444444,28.203333333333333,1,1,51,17,100.0,73.83,SEVERE
Mumbai,19.076,72.8777,2024-05-22,33.30416666666667,40.68,28.23,63.19916666666666,89.55,2.6629166666666664,883.7,34.94166666666667,41.5,30.7,28.9576034438348,31.460995633075953,44.54297456079826,70.62480723850894,44.66753923204512,0.63,28.23,32.916666666666664,37.9,34.39027777777778,41.5,34.42666666666666,32.89833333333333,28.23,1,1,52,18,100.0,79.73,SEVERE
Mumbai,19.076,72.8777,2024-05-23,33.24875,40.08,27.78,60.399166666666666,91.44,2.986666666666667,906.62,34.63333333333333,40.4,31.4,28.468300259659017,30.918785023864874,41.715749535914824,65.92731642425163,41.024506798247515,0.21,27.78,33.516666666666666,39.2,34.50000000000001,41.5,34.454166666666666,33.03458333333334,28.113333333333333,1,1,53,19,100.0,75.97999999999999,SEVERE
Mumbai,19.076,72.8777,2024-05-24,32.487500000000004,39.69,27.82,63.145833333333336,90.45,3.625833333333333,933.35,33.233333333333334,39.9,29.5,28.16012510302684,30.6314320491049,41.96000867524074,63.44743624393306,36.044811353122626,0.01,27.82,31.891666666666666,37.2,34.26944444444445,41.5,34.2075,33.01347222222223,27.94333333333333,1,1,54,20,100.0,74.51999999999998,SEVERE
Mumbai,19.076,72.8777,2024-05-25,31.859583333333333,37.26,27.99,62.78125,85.42,4.377916666666667,919.22,31.637500000000003,36.6,29.0,27.637926407535264,29.187236520837104,38.940563232435714,48.61928927265623,29.816764991069586,0.23,27.99,30.541666666666668,34.7,33.16805555555556,40.4,33.674166666666665,32.53194444444444,27.863333333333333,1,1,55,21,100.0,64.78999999999999,HIGH
Mumbai,19.076,72.8777,2024-05-26,31.672916666666666,37.53,28.57,64.55958333333334,82.0,4.29,857.33,31.575,37.1,28.7,27.72035430812771,29.757729437756453,41.22910785483918,52.3560550529795,30.243521736035998,0.02,28.57,30.016666666666666,33.7,32.14861111111112,39.9,33.204166666666666,32.00666666666667,28.126666666666665,1,1,56,22,100.0,66.87,HIGH
Mumbai,19.076,72.8777,2024-05-27,31.940833333333334,36.98,28.58,63.32208333333333,81.96,5.141666666666667,592.5,31.3125,36.5,28.6,27.87407714136639,29.703329663411917,41.636159819191874,53.06166288144422,30.76694038263651,0.0,28.58,30.224999999999998,35.5,31.50833333333334,37.1,32.47833333333334,31.824444444444442,28.38,1,1,57,23,100.0,65.08,HIGH
Mumbai,19.076,72.8777,2024-05-28,32.13625,37.1,28.86,62.59,80.63,5.012083333333334,883.12,31.754166666666666,37.0,28.5,28.01373065019421,30.154548828346176,42.75957018114467,56.667620555599115,32.63125514143813,0.06,28.86,30.558333333333334,35.3,31.547222222222228,37.1,31.902499999999996,31.916666666666668,28.669999999999998,1,1,58,24,100.0,66.86,HIGH
Mumbai,19.076,72.8777,2024-05-29,31.83375,36.73,28.36,67.36375,83.64,4.778333333333333,913.08,32.050000000000004,36.9,29.4,28.290154048505205,30.57303912334691,44.09302626048374,58.83261846611354,34.74577485988618,0.21000000000000002,28.36,31.05,35.5,31.705555555555563,37.0,31.665833333333335,31.970277777777778,28.599999999999998,1,1,59,25,100.0,66.06,HIGH
Mumbai,19.076,72.8777,2024-05-30,31.9825,37.55,27.9,65.97291666666666,86.73,4.18375,918.3,32.479166666666664,37.6,29.7,28.21838139375117,30.692749946716244,44.23236475358586,61.06291484326688,35.35559177230259,0.1,27.9,31.474999999999998,36.1,32.094444444444456,37.6,31.83416666666667,31.984166666666667,28.373333333333335,1,1,60,26,100.0,67.7,HIGH
Mumbai,19.076,72.8777,2024-05-31,32.415416666666665,38.53,27.76,64.96625,88.08,4.0475,919.35,33.00416666666667,38.6,30.3,28.429875891856828,30.572589284376733,43.45466750824889,60.41360043423228,37.26442830272516,0.1,27.76,31.758333333333336,36.8,32.51111111111112,38.6,32.12,32.077222222222225,28.006666666666664,1,1,61,27,100.0,70.56,SEVERE
Mumbai,19.076,72.8777,2024-06-01,32.5725,38.1,28.47,61.465,86.42,3.9458333333333333,882.67,32.770833333333336,38.0,29.7,28.207971864650435,30.399149542804608,43.05080439722761,58.29854670280708,35.669042589880796,0.24,28.47,31.541666666666668,36.4,32.7513888888889,38.6,32.41166666666667,32.32347222222222,28.043333333333333,1,1,62,28,100.0,69.47,HIGH
Mumbai,19.076,72.8777,2024-06-02,32.26541666666667,38.26,28.44,60.43166666666667,79.78,3.4754166666666664,889.0,32.63333333333333,38.0,29.6,27.76822151135841,30.081663733958422,40.976037094212955,55.763406660812464,32.96658740738885,0.36,28.44,31.55,36.4,32.802777777777784,38.6,32.5875,32.41777777777778,28.223333333333333,1,1,63,29,100.0,69.44,HIGH
Mumbai,19.076,72.8777,2024-06-03,31.556250000000002,36.51,28.21,66.54291666666667,88.68,3.0979166666666664,743.9,32.479166666666664,36.6,29.9,27.899368837313475,29.920561037183774,42.240516537530524,54.11455742491767,33.65373130880064,6.4,28.21,32.11666666666667,36.2,32.62777777777779,38.0,32.67333333333333,32.131388888888885,28.373333333333335,1,1,64,30,100.0,65.00999999999999,HIGH
Mumbai,19.076,72.8777,2024-06-04,30.80541666666667,35.38,27.89,72.89833333333333,90.37,2.6483333333333334,894.53,32.541666666666664,35.8,30.4,27.927538307121235,29.564892445451466,41.39529356317743,50.692006668203575,33.739683562907466,7.1,27.89,32.324999999999996,35.3,32.551388888888894,38.0,32.685833333333335,31.54236111111111,28.179999999999996,1,1,65,31,100.0,62.28999999999999,HIGH
Mumbai,19.076,72.8777,2024-06-05,30.879166666666666,35.45,27.91,71.69625,90.37,2.9466666666666668,910.72,32.237500000000004,35.6,30.5,27.882792987803796,29.733547867766607,41.865502090923975,50.93158520403035,32.82819722703854,3.95,27.91,31.758333333333336,34.7,32.41944444444445,36.6,32.532500000000006,31.08027777777778,28.003333333333334,1,1,66,32,100.0,61.71000000000001,HIGH
Mumbai,19.076,72.8777,2024-06-06,31.100416666666664,36.18,27.91,68.86666666666666,88.1,3.220833333333333,921.03,32.016666666666666,36.4,29.2,27.75470920855544,29.80263056130164,41.90577222925144,53.15825143285845,31.6698631757293,2.96,27.91,31.516666666666666,35.1,32.26527777777778,36.4,32.38166666666667,30.92833333333333,27.903333333333336,1,1,67,33,100.0,64.11,HIGH
Mumbai,19.076,72.8777,2024-06-07,30.234583333333333,34.21,26.98,73.10625,90.08,3.2720833333333332,769.72,30.974999999999998,34.9,28.8,27.44493270131518,28.972019385158134,39.948073136677586,45.42525218736796,27.308486581881215,3.75,26.98,30.108333333333334,33.4,31.743055555555568,36.4,32.05,30.738055555555558,27.599999999999998,1,1,68,34,100.0,58.67999999999999,HIGH
Mumbai,19.076,72.8777,2024-06-08,29.219583333333333,32.65,26.87,79.45333333333333,94.4,3.2412500000000004,733.42,30.349999999999998,32.7,29.1,27.168496598357724,28.395703793668,38.58744780806314,36.54472176347786,23.939770119383855,32.48,26.87,29.583333333333332,30.1,31.113888888888894,36.4,31.624166666666667,30.184861111111115,27.253333333333334,1,1,69,35,100.0,51.970000000000006,HIGH
Mumbai,19.076,72.8777,2024-06-09,28.182083333333335,30.29,26.55,85.73416666666667,94.75,2.6833333333333336,437.85,29.9875,31.5,27.7,26.831579140535585,27.748826735545922,36.77731034864009,30.425604883039206,20.63879673290485,28.04,26.55,29.525000000000002,31.0,30.437500000000004,34.9,31.113333333333333,29.212083333333336,26.8,0,1,0,36,100.0,48.05,MODERATE
Mumbai,19.076,72.8777,2024-06-10,28.645,31.67,26.62,80.85625,93.67,2.8533333333333335,549.38,30.054166666666664,31.0,28.9,26.75513912793411,27.842649618087307,37.221890766319234,29.916549520626475,20.782173194617794,13.83,26.62,29.849999999999998,30.8,30.13055555555556,32.7,30.676666666666666,28.682222222222222,26.679999999999996,0,1,0,37,100.0,46.620000000000005,MODERATE
Mumbai,19.076,72.8777,2024-06-11,28.362083333333334,31.44,26.6,80.44916666666667,94.51,3.374166666666667,741.08,29.05,30.0,28.7,26.428800295260398,27.02003089426157,35.15784381054458,23.15386990934521,16.442564078150376,7.5600000000000005,26.6,28.891666666666666,29.3,29.697222222222226,31.5,30.083333333333332,28.39638888888889,26.590000000000003,0,1,0,38,100.0,43.6,MODERATE
Mumbai,19.076,72.8777,2024-06-12,29.19333333333333,32.44,26.59,79.99125,94.54,3.9779166666666668,857.05,29.770833333333332,31.8,28.2,27.208190995682177,28.487171360091487,38.858150873069185,35.27294962207375,22.576761808158043,4.24,26.59,29.0,30.7,29.62500000000001,31.8,29.8425,28.73347222222222,26.603333333333335,0,1,0,39,100.0,48.99,MODERATE
Mumbai,19.076,72.8777,2024-06-13,29.447083333333335,33.03,26.71,79.67125,95.53,3.6962499999999996,869.45,30.395833333333332,32.5,29.2,27.3912632461254,28.62004059729812,39.149688544415035,37.67159707110066,25.0815313075927,20.48,26.71,29.933333333333334,31.8,29.738888888888894,32.5,29.851666666666667,29.000833333333333,26.633333333333336,1,1,1,40,100.0,51.21,HIGH
Mumbai,19.076,72.8777,2024-06-14,29.255416666666665,32.43,26.74,82.56125,95.53,3.890416666666667,760.45,30.483333333333334,32.1,29.5,27.53527903302864,28.904417192614677,40.18189250517634,38.42576679973651,26.08173774467239,9.65,26.74,30.133333333333336,32.0,30.216666666666672,32.5,29.950833333333332,29.298611111111114,26.679999999999996,1,1,2,41,100.0,50.03999999999999,HIGH
Mumbai,19.076,72.8777,2024-06-15,29.56833333333333,33.28,26.7,79.12333333333333,95.38,3.36875,866.92,30.90416666666667,33.0,29.6,27.460856423939067,29.04610866465876,40.33527200631168,41.234214695116876,26.82885906013433,2.14,26.7,30.275000000000002,32.2,30.594444444444452,33.0,30.12083333333333,29.42361111111111,26.716666666666665,1,1,3,42,100.0,52.699999999999996,HIGH
Mumbai,19.076,72.8777,2024-06-16,29.592916666666667,33.66,26.72,77.73041666666667,93.46,2.5875,879.03,31.337500000000002,34.1,29.9,27.324058158356376,28.961694925604657,40.017456581936585,43.20461223936752,27.2068850920042,2.46,26.72,30.71666666666667,33.2,30.908333333333342,34.1,30.578333333333337,29.472222222222218,26.72,1,1,4,43,100.0,56.02,HIGH
Mumbai,19.076,72.8777,2024-06-17,29.252499999999998,32.69,26.88,80.88458333333334,95.7,3.4525,834.03,30.433333333333334,32.7,28.7,27.346943789843124,28.73351905477921,39.52526285194034,38.59209007906837,24.960277374089554,4.51,26.88,30.366666666666664,32.6,30.891666666666676,34.1,30.710833333333333,29.471249999999998,26.766666666666666,1,1,5,44,100.0,51.980000000000004,HIGH
Mumbai,19.076,72.8777,2024-06-18,28.613333333333333,32.06,26.75,82.64041666666667,95.83,4.08,574.12,29.004166666666666,31.2,27.7,26.90265092611241,28.06246678717003,37.797667555558846,31.407297076267966,18.806875925607617,19.55,26.75,28.691666666666666,30.1,30.258333333333344,34.1,30.432499999999997,29.15291666666667,26.78333333333333,0,1,0,45,100.0,47.349999999999994,MODERATE
Mumbai,19.076,72.8777,2024-06-19,28.859166666666667,31.35,27.11,81.89833333333333,91.6,5.677916666666667,550.3,28.34166666666667,30.6,26.4,27.092846568503017,28.231619156853018,38.236683713412305,30.965886786569758,18.512604531533672,23.47,27.11,27.833333333333332,30.4,29.259722222222234,32.7,30.00416666666667,28.90833333333333,26.91333333333333,0,1,0,46,100.0,45.910000000000004,MODERATE
Mumbai,19.076,72.8777,2024-06-20,28.91541666666667,31.28,27.05,84.81083333333333,92.05,5.97125,301.95,28.816666666666666,31.0,26.7,27.444783817120626,28.461541966530014,39.045580566093676,33.35904378314976,21.533429752716767,34.35,27.05,28.058333333333334,30.7,28.720833333333342,31.2,29.586666666666666,28.795972222222222,26.97,0,1,0,47,100.0,47.05,MODERATE
Mumbai,19.076,72.8777,2024-06-21,29.3475,31.94,27.53,84.96375,94.39,4.652916666666667,740.2,30.525000000000002,31.9,27.9,27.895099209115596,29.009984079962003,40.498644258770824,38.51790376925194,28.237822809089163,13.77,27.53,29.96666666666667,31.4,29.22777777777779,31.9,29.424166666666668,29.040694444444444,27.23,0,1,0,48,100.0,50.23,HIGH
Mumbai,19.076,72.8777,2024-06-22,29.590833333333332,32.5,27.32,83.02458333333333,94.54,3.1683333333333334,492.9,31.55,32.7,30.5,27.90497126976162,28.9517487998131,40.354208132914636,40.12172690283836,30.88410813932993,12.6,27.32,31.183333333333334,32.2,30.29722222222223,32.7,29.6475,29.284583333333334,27.3,1,1,1,49,100.0,52.42000000000001,HIGH
Mumbai,19.076,72.8777,2024-06-23,28.389583333333334,31.42,25.68,83.24916666666667,95.4,2.825416666666667,710.33,29.958333333333332,32.0,28.1,26.765210678250572,28.1078838678082,37.86284038752924,33.59971110569059,20.211876506830887,14.78,25.68,29.95,32.0,30.677777777777788,32.7,29.83833333333333,29.109305555555554,26.843333333333334,1,1,2,50,100.0,48.68,MODERATE
Mumbai,19.076,72.8777,2024-06-24,29.125,33.78,25.59,79.42666666666666,95.42,2.7104166666666667,576.95,30.691666666666666,34.4,28.0,27.02634938211655,29.130363352280373,40.589669735820515,45.09959573763435,23.667915390944373,7.89,25.59,29.375,31.4,30.733333333333338,34.4,30.308333333333337,29.03513888888889,26.19666666666667,1,1,3,51,100.0,55.78999999999999,HIGH
Mumbai,19.076,72.8777,2024-06-25,28.08125,31.88,25.27,82.15583333333333,93.53,3.56625,892.08,28.554166666666664,32.6,24.4,26.366023132529804,28.625806807432152,39.308949089214394,37.83085441291767,15.948089826421274,4.42,25.27,28.416666666666668,32.6,29.734722222222228,34.4,30.255833333333335,28.531944444444445,25.513333333333332,1,1,4,52,100.0,50.07000000000001,HIGH
Mumbai,19.076,72.8777,2024-06-26,28.389583333333334,31.05,25.39,88.62666666666667,96.24,4.3425,758.08,29.695833333333336,31.6,26.5,27.342513570743083,28.918614891225133,40.22186414997672,36.25311784756819,22.81856627967994,28.31,25.39,28.883333333333336,30.9,29.64722222222223,34.4,30.089999999999996,28.531944444444445,25.416666666666668,0,1,0,53,100.0,47.190000000000005,MODERATE
Mumbai,19.076,72.8777,2024-06-27,27.69458333333333,29.75,26.63,90.8725,95.42,8.759583333333333,708.28,26.2625,28.0,24.5,26.8898831751622,28.050206394318394,37.275960153834134,23.086236708028345,11.996526927717822,39.44,26.63,25.45,26.3,28.170833333333338,32.6,29.0325,28.055138888888887,25.763333333333332,0,1,0,54,100.0,37.629999999999995,MODERATE
Mumbai,19.076,72.8777,2024-06-28,27.42833333333333,28.33,26.7,92.33,95.49,7.630833333333334,309.25,26.333333333333332,26.8,25.3,26.75147810018795,27.224371689422377,34.35842064736161,14.226540928018508,10.753515424414383,36.15,26.7,26.266666666666666,26.8,27.43055555555556,31.6,28.307499999999997,27.837499999999995,26.24,0,1,0,55,100.0,34.1,MODERATE
Mumbai,19.076,72.8777,2024-06-29,28.39708333333333,31.07,26.46,87.14833333333333,94.76,6.270416666666667,619.45,28.15416666666667,31.1,26.3,27.1887599599681,28.738608310654783,39.72810661679802,35.033743729180024,17.815068286173453,19.11,26.46,27.5,30.8,26.91666666666667,31.1,27.8,27.84,26.596666666666668,0,1,0,56,100.0,46.760000000000005,MODERATE
Mumbai,19.076,72.8777,2024-06-30,28.316666666666666,30.87,26.53,87.11208333333333,94.54,7.208749999999999,405.73,27.537499999999998,30.7,25.5,27.101424189631754,28.484244634148506,38.98222108783538,32.62205658751976,16.416757316896128,15.05,26.53,27.0,30.7,27.341666666666672,31.1,27.596666666666664,28.047361111111112,26.563333333333333,0,1,0,57,100.0,45.629999999999995,MODERATE
Srinagar,34.0837,74.7973,2020-04-01,3.5825,6.39,-0.23,81.81541666666666,91.71,2.8837499999999996,719.7,-2.1125000000000003,-0.2,-5.0,2.449877708026715,4.705343800338268,4.971083333333333,0.0,0.0,6.5,-0.23,-1.925,-0.2,-2.1125000000000003,-0.2,-2.1125000000000003,3.5825,-0.23,0,0,0,0,0.0,0.0,LOW
Srinagar,34.0837,74.7973,2020-04-02,1.20875,5.29,-6.29,69.82041666666667,84.76,1.3641666666666667,968.38,-0.4833333333333332,5.2,-15.6,-0.48065115193704117,2.95625307737028,3.4218999999999986,0.0,0.0,0.37,-6.29,-4.391666666666667,4.2,-1.2979166666666668,5.2,-1.2979166666666668,2.395625,-3.2600000000000002,0,0,0,0,0.0,0.0,LOW
Srinagar,34.0837,74.7973,2020-04-03,3.497083333333333,9.31,-6.88,59.143750000000004,86.1,1.8074999999999999,1001.65,0.1875,8.5,-17.2,1.142664293681566,6.2325875524768675,7.6629500000000075,0.0,0.0,0.0,-6.88,-6.416666666666667,7.9,-0.8027777777777779,8.5,-0.8027777777777779,2.762777777777778,-4.466666666666667,0,0,0,0,0.0,0.0,LOW
Srinagar,34.0837,74.7973,2020-04-04,4.9799999999999995,10.38,-2.1,61.45416666666667,71.92,1.4483333333333333,992.28,3.0749999999999997,10.5,-9.5,2.676273116967351,7.348048093412718,8.880161111111107,0.0,0.0,0.0,-2.1,-2.183333333333333,9.7,0.9263888888888888,10.5,0.16666666666666652,3.228611111111111,-5.09,0,0,0,0,0.0,0.0,LOW
Srinagar,34.0837,74.7973,2020-04-05,5.025833333333334,8.93,-0.54,74.74625,87.83,2.2983333333333333,940.3,1.3041666666666667,5.9,-7.2,3.472742692454243,6.701344301844458,7.532172222222221,0.0,0.0,4.11,-0.54,-1.1916666666666667,3.9,1.5222222222222221,10.5,0.39416666666666655,4.500972222222223,-3.173333333333334,0,0,0,0,0.0,0.0,LOW
Srinagar,34.0837,74.7973,2020-04-06,4.9158333333333335,8.46,1.46,76.13583333333334,89.98,2.1858333333333335,683.0,1.5791666666666666,3.9,-3.7,3.4252196201395915,6.199562795797317,7.032372222222227,0.0,0.0,0.89,1.46,0.5416666666666666,3.9,1.986111111111111,10.5,1.1324999999999998,4.973888888888889,-0.39333333333333337,0,0,0,0,0.0,0.0,LOW
Srinagar,34.0837,74.7973,2020-04-07,4.382083333333333,7.23,0.03,74.09583333333333,89.27,2.3675,621.1,0.3333333333333333,3.7,-4.7,2.806420761249795,5.182146910614527,5.705255555555561,0.0,0.0,14.46,0.03,-0.15,3.3,1.0722222222222222,5.9,1.2958333333333332,4.774583333333333,0.31666666666666665,0,0,0,0,0.0,0.0,LOW
Srinagar,34.0837,74.7973,2020-04-08,4.64625,9.5,-0.69,64.08166666666666,76.66,1.4245833333333333,890.6,3.0500000000000003,10.4,-5.7,2.5131909385549185,6.648870091915124,7.966733333333333,0.0,0.0,0.16,-0.69,-0.8083333333333332,7.4,1.6541666666666668,10.4,1.8683333333333334,4.648055555555556,0.26666666666666666,0,0,0,0,0.0,0.0,LOW
Srinagar,34.0837,74.7973,2020-04-09,5.8116666666666665,10.52,0.67,77.12166666666667,93.41,1.8316666666666668,863.03,3.591666666666667,10.6,-3.9,4.370617174194642,7.88163825770738,9.197094444444447,0.0,0.0,5.17,0.67,2.9,10.6,2.325,10.6,1.971666666666667,4.946666666666666,0.0033333333333333734,0,0,0,0,0.0,0.0,LOW
Srinagar,34.0837,74.7973,2020-04-10,5.837083333333333,9.82,0.17,74.31083333333333,93.01,1.8170833333333334,974.0,3.3874999999999997,11.4,-7.0,4.236107885470522,7.816145157823488,8.592638888888892,0.0,0.0,0.0,0.17,-0.40833333333333327,7.0,3.3430555555555554,11.4,2.388333333333333,5.4316666666666675,0.050000000000000044,0,0,0,0,0.0,0.0,LOW
Srinagar,34.0837,74.7973,2020-04-11,8.16,13.19,-0.1,57.69916666666666,75.13,1.6941666666666666,922.17,5.675,14.0,-7.5,5.403526129890512,9.669253318142864,11.883949999999999,0.0,0.0,0.0,-0.1,0.9333333333333332,12.2,4.218055555555556,14.0,3.2075000000000005,6.602916666666666,0.2466666666666667,0,0,0,0,0.0,0.0,LOW
Srinagar,34.0837,74.7973,2020-04-12,10.2525,15.23,2.84,54.33708333333333,68.49,1.4454166666666666,994.83,8.475,15.4,-4.2,7.109490020144485,11.241923025824342,14.039955555555556,0.0,0.0,0.0,2.84,4.508333333333334,14.3,5.845833333333334,15.4,4.835833333333333,8.083194444444445,0.9700000000000001,0,0,0,0,0.0,0.0,LOW
Srinagar,34.0837,74.7973,2020-04-13,9.895,14.55,5.08,70.87041666666667,88.76,1.7,804.72,8.295833333333333,13.6,1.1,7.8444780052373595,11.5045445998945,13.58178888888889,0.0,0.0,0.03,5.08,6.633333333333333,13.5,7.481944444444444,15.4,5.885,9.435833333333333,2.606666666666667,0,0,0,0,0.0,0.0,LOW
Srinagar,34.0837,74.7973,2020-04-14,9.064583333333333,13.3,4.95,83.07291666666667,93.47,2.7808333333333333,660.7,4.954166666666667,9.7,0.7,7.869700643393787,10.93890210462948,12.385911111111106,0.0,0.0,16.0,4.95,4.1499999999999995,9.7,7.241666666666666,15.4,6.1575,9.737361111111111,4.29,0,0,0,0,0.0,0.0,LOW
Srinagar,34.0837,74.7973,2020-04-15,8.825833333333334,13.15,4.73,79.15291666666667,91.3,3.0620833333333333,693.45,4.308333333333334,9.1,1.7,7.384744761673602,10.887083663795424,12.299766666666667,0.0,0.0,5.79,4.73,3.216666666666667,5.6,5.852777777777778,13.6,6.341666666666667,9.261805555555556,4.920000000000001,0,0,0,0,0.0,0.0,LOW
Srinagar,34.0837,74.7973,2020-04-16,9.179583333333333,13.79,5.08,65.02916666666667,74.47,2.1149999999999998,933.8,6.5,9.4,2.2,6.794365928581399,10.182154048537633,12.533505555555557,0.0,0.0,0.87,5.08,5.541666666666667,8.9,5.254166666666666,9.7,6.506666666666666,9.023333333333333,4.920000000000001,0,0,0,0,0.0,0.0,LOW
Srinagar,34.0837,74.7973,2020-04-17,6.432916666666667,10.16,3.55,82.25916666666667,96.36,2.4570833333333333,541.0,2.6458333333333335,5.7,-1.0,5.2391354744623255,7.659520210090984,8.869505555555554,0.0,0.0,16.44,3.55,2.1666666666666665,5.7,4.4847222222222225,9.4,5.340833333333333,8.14611111111111,4.453333333333334,0,0,0,0,0.0,0.0,LOW
Srinagar,34.0837,74.7973,2020-04-18,5.08,8.36,2.05,84.76666666666667,95.31,3.169166666666667,589.38,-0.7541666666666665,5.8,-6.1,4.072584705412884,6.598587983244457,7.164716666666667,0.0,0.0,13.12,2.05,-1.575,-0.5,2.797222222222222,9.4,3.530833333333333,6.897500000000001,3.56,0,0,0,0,0.0,0.0,LOW
Srinagar,34.0837,74.7973,2020-04-19,5.9120833333333325,9.43,2.28,78.65083333333332,90.21,2.1183333333333336,498.83,3.0083333333333333,6.6,-0.8,4.510096124522723,7.252270056683532,8.179827777777781,0.0,0.0,2.59,2.28,1.6916666666666667,5.1,1.6333333333333335,6.6,3.1416666666666666,5.808333333333334,2.6266666666666665,0,0,0,0,0.0,0.0,LOW
Srinagar,34.0837,74.7973,2020-04-20,6.8687499999999995,11.03,2.57,76.71166666666666,90.59,1.9254166666666668,865.38,4.704166666666667,6.9,-0.5,5.323356385348378,8.2638417687973,9.726761111111115,0.0,0.0,0.88,2.57,4.2749999999999995,5.8,2.3194444444444446,6.9,3.2208333333333328,5.953611111111111,2.3,0,0,0,0,0.0,0.0,LOW
Srinagar,34.0837,74.7973,2020-04-21,6.320833333333333,9.68,3.24,80.29208333333334,91.51,1.7258333333333333,959.17,4.7124999999999995,7.4,1.8,5.054975792759267,7.765383320534262,8.534988888888888,0.0,0.0,0.41,3.24,4.158333333333333,6.8,4.141666666666667,7.4,2.8633333333333333,6.367222222222222,2.6966666666666668,0,0,0,0,0.0,0.0,LOW
Srinagar,34.0837,74.7973,2020-04-22,8.577083333333333,14.13,3.28,70.81541666666666,84.99,1.5625,934.53,7.420833333333333,11.4,2.0,6.581380940086226,10.75196978160247,12.999416666666662,0.0,0.0,0.29,3.28,6.266666666666667,11.4,5.6125,11.4,3.818333333333334,7.2555555555555555,3.03,0,0,0,0,0.0,0.0,LOW
Srinagar,34.0837,74.7973,2020-04-23,9.502916666666666,15.34,3.34,64.79916666666666,78.81,1.8641666666666667,1043.25,7.366666666666667,13.6,-2.2,7.060944913949929,11.625466232136036,14.249994444444443,0.0,0.0,0.0,3.34,4.6499999999999995,13.6,6.5,13.6,5.4425,8.13361111111111,3.2866666666666666,0,0,0,0,0.0,0.0,LOW
Srinagar,34.0837,74.7973,2020-04-24,10.82875,16.24,3.41,65.10208333333334,82.99,1.75875,1037.75,9.112499999999999,13.0,-2.2,8.33652017769702,12.478537808221859,15.253049999999998,0.0,0.0,0.0,3.41,6.608333333333333,12.1,7.966666666666666,13.6,6.663333333333332,9.636249999999999,3.3433333333333333,0,0,0,0,0.0,0.0,LOW
Srinagar,34.0837,74.7973,2020-04-25,10.25625,14.65,5.11,73.92833333333333,87.97,1.6020833333333335,980.58,9.200000000000001,12.1,2.0,8.42141492284401,11.582230797066023,13.666722222222225,0.0,0.0,0.1,5.11,8.258333333333333,12.1,8.559722222222222,13.6,7.5625,10.195972222222222,3.9533333333333336,0,0,0,0,0.0,0.0,LOW
Srinagar,34.0837,74.7973,2020-04-26,8.250416666666666,11.29,4.89,88.61958333333332,96.82,1.3041666666666667,920.35,8.129166666666666,11.3,5.1,7.474502360137534,9.544807637892093,10.387455555555553,0.0,0.0,0.22,4.89,7.458333333333333,10.5,8.813888888888888,13.0,8.245833333333334,9.778472222222222,4.47,0,0,0,0,0.0,0.0,LOW
Srinagar,34.0837,74.7973,2020-04-27,6.433333333333334,8.19,5.0,85.94041666666668,92.89,1.1725,718.7,6.4624999999999995,9.8,4.7,5.516261169397823,7.464356187646904,7.360766666666665,0.0,0.0,2.56,5.0,7.008333333333333,9.8,7.930555555555556,12.1,8.054166666666667,8.313333333333333,5.0,0,0,0,0,0.0,0.0,LOW
Srinagar,34.0837,74.7973,2020-04-28,10.009583333333333,13.61,5.27,75.5525,85.54,1.8550000000000002,956.2,8.408333333333333,11.1,5.2,8.311663135912006,11.265584168527868,12.76242222222222,0.0,0.0,0.12,5.27,7.283333333333334,10.9,7.666666666666665,11.3,8.2625,8.231111111111112,5.053333333333334,0,0,0,0,0.0,0.0,LOW
Srinagar,34.0837,74.7973,2020-04-29,11.4475,15.57,7.34,75.16458333333334,89.5,1.9608333333333334,953.72,9.720833333333333,13.3,5.9,9.651077456034876,12.77145348426601,14.813716666666664,0.0,0.0,0.13,7.34,8.916666666666666,13.3,8.197222222222221,13.3,8.384166666666667,9.296805555555556,5.87,0,0,0,0,0.0,0.0,LOW
Srinagar,34.0837,74.7973,2020-04-30,12.031666666666666,16.71,6.74,67.04666666666667,80.95,1.7695833333333333,1005.6,10.512500000000001,14.2,4.5,9.619086070674273,13.119928717772648,15.840288888888889,0.0,0.0,0.01,6.74,8.65,13.3,9.547222222222222,14.2,8.646666666666667,11.162916666666666,6.449999999999999,0,0,0,0,0.0,0.0,LOW
Srinagar,34.0837,74.7973,2020-05-01,11.905833333333334,17.28,6.57,72.23041666666667,87.45,2.0058333333333334,850.67,9.941666666666666,15.0,4.2,9.825778031235785,13.41009195411022,16.403055555555554,0.0,0.0,1.48,6.57,8.208333333333334,15.0,10.058333333333332,15.0,9.009166666666667,11.795000000000002,6.883333333333333,0,0,0,0,0.0,0.0,LOW
Srinagar,34.0837,74.7973,2020-05-02,9.2775,15.12,3.86,85.16583333333334,96.69,3.047916666666667,812.55,5.170833333333333,11.8,0.6,8.217617458437749,12.70694670729216,14.420188888888893,0.0,0.0,17.32,3.86,4.858333333333333,9.0,8.541666666666666,15.0,8.750833333333333,11.071666666666667,5.723333333333333,0,0,0,0,0.0,0.0,LOW
Srinagar,34.0837,74.7973,2020-05-03,9.185416666666667,13.24,5.46,74.79416666666667,90.45,2.189583333333333,681.25,6.566666666666666,9.3,2.7,7.43262426257123,10.53934132761611,12.235572222222224,0.0,0.0,3.35,5.46,5.7749999999999995,7.9,7.226388888888888,15.0,8.3825,10.122916666666667,5.296666666666667,0,0,0,0,0.0,0.0,LOW
Srinagar,34.0837,74.7973,2020-05-04,8.955,12.96,5.37,83.04083333333334,91.02,2.442083333333333,785.2,5.9624999999999995,9.0,2.2,7.777404491902076,10.63499143966255,12.060477777777779,0.0,0.0,1.66,5.37,6.158333333333332,8.1,5.899999999999999,11.8,7.630833333333333,9.139305555555556,4.896666666666667,0,0,0,0,0.0,0.0,LOW
Srinagar,34.0837,74.7973,2020-05-05,9.799583333333333,14.47,4.94,72.45375,88.14,2.3941666666666666,728.12,6.754166666666666,10.3,3.0,7.829064588976325,11.194203062166034,13.376872222222223,0.0,0.0,0.5,4.94,6.066666666666666,10.3,6.427777777777776,10.3,6.8791666666666655,9.313333333333333,5.256666666666667,0,0,0,0,0.0,0.0,LOW
Srinagar,34.0837,74.7973,2020-05-06,7.90625,12.11,3.03,75.49083333333333,88.06,2.7845833333333334,713.28,3.725,8.2,-2.0,6.244334844496376,9.304289976684778,10.925466666666669,0.0,0.0,1.27,3.03,4.05,6.8,5.480555555555554,10.3,5.635833333333333,8.886944444444444,4.446666666666666,0,0,0,0,0.0,0.0,LOW
Srinagar,34.0837,74.7973,2020-05-07,10.639999999999999,15.65,3.25,63.2775,77.66,1.9345833333333333,1012.5,8.516666666666667,11.6,1.2,8.040614658032498,11.897636699941657,14.592561111111113,0.0,0.0,0.0,3.25,6.491666666666667,10.7,6.331944444444443,11.6,6.305,9.448611111111111,3.74,0,0,0,0,0.0,0.0,LOW
Srinagar,34.0837,74.7973,2020-05-08,12.767916666666666,18.1,6.17,66.58916666666666,96.55,1.9629166666666666,1030.12,10.945833333333333,14.7,4.9,10.222827273958108,13.794430362901855,17.193038888888893,0.0,0.0,0.03,6.17,9.55,14.7,7.729166666666665,14.7,7.180833333333334,10.438055555555556,4.1499999999999995,0,0,0,0,0.0,0.0,LOW
Srinagar,34.0837,74.7973,2020-05-09,10.632916666666667,14.74,5.85,78.535,97.39,2.776666666666667,799.35,6.879166666666666,13.1,-1.3,9.108689065302498,12.428675356810038,14.057122222222217,0.0,0.0,5.59,5.85,4.833333333333333,8.4,8.780555555555553,14.7,7.364166666666667,11.346944444444444,5.09,0,0,0,0,0.0,0.0,LOW
Srinagar,34.0837,74.7973,2020-05-10,10.519166666666667,14.95,6.7,74.69125,94.57,1.8099999999999998,830.9,9.025,12.3,4.1,8.734217988490977,12.19925648963887,14.144249999999998,0.0,0.0,3.87,6.7,7.141666666666667,10.0,8.949999999999998,14.7,7.818333333333333,11.306666666666667,6.239999999999999,0,0,0,0,0.0,0.0,LOW
Srinagar,34.0837,74.7973,2020-05-11,10.521666666666667,15.32,5.89,72.9525,89.98,1.8604166666666666,937.7,8.866666666666667,12.2,3.8,8.604313233411494,12.102423413711774,14.394322222222222,0.0,0.0,1.77,5.89,8.233333333333333,12.2,8.256944444444443,13.1,8.846666666666668,10.557916666666667,6.146666666666667,0,0,0,0,0.0,0.0,LOW
Srinagar,34.0837,74.7973,2020-05-12,11.805833333333334,15.76,5.94,73.8725,88.39,1.8241666666666667,889.42,10.362499999999999,12.8,4.2,9.894739572355734,12.828725620612428,14.990861111111107,0.0,0.0,0.0,5.94,9.424999999999999,12.0,9.418055555555554,12.8,9.215833333333332,10.948888888888888,6.176666666666667,0,0,0,0,0.0,0.0,LOW
Srinagar,34.0837,74.7973,2020-05-13,11.956249999999999,16.11,6.63,78.15208333333334,95.31,2.807916666666667,666.97,8.466666666666667,12.8,1.5,10.345998073795766,13.487676325389137,15.488138888888889,0.0,0.0,5.93,6.63,7.091666666666666,10.7,9.231944444444444,12.8,8.72,11.427916666666667,6.153333333333333,0,0,0,0,0.0,0.0,LOW
Srinagar,34.0837,74.7973,2020-05-14,9.527083333333334,13.27,5.41,74.18666666666667,87.36,1.925,342.88,7.566666666666666,11.8,3.3,7.743886674272418,11.097315971314627,12.479549999999998,0.0,0.0,15.549999999999999,5.41,7.991666666666667,11.8,8.798611111111109,12.8,8.857499999999998,11.096388888888889,5.993333333333333,0,0,0,0,0.0,0.0,LOW
Srinagar,34.0837,74.7973,2020-05-15,11.892083333333334,16.88,5.78,62.64083333333334,75.62,1.9383333333333335,898.5,9.875,13.0,3.7,9.157348673519024,12.974772843928866,15.938511111111113,0.0,0.0,0.01,5.78,7.691666666666666,11.8,8.636111111111111,13.0,9.0275,11.12513888888889,5.94,0,0,0,0,0.0,0.0,LOW
Srinagar,34.0837,74.7973,2020-05-16,11.7575,16.62,5.56,61.490833333333335,77.8,2.1,875.53,9.3125,11.9,2.3,8.940431311833217,12.598279768728382,15.60525,0.0,0.0,0.04,5.56,7.175,10.8,8.918055555555554,13.0,9.116666666666665,11.05888888888889,5.583333333333333,0,0,0,0,0.0,0.0,LOW
Srinagar,34.0837,74.7973,2020-05-17,11.433333333333332,16.78,5.27,59.30125,76.32,2.344583333333333,894.47,8.325000000000001,11.8,2.0,8.443425212765126,12.209245177390954,15.626150000000003,0.0,0.0,0.0,5.27,6.208333333333333,9.9,9.170833333333333,13.0,8.709166666666667,11.694305555555554,5.536666666666666,0,0,0,0,0.0,0.0,LOW
Srinagar,34.0837,74.7973,2020-05-18,9.54625,13.5,4.02,63.54,75.81,2.370833333333333,451.92,6.1875,9.9,0.6,7.021574210687878,10.201810210504132,12.324433333333332,0.0,0.0,0.55,4.02,4.625,8.3,7.9416666666666655,11.9,8.253333333333334,10.91236111111111,4.949999999999999,0,0,0,0,0.0,0.0,LOW
Srinagar,34.0837,74.7973,2020-05-19,8.543750000000001,12.01,3.87,60.42916666666667,73.59,1.8329166666666667,837.22,6.191666666666666,12.1,-0.7,5.924767114007808,8.98960269445386,10.746794444444447,0.0,0.0,0.85,3.87,2.9166666666666665,5.4,6.901388888888889,12.1,7.9783333333333335,9.841111111111111,4.386666666666667,0,0,0,0,0.0,0.0,LOW
Srinagar,34.0837,74.7973,2020-05-20,12.707500000000001,18.77,4.51,51.569583333333334,69.04,2.2245833333333334,1072.88,9.608333333333333,15.8,0.2,9.04397938562596,13.636760114347352,17.691805555555554,0.0,0.0,0.0,4.51,6.633333333333333,15.8,7.329166666666666,15.8,7.925,10.265833333333335,4.133333333333334,0,0,0,0,0.0,0.0,LOW
Srinagar,34.0837,74.7973,2020-05-21,15.495,21.12,7.13,50.67541666666667,69.22,2.037916666666667,1060.35,13.120833333333332,17.5,3.0,11.504771471792694,15.590002961656571,20.281866666666676,0.0,0.0,0.0,7.13,10.441666666666666,17.5,9.640277777777776,17.5,8.686666666666667,12.248750000000001,5.170000000000001,0,0,0,0,0.0,0.0,LOW
Srinagar,34.0837,74.7973,2020-05-22,15.977916666666667,20.98,10.05,60.96958333333333,75.27,1.9883333333333333,968.83,14.216666666666667,17.0,7.6,12.825271241522108,16.36608560974681,20.36077777777778,0.0,0.0,0.17,10.05,12.649999999999999,16.7,12.315277777777775,17.5,9.864999999999998,14.726805555555556,7.23,0,0,0,0,0.0,0.0,LOW
Srinagar,34.0837,74.7973,2020-05-23,12.534583333333332,17.42,7.16,72.72583333333334,89.45,2.313333333333333,741.85,9.966666666666667,15.1,3.3,10.476798829346675,13.960782871157244,16.691788888888897,0.0,0.0,2.12,7.16,9.366666666666667,15.1,12.43472222222222,17.5,10.620833333333334,14.669166666666667,8.113333333333335,0,0,0,0,0.0,0.0,LOW
Srinagar,34.0837,74.7973,2020-05-24,14.21625,19.38,7.79,64.87291666666667,82.05,1.8795833333333334,952.0,12.625,16.0,4.6,11.477491832752827,15.16680073805418,18.65717777777778,0.0,0.0,0.0,7.79,10.758333333333333,15.7,12.269444444444444,17.0,11.907499999999999,14.242916666666668,8.333333333333334,0,0,0,0,0.0,0.0,LOW
Srinagar,34.0837,74.7973,2020-05-25,15.663333333333334,21.06,9.28,60.465,75.69,1.5979166666666667,1043.15,14.441666666666668,18.8,5.6,12.49321000015525,16.289594903883177,20.38428333333334,0.0,0.0,0.0,9.28,12.4,18.8,12.344444444444443,18.8,12.874166666666667,14.138055555555555,8.076666666666668,0,0,0,0,0.0,0.0,LOW
Srinagar,34.0837,74.7973,2020-05-26,17.225416666666668,22.53,9.48,51.24875,65.78,1.5158333333333334,1047.72,15.9375,19.6,5.7,13.137609808196137,16.81771382718643,21.839655555555552,0.0,0.0,0.03,9.48,13.924999999999999,19.6,14.33472222222222,19.6,13.4375,15.701666666666668,8.850000000000001,0,0,0,0,0.0,0.0,LOW
Srinagar,34.0837,74.7973,2020-05-27,15.155833333333334,21.35,8.82,64.15208333333334,87.73,2.5116666666666667,1033.82,12.220833333333333,17.4,3.6,12.200498296192352,16.447512232568183,20.69048888888889,0.0,0.0,0.39,8.82,11.433333333333332,17.4,14.199999999999998,19.6,13.038333333333332,16.014861111111113,9.193333333333335,0,0,0,0,0.0,0.0,LOW
Srinagar,34.0837,74.7973,2020-05-28,13.898333333333333,18.18,8.36,66.0525,84.09,1.5620833333333335,754.97,12.825000000000001,17.6,6.8,11.271842845212499,14.025386872051731,17.333261111111113,0.0,0.0,0.56,8.36,11.6,17.6,13.66111111111111,19.6,13.61,15.426527777777778,8.886666666666668,0,0,0,0,0.0,0.0,LOW
Srinagar,34.0837,74.7973,2020-05-29,11.853333333333333,15.47,7.35,75.50208333333333,87.4,2.245833333333333,479.5,9.516666666666667,12.8,5.3,10.035219514276195,12.582010252573845,14.693011111111117,0.0,0.0,1.28,7.35,8.541666666666666,10.9,11.520833333333334,17.6,12.988333333333333,13.635833333333332,8.176666666666668,0,0,0,0,0.0,0.0,LOW
Srinagar,34.0837,74.7973,2020-05-30,11.773333333333333,16.06,7.88,79.61749999999999,96.55,2.7225,562.92,8.575000000000001,11.1,6.2,10.244154568429401,12.899431608012437,15.262894444444445,0.0,0.0,8.34,7.88,8.958333333333334,11.1,10.305555555555555,17.6,11.815000000000001,12.508333333333333,7.863333333333333,0,0,0,0,0.0,0.0,LOW
Srinagar,34.0837,74.7973,2020-05-31,10.6525,14.12,7.42,73.25125,93.51,1.66,303.88,9.420833333333333,11.4,7.6,8.715483048547698,10.786530406060916,13.037244444444443,0.0,0.0,7.04,7.42,8.791666666666666,9.9,9.170833333333333,12.8,10.511666666666667,11.426388888888889,7.550000000000001,0,0,0,0,0.0,0.0,LOW
Srinagar,34.0837,74.7973,2020-06-01,10.92375,14.75,7.53,77.17666666666666,92.04,1.9716666666666667,705.95,9.174999999999999,10.1,7.2,9.264669841094545,11.743577576188056,13.833644444444444,0.0,0.0,1.94,7.53,8.816666666666666,9.9,9.056944444444442,11.4,9.9025,11.116527777777778,7.61,0,0,0,0,0.0,0.0,LOW
Srinagar,34.0837,74.7973,2020-06-02,11.610416666666666,15.91,7.77,73.415,92.52,2.4354166666666663,694.55,8.795833333333333,12.2,6.8,9.649994277546531,12.667987862358796,15.058466666666668,0.0,0.0,0.8200000000000001,7.77,8.108333333333333,10.1,9.130555555555553,12.2,9.096666666666668,11.062222222222223,7.573333333333334,0,0,0,0,0.0,0.0,LOW
Srinagar,34.0837,74.7973,2020-06-03,12.384583333333333,17.03,8.29,67.97541666666667,83.63,2.169166666666667,765.33,10.145833333333334,11.6,8.2,9.980436194797642,12.89800178325008,16.04188888888889,0.0,0.0,1.09,8.29,9.558333333333334,10.7,9.37222222222222,12.2,9.2225,11.639583333333333,7.863333333333333,0,0,0,0,0.0,0.0,LOW
Srinagar,34.0837,74.7973,2020-06-04,12.450000000000001,16.08,8.83,72.91416666666667,90.24,1.85625,751.45,11.016666666666666,12.7,9.5,10.427100649719145,12.786960164511312,15.234761111111109,0.0,0.0,0.24000000000000002,8.83,11.266666666666666,12.7,9.986111111111109,12.7,9.710833333333332,12.148333333333333,8.296666666666667,0,0,0,0,0.0,0.0,LOW
Srinagar,34.0837,74.7973,2020-06-05,13.300833333333335,17.37,9.69,80.43208333333332,95.63,2.2645833333333334,856.92,11.3375,13.0,9.9,11.804219332449087,14.110207611063473,16.68378888888889,0.0,0.0,1.93,9.69,11.674999999999999,13.0,10.833333333333334,13.0,10.094166666666666,12.711805555555557,8.936666666666666,0,0,0,0,0.0,0.0,LOW
Srinagar,34.0837,74.7973,2020-06-06,13.688333333333333,17.65,10.51,81.55375,93.74,1.9337499999999999,837.17,12.5,13.7,11.3,12.274452965585224,14.645162154399445,17.083177777777777,0.0,0.0,17.740000000000002,10.51,12.475,13.6,11.618055555555552,13.7,10.759166666666667,13.146388888888891,9.676666666666668,0,0,0,0,0.0,0.0,LOW
Srinagar,34.0837,74.7973,2020-06-07,14.83,18.89,10.7,76.90375,91.41,1.9475,925.62,13.583333333333334,14.6,11.1,13.006570093888506,15.553104518385275,18.368583333333326,0.0,0.0,0.58,10.7,13.166666666666666,14.1,12.47361111111111,14.6,11.716666666666665,13.939722222222223,10.299999999999999,0,0,0,0,0.0,0.0,LOW
Srinagar,34.0837,74.7973,2020-06-08,14.950416666666667,19.19,9.38,75.70166666666667,90.9,1.9591666666666667,868.85,13.6625,15.9,7.7,13.035605387100793,16.02885858264868,18.75628888888889,0.0,0.0,3.22,9.38,12.158333333333333,15.9,13.24861111111111,15.9,12.42,14.489583333333334,10.196666666666667,0,0,0,0,0.0,0.0,LOW
Srinagar,34.0837,74.7973,2020-06-09,14.98375,20.07,9.59,67.12625,86.95,2.259583333333333,977.28,12.779166666666667,16.2,7.6,12.350534890486728,15.93214127807197,19.465527777777783,0.0,0.0,0.49,9.59,11.233333333333334,16.2,13.341666666666667,16.2,12.7725,14.92138888888889,9.89,0,0,0,0,0.0,0.0,LOW
Srinagar,34.0837,74.7973,2020-06-10,13.964999999999998,19.21,8.87,73.30499999999999,89.34,2.120416666666667,850.5,12.070833333333333,17.4,6.5,11.921770758900934,15.433192227259592,18.60203888888889,0.0,0.0,0.07,8.87,10.375,16.4,12.837499999999999,17.4,12.919166666666666,14.633055555555556,9.280000000000001,0,0,0,0,0.0,0.0,LOW
Srinagar,34.0837,74.7973,2020-06-11,14.845416666666667,19.48,8.75,60.873333333333335,77.31,1.8525,775.28,13.1625,16.5,6.1,11.768733977936819,15.082736095523376,18.73140555555555,0.0,0.0,2.41,8.75,11.291666666666666,15.9,12.670833333333333,17.4,13.051666666666668,14.598055555555554,9.07,0,0,0,0,0.0,0.0,LOW
Srinagar,34.0837,74.7973,2020-06-12,14.102083333333333,19.33,9.09,62.669999999999995,80.51,2.53625,641.12,11.054166666666667,15.8,5.5,11.233958697133195,15.1974016061324,18.646827777777776,0.0,0.0,1.96,9.09,9.458333333333334,14.8,12.095833333333331,17.4,12.545833333333334,14.304166666666665,8.903333333333334,0,0,0,0,0.0,0.0,LOW
Srinagar,34.0837,74.7973,2020-06-13,13.517916666666666,18.75,8.04,64.01416666666667,77.39,1.9920833333333334,723.7,11.4,16.0,4.9,10.766138683930423,14.824335822730818,18.044599999999996,0.0,0.0,7.84,8.04,8.291666666666666,15.2,11.87222222222222,16.5,12.093333333333334,14.15513888888889,8.626666666666667,0,0,0,0,0.0,0.0,LOW
Srinagar,34.0837,74.7973,2020-06-14,15.204166666666666,20.38,8.9,59.215833333333336,79.16,2.0479166666666666,876.9,13.104166666666666,16.5,6.3,11.932148519285867,15.597285697729617,19.642811111111104,0.0,0.0,0.39,8.9,10.708333333333334,16.2,11.852777777777776,16.5,12.158333333333333,14.274722222222223,8.676666666666668,0,0,0,0,0.0,0.0,LOW
Srinagar,34.0837,74.7973,2020-06-15,15.723333333333334,20.66,10.46,56.54083333333333,76.62,2.0570833333333334,836.45,13.65,16.3,8.8,12.196414225804908,15.492988404556511,19.862555555555556,0.0,0.0,0.0,10.46,12.1,16.0,12.718055555555553,16.5,12.474166666666665,14.815138888888889,9.133333333333335,0,0,0,0,0.0,0.0,LOW
Srinagar,34.0837,74.7973,2020-06-16,16.47375,21.03,11.38,60.94708333333333,80.72,2.225,971.65,14.316666666666668,16.7,10.0,13.268443875978063,16.392477462670623,20.416822222222216,0.0,0.0,0.0,11.38,12.700000000000001,15.7,13.690277777777778,16.7,12.705,15.800416666666669,10.246666666666668,0,0,0,0,0.0,0.0,LOW
Srinagar,34.0837,74.7973,2020-06-17,16.6475,21.69,11.1,61.604166666666664,81.04,2.3983333333333334,954.97,14.266666666666666,17.1,9.6,13.465756828058355,16.745721297687084,21.078327777777776,0.0,0.0,0.0,11.1,13.083333333333334,17.0,14.077777777777778,17.1,13.3475,16.28152777777778,10.980000000000002,0,0,0,0,0.0,0.0,LOW
Srinagar,34.0837,74.7973,2020-06-18,17.140833333333333,22.35,10.52,53.153333333333336,71.79,2.0591666666666666,955.78,15.020833333333334,18.4,7.9,13.202458775131788,16.79328955531375,21.673772222222226,0.0,0.0,0.0,10.52,13.083333333333334,18.1,14.534722222222221,18.4,14.071666666666667,16.75402777777778,11.0,0,0,0,0,0.0,0.0,LOW
Srinagar,34.0837,74.7973,2020-06-19,17.07208333333333,22.84,10.32,56.86708333333333,85.17,2.026666666666667,755.83,15.108333333333334,18.9,8.6,13.36443319745289,16.82718082230704,22.121122222222223,0.0,0.0,3.31,10.32,13.091666666666667,18.7,14.798611111111109,18.9,14.4725,16.95347222222222,10.646666666666667,0,0,0,0,0.0,0.0,LOW
Srinagar,34.0837,74.7973,2020-06-20,16.39375,20.76,10.97,63.2425,86.17,1.83,927.67,14.991666666666667,17.7,9.6,13.400514914830238,16.25452977299876,20.14697777777777,0.0,0.0,1.2400000000000002,10.97,13.558333333333332,17.4,15.040277777777776,18.9,14.740833333333333,16.86888888888889,10.603333333333333,0,0,0,0,0.0,0.0,LOW
Srinagar,34.0837,74.7973,2020-06-21,16.617916666666666,21.45,10.8,63.64166666666666,80.32,2.15125,1044.22,14.741666666666667,17.0,9.4,13.628544460829744,16.787861227491124,20.879083333333337,0.0,0.0,0.11,10.8,13.116666666666667,16.6,14.947222222222221,18.9,14.825833333333332,16.694583333333334,10.696666666666667,0,0,0,0,0.0,0.0,LOW
Srinagar,34.0837,74.7973,2020-06-22,18.56833333333333,24.64,11.73,65.15333333333334,90.77,2.243333333333333,1003.8,16.995833333333334,20.3,11.1,15.474754382437004,18.76403002736174,24.187550000000005,0.0,0.0,0.0,11.73,16.133333333333333,19.8,15.576388888888888,20.3,15.371666666666666,17.19333333333333,11.166666666666666,0,0,0,0,0.0,0.0,LOW
Srinagar,34.0837,74.7973,2020-06-23,17.569583333333334,22.71,9.58,73.95375,94.15,2.3725,906.53,15.641666666666666,18.9,4.3,15.354083611504258,18.66227542031319,22.45856666666666,0.0,0.0,1.2,9.58,13.225,18.8,15.793055555555554,20.3,15.495833333333332,17.58527777777778,10.703333333333333,0,0,0,0,0.0,0.0,LOW
Srinagar,34.0837,74.7973,2020-06-24,16.22875,22.46,9.88,71.79416666666667,95.42,2.29,561.03,14.2125,19.5,4.5,13.855445838329713,17.896705014429102,21.959011111111117,0.0,0.0,23.21,9.88,11.941666666666668,19.5,15.616666666666665,20.3,15.316666666666666,17.455555555555556,10.396666666666668,0,0,0,0,0.0,0.0,LOW
Srinagar,34.0837,74.7973,2020-06-25,16.131666666666664,21.79,10.69,68.5925,94.38,1.8870833333333332,906.38,14.875,18.0,9.8,13.507893083023797,16.935574716213303,21.21731111111111,0.0,0.0,4.55,10.69,13.65,18.0,14.909722222222221,19.5,15.293333333333333,16.643333333333334,10.05,0,0,0,0,0.0,0.0,LOW
Srinagar,34.0837,74.7973,2020-06-26,17.0275,21.99,11.44,65.00833333333334,84.43,2.2129166666666666,840.0,15.158333333333333,18.3,10.2,14.094463997694584,17.36109696104952,21.50076111111111,0.0,0.0,0.17,11.44,13.866666666666667,18.3,14.748611111111112,19.5,15.376666666666665,16.46263888888889,10.67,0,0,0,0,0.0,0.0,LOW
Srinagar,34.0837,74.7973,2020-06-27,17.41125,23.02,10.93,62.94583333333333,84.56,2.2916666666666665,903.83,15.362499999999999,18.4,8.8,14.269163178668895,17.94756409903766,22.549683333333334,0.0,0.0,0.08,10.93,13.516666666666667,17.6,15.131944444444445,18.4,15.05,16.856805555555553,11.020000000000001,0,0,0,0,0.0,0.0,LOW
Srinagar,34.0837,74.7973,2020-06-28,17.368333333333332,23.55,11.76,66.05708333333334,84.77,2.1079166666666667,713.65,15.720833333333333,20.3,10.3,14.46067230242299,17.813442344141063,22.99533888888889,0.0,0.0,1.74,11.76,15.033333333333333,19.7,15.41388888888889,20.3,15.065833333333334,17.26902777777778,11.376666666666667,0,0,0,0,0.0,0.0,LOW
Srinagar,34.0837,74.7973,2020-06-29,16.940833333333334,22.42,11.13,55.066250000000004,82.54,2.3225000000000002,974.0,14.529166666666667,19.6,9.1,13.199235257468409,16.462511892059688,21.657294444444446,0.0,0.0,0.0,11.13,13.666666666666666,19.6,15.204166666666666,20.3,15.129166666666666,17.24013888888889,11.273333333333333,0,0,0,0,0.0,0.0,LOW
Srinagar,34.0837,74.7973,2020-06-30,18.365,24.01,11.7,54.083333333333336,78.69,2.0170833333333333,1030.8,16.479166666666668,20.0,9.8,14.367809983107948,18.04787915283824,23.455383333333334,0.0,0.0,0.0,11.7,14.233333333333334,18.8,15.576388888888891,20.3,15.45,17.558055555555555,11.530000000000001,0,0,0,0,0.0,0.0,LOW
Srinagar,34.0837,74.7973,2021-04-01,5.732500000000001,11.97,-0.39,51.82833333333334,73.24,2.3008333333333333,1016.97,1.6916666666666667,6.5,-4.2,2.773548989427971,7.629798305574066,10.196238888888887,0.0,0.0,0.0,-0.39,1.6416666666666666,6.5,10.9,20.0,12.756666666666668,13.679444444444444,7.480000000000001,0,0,0,0,0.0,0.0,LOW
Srinagar,34.0837,74.7973,2021-04-02,4.763333333333333,9.65,-0.4,45.147083333333335,66.14,2.7270833333333333,1030.0,-0.775,2.3,-4.3,1.6796183870741654,5.763394614386996,7.692283333333336,0.0,0.0,0.0,-0.4,-0.4749999999999999,2.3,5.798611111111112,20.0,9.529166666666665,9.620277777777778,3.6366666666666667,0,0,0,0,0.0,0.0,LOW
Srinagar,34.0837,74.7973,2021-04-03,6.30375,11.44,-0.33,40.83708333333333,53.02,1.7583333333333335,993.38,3.4916666666666667,8.6,-4.4,2.77366437893769,6.981888109347052,9.539605555555555,0.0,0.0,0.0,-0.33,0.9333333333333332,8.6,1.4694444444444457,8.6,7.083333333333333,5.599861111111113,-0.3733333333333328,0,0,0,0,0.0,0.0,LOW
Srinagar,34.0837,74.7973,2021-04-04,5.997916666666666,10.44,1.46,71.89458333333333,95.11,2.1425,647.62,2.8041666666666667,8.5,-1.6,4.170978069285131,7.443850390907489,8.981150000000003,0.0,0.0,1.83,1.46,1.6333333333333335,8.5,1.8402777777777792,8.6,4.738333333333332,5.6883333333333335,0.24333333333333387,0,0,0,0,0.0,0.0,LOW
Srinagar,34.0837,74.7973,2021-04-05,6.723333333333334,10.49,0.93,72.65125,95.84,2.3783333333333334,697.3,3.1,9.1,-3.4,4.9484263414931995,7.979728316185629,9.242427777777777,0.0,0.0,2.76,0.93,1.7416666666666665,4.0,3.131944444444445,9.1,2.0625,6.341666666666668,0.6866666666666673,0,0,0,0,0.0,0.0,LOW
Srinagar,34.0837,74.7973,2021-04-06,5.103750000000001,10.17,-1.57,83.39041666666667,98.95,2.5425,503.2,1.1541666666666666,6.2,-5.2,3.984519064020606,7.944857952865392,8.997744444444445,0.0,0.0,32.38,-1.57,1.2333333333333334,6.2,2.352777777777779,9.1,1.955,5.941666666666667,0.27333333333333387,0,0,0,0,0.0,0.0,LOW
Srinagar,34.0837,74.7973,2021-04-07,2.7416666666666667,7.1,-1.68,70.60416666666667,81.9,2.438333333333333,608.08,-1.9958333333333333,5.7,-6.0,1.018711314176047,4.661998592853399,5.45337222222222,0.0,0.0,0.48,-1.68,-4.25,-1.5,0.7527777777777788,9.1,1.7108333333333334,4.856250000000002,-0.7733333333333329,0,0,0,0,0.0,0.0,LOW
Srinagar,34.0837,74.7973,2021-04-08,5.21,9.84,-0.32,57.20583333333334,74.17,2.5141666666666667,765.5,0.6458333333333334,5.6,-5.2,2.657054533236408,6.628770351421901,8.21096111111111,0.0,0.0,0.0,-0.32,-1.1333333333333333,1.6,-0.06527777777777662,6.2,1.1416666666666666,4.351805555555557,-1.1899999999999995,0,0,0,0,0.0,0.0,LOW
Srinagar,34.0837,74.7973,2021-04-09,6.629166666666666,11.18,1.01,49.11666666666667,61.09,1.9516666666666669,952.05,3.641666666666667,7.0,-2.2,3.5049835189528875,7.197597318300623,9.429072222222223,0.0,0.0,0.0,1.01,1.875,4.2,0.7638888888888902,7.0,1.3091666666666668,4.860277777777779,-0.3299999999999994,0,0,0,0,0.0,0.0,LOW
Srinagar,34.0837,74.7973,2021-04-10,7.597083333333334,12.92,2.97,57.20041666666666,73.65,1.9795833333333333,953.05,4.7749999999999995,9.6,-0.1,4.816218155619338,8.995468496012695,11.441250000000002,0.0,0.0,0.06,2.97,2.525,7.0,3.0208333333333344,9.6,1.6441666666666666,6.478750000000001,1.2200000000000006,0,0,0,0,0.0,0.0,LOW
Srinagar,34.0837,74.7973,2021-04-11,6.597083333333334,10.3,3.51,76.03875000000001,91.51,2.618333333333333,386.52,2.441666666666667,8.6,-1.2,5.012123080705586,7.74914511802832,8.751688888888888,0.0,0.0,7.82,3.51,2.7416666666666667,5.5,3.6194444444444454,9.6,1.9016666666666666,6.941111111111113,2.4966666666666675,0,0,0,0,0.0,0.0,LOW
Srinagar,34.0837,74.7973,2021-04-12,7.292083333333333,11.48,2.36,68.48708333333333,89.57,1.7608333333333333,729.38,5.208333333333333,10.5,-3.3,5.222937213056941,8.613441200553234,10.2027,0.0,0.0,0.06999999999999999,2.36,2.8083333333333336,10.5,4.141666666666668,10.5,3.3425,7.162083333333335,2.946666666666667,0,0,0,0,0.0,0.0,LOW
Srinagar,34.0837,74.7973,2021-04-13,8.705833333333333,13.08,2.44,67.99875,85.67,1.9529166666666666,835.65,6.395833333333333,10.3,-3.1,6.522529765640505,9.700131401924077,11.768172222222223,0.0,0.0,0.0,2.44,5.25,10.0,4.681944444444446,10.5,4.492500000000001,7.531666666666667,2.77,0,0,0,0,0.0,0.0,LOW
Srinagar,34.0837,74.7973,2021-04-14,8.217083333333333,12.56,4.7,66.48625,91.17,1.5783333333333334,853.22,6.766666666666667,12.8,2.0,6.013500386979492,9.61427598396143,11.381561111111115,0.0,0.0,2.28,4.7,6.341666666666666,12.1,6.123611111111113,12.8,5.1175,8.071666666666667,3.1666666666666674,0,0,0,0,0.0,0.0,LOW
Srinagar,34.0837,74.7973,2021-04-15,7.329583333333333,12.86,2.78,69.24916666666667,87.41,2.7158333333333338,477.88,2.795833333333334,6.2,-1.8,5.263608428717957,9.113951735859022,11.456716666666662,0.0,0.0,8.57,2.78,2.091666666666667,6.2,5.3194444444444455,12.8,4.721666666666667,8.084166666666667,3.306666666666667,0,0,0,0,0.0,0.0,LOW
Srinagar,34.0837,74.7973,2021-04-16,5.77375,9.61,2.31,80.69166666666666,94.7,2.6641666666666666,504.88,1.2916666666666667,7.4,-2.5,4.497133640016667,7.412726515713334,8.382788888888891,0.0,0.0,22.86,2.31,-0.5416666666666666,2.1,3.6180555555555567,12.8,4.491666666666667,7.106805555555557,3.263333333333334,0,0,0,0,0.0,0.0,LOW
Srinagar,34.0837,74.7973,2021-04-17,4.781666666666667,8.19,2.14,87.17208333333333,98.18,2.4058333333333333,268.58,1.0208333333333333,6.4,-0.9,3.9200520080382018,6.565026692940298,7.026544444444439,0.0,0.0,14.58,2.14,0.016666666666666653,2.6,1.7027777777777793,7.4,3.6541666666666663,5.961666666666669,2.4100000000000006,0,0,0,0,0.0,0.0,LOW
Srinagar,34.0837,74.7973,2021-04-18,4.83875,8.53,-0.25,81.29416666666667,93.1,2.5825,514.72,0.47500000000000003,2.6,-4.8,3.6265032549659697,6.445783729796845,7.1971388888888885,0.0,0.0,7.61,-0.25,-0.1333333333333333,2.3,0.9291666666666679,7.4,2.4699999999999998,5.13138888888889,1.400000000000001,0,0,0,0,0.0,0.0,LOW
Srinagar,34.0837,74.7973,2021-04-19,6.729583333333333,12.11,-0.54,62.848749999999995,88.61,2.0220833333333332,849.33,3.6750000000000003,8.8,-5.7,4.330270339169636,8.6399363771596,10.684983333333333,0.0,0.0,0.01,-0.54,0.27499999999999997,7.6,1.7236111111111123,8.8,1.851666666666667,5.450000000000002,0.4500000000000006,0,0,0,0,0.0,0.0,LOW
Srinagar,34.0837,74.7973,2021-04-20,7.8500000000000005,13.72,2.16,62.05416666666667,85.0,1.9316666666666666,727.0,5.4125000000000005,10.4,-2.5,5.290725883855352,9.65046043331464,12.304538888888885,0.0,0.0,1.44,2.16,4.266666666666667,10.4,3.1875000000000018,10.4,2.375,6.472777777777779,0.4566666666666673,0,0,0,0,0.0,0.0,LOW
Srinagar,34.0837,74.7973,2021-04-21,5.92875,9.4,2.62,77.67958333333333,91.88,1.6429166666666666,719.2,4.429166666666666,6.4,1.3,4.474983589114013,6.915610960854898,7.981283333333333,0.0,0.0,3.4899999999999998,2.62,3.75,5.5,4.505555555555557,10.4,3.0025,6.836111111111112,1.413333333333334,0,0,0,0,0.0,0.0,LOW
Srinagar,34.0837,74.7973,2021-04-22,3.1279166666666662,7.38,-3.89,86.63708333333334,97.51,3.5170833333333333,323.12,-3.983333333333333,1.8,-9.8,2.253559127114539,5.491346175632566,6.002638888888888,0.0,0.0,29.02,-3.89,-4.333333333333333,1.0,1.9527777777777793,10.4,2.0016666666666665,5.635555555555556,0.2966666666666673,0,0,0,0,0.0,0.0,LOW
Srinagar,34.0837,74.7973,2021-04-23,2.7741666666666664,8.14,-4.26,61.4375,79.44,1.6970833333333333,673.05,0.12083333333333335,6.9,-13.7,0.5966010845750879,5.13345401664724,6.376211111111114,0.0,0.0,1.1,-4.26,-3.6999999999999997,5.3,0.18888888888889036,6.9,1.9308333333333334,3.9436111111111116,-1.8433333333333326,0,0,0,0,0.0,0.0,LOW
Srinagar,34.0837,74.7973,2021-04-24,6.26125,13.85,-4.55,45.52666666666667,64.98,2.4183333333333334,1044.5,1.0625,12.4,-14.6,2.8847729516277667,8.841768605886672,12.134205555555553,0.0,0.0,0.0,-4.55,-5.516666666666667,8.0,-0.9333333333333318,12.4,1.4083333333333332,4.054444444444446,-4.233333333333333,0,0,0,0,0.0,0.0,LOW
Srinagar,34.0837,74.7973,2021-04-25,10.434583333333334,17.5,1.33,45.19625,59.54,2.1220833333333333,1056.78,6.825,15.3,-7.3,6.5603783614720586,12.106710122598082,16.201166666666666,0.0,0.0,0.0,1.33,2.0416666666666665,15.3,2.669444444444446,15.3,1.6908333333333332,6.490000000000002,-2.4933333333333327,0,0,0,0,0.0,0.0,LOW
Srinagar,34.0837,74.7973,2021-04-26,12.471666666666666,18.54,3.72,46.11041666666667,65.84,1.6070833333333334,1035.38,10.520833333333334,16.6,-2.5,8.486026264909155,13.099107450144764,17.374672222222223,0.0,0.0,14.42,3.72,7.1499999999999995,16.5,6.136111111111113,16.6,2.9091666666666667,9.722500000000002,0.1666666666666674,0,0,0,0,0.0,0.0,LOW
Srinagar,34.0837,74.7973,2021-04-27,12.770000000000001,18.92,7.4,52.61291666666667,77.97,1.4208333333333334,1059.62,11.487499999999999,17.0,4.5,9.248517842995563,13.958858850448404,17.933672222222228,0.0,0.0,0.02,7.4,9.625,16.9,9.611111111111112,17.0,6.003333333333333,11.892083333333334,4.150000000000001,0,0,0,0,0.0,0.0,LOW
Srinagar,34.0837,74.7973,2021-04-28,12.754166666666665,18.3,7.45,53.76125,69.5,1.665,1017.62,10.987499999999999,16.5,4.7,9.27552311548245,13.345597550337258,17.21381111111111,0.0,0.0,0.0,7.45,8.633333333333335,16.5,10.998611111111112,17.0,8.176666666666666,12.66527777777778,6.19,0,0,0,0,0.0,0.0,LOW
Srinagar,34.0837,74.7973,2021-04-29,11.790833333333333,16.72,5.55,63.33541666666667,78.46,1.5408333333333335,845.5,10.470833333333333,15.8,1.8,9.101583148239763,12.680405797518244,15.707155555555554,0.0,0.0,0.0,5.55,8.133333333333335,15.8,10.981944444444444,17.0,10.058333333333334,12.438333333333334,6.800000000000001,0,0,0,0,0.0,0.0,LOW
Srinagar,34.0837,74.7973,2021-04-30,11.228333333333333,16.64,5.72,66.04666666666667,86.55,2.11375,965.08,8.745833333333334,13.8,2.2,8.767104345042483,12.874567307370867,15.70897777777778,0.0,0.0,1.32,5.72,7.058333333333334,13.8,10.068055555555556,16.5,10.442499999999999,11.924444444444445,6.240000000000001,0,0,0,0,0.0,0.0,LOW
Srinagar,34.0837,74.7973,2021-05-01,11.924999999999999,16.76,6.28,67.11,80.45,1.8525,1026.93,10.200000000000001,14.9,3.2,9.50741161907503,13.19690279664629,15.9026,0.0,0.0,0.02,6.28,8.541666666666666,14.9,9.805555555555557,15.8,10.378333333333334,11.648055555555556,5.850000000000001,0,0,0,0,0.0,0.0,LOW
Srinagar,34.0837,74.7973,2021-05-02,12.9275,17.59,7.92,67.89,81.11,1.5466666666666666,991.1,12.029166666666667,15.6,7.1,10.521513440386736,13.833353636674044,16.78087222222222,0.0,0.0,0.0,7.92,11.266666666666666,15.6,10.325000000000001,15.6,10.486666666666666,12.026944444444444,6.640000000000001,0,0,0,0,0.0,0.0,LOW
Srinagar,34.0837,74.7973,2021-05-03,12.804166666666667,17.26,8.44,72.575,88.34,1.71125,984.62,11.733333333333334,14.2,8.0,10.751272285886046,13.958906811733678,16.551299999999998,0.0,0.0,0.0,8.44,11.066666666666668,14.2,11.320833333333335,15.6,10.635833333333334,12.552222222222222,7.546666666666667,0,0,0,0,0.0,0.0,LOW
Srinagar,34.0837,74.7973,2021-05-04,10.880416666666667,15.71,6.23,79.25166666666667,92.42,1.7633333333333334,747.67,9.616666666666667,13.1,4.9,9.363372970535307,12.99769084870326,15.002183333333342,0.0,0.0,6.66,6.23,8.791666666666666,13.1,11.12638888888889,15.6,10.465,12.20402777777778,7.530000000000001,0,0,0,0,0.0,0.0,LOW
Srinagar,34.0837,74.7973,2021-05-05,9.740416666666667,13.63,5.24,72.52541666666666,85.1,1.5333333333333332,595.53,8.670833333333333,11.8,2.8,7.801244619635835,10.840157776369011,12.666399999999998,0.0,0.0,0.97,5.24,6.416666666666667,11.5,10.006944444444445,14.2,10.45,11.141666666666666,6.636666666666668,0,0,0,0,0.0,0.0,LOW
Srinagar,34.0837,74.7973,2021-05-06,9.317916666666667,14.62,5.61,75.89625,88.15,1.9804166666666667,721.83,7.279166666666666,11.3,2.7,7.633680683359088,11.499154555290879,13.648083333333334,0.0,0.0,2.12,5.61,5.958333333333333,9.6,8.522222222222222,13.1,9.865833333333333,9.979583333333332,5.693333333333334,0,0,0,0,0.0,0.0,LOW
Srinagar,34.0837,74.7973,2021-05-07,9.837916666666667,13.39,5.93,75.56041666666667,87.59,1.7345833333333334,772.25,8.466666666666667,10.7,4.4,8.11854352431259,10.708941534891407,12.417805555555558,0.0,0.0,0.63,5.93,8.5,10.7,8.138888888888888,11.8,9.153333333333332,9.632083333333334,5.593333333333334,0,0,0,0,0.0,0.0,LOW
Srinagar,34.0837,74.7973,2021-05-08,10.723333333333334,15.12,6.04,76.39791666666666,87.43,1.7779166666666668,662.2,9.375,11.4,6.3,9.018147659067756,12.159046932873178,14.26571111111111,0.0,0.0,0.15,6.04,8.908333333333333,11.4,8.373611111111112,11.4,8.681666666666667,9.959722222222224,5.86,0,0,0,0,0.0,0.0,LOW
Srinagar,34.0837,74.7973,2021-05-09,11.005,15.1,7.71,74.01958333333333,88.84,1.9416666666666667,740.97,9.308333333333334,12.0,7.1,9.147605904662614,12.385504990623337,14.318127777777777,0.0,0.0,0.81,7.71,8.833333333333334,10.6,9.05,12.0,8.620000000000001,10.522083333333335,6.560000000000001,0,0,0,0,0.0,0.0,LOW
Srinagar,34.0837,74.7973,2021-05-10,12.341666666666667,16.35,8.16,72.04166666666667,84.43,1.41375,916.8,11.791666666666666,14.1,8.0,10.278265384996754,13.112261786447101,15.54768888888889,0.0,0.0,9.86,8.16,11.641666666666666,14.1,10.158333333333333,14.1,9.244166666666667,11.35666666666667,7.303333333333335,0,0,0,0,0.0,0.0,LOW
Srinagar,34.0837,74.7973,2021-05-11,11.139583333333334,14.91,7.35,76.13458333333334,88.52,1.7354166666666666,464.38,9.920833333333333,12.0,7.0,9.385677559099449,11.953117520198996,14.03967222222222,0.0,0.0,2.84,7.35,9.241666666666667,12.0,10.340277777777777,14.1,9.772499999999999,11.495416666666669,7.740000000000001,0,0,0,0,0.0,0.0,LOW
Srinagar,34.0837,74.7973,2021-05-12,10.466666666666667,14.15,5.55,76.20916666666666,93.79,2.1041666666666665,669.75,8.304166666666667,10.8,5.6,8.747894738824586,11.325430107065511,13.22612777777778,0.0,0.0,9.9,5.55,7.408333333333332,9.2,10.005555555555555,14.1,9.739999999999998,11.315972222222223,7.0200000000000005,0,0,0,0,0.0,0.0,LOW
Srinagar,34.0837,74.7973,2021-05-13,8.158333333333333,12.37,5.21,83.58458333333333,95.05,1.7745833333333332,648.25,6.720833333333334,8.1,5.3,7.014271316451917,9.908916980157512,11.356122222222218,0.0,0.0,1.98,5.21,7.2250000000000005,8.1,8.315277777777778,12.0,9.209166666666667,9.921527777777778,6.036666666666666,0,0,0,0,0.0,0.0,LOW
Srinagar,34.0837,74.7973,2021-05-14,8.74,12.6,3.74,71.62916666666666,92.29,1.71375,773.8,7.1875,10.2,1.0,6.801704613679894,9.723048431951971,11.45454444444445,0.0,0.0,2.03,3.74,6.041666666666667,10.2,7.404166666666668,10.8,8.785,9.121666666666668,4.833333333333334,0,0,0,0,0.0,0.0,LOW
Srinagar,34.0837,74.7973,2021-05-15,10.015833333333333,14.96,3.95,65.76375,83.58,2.3408333333333333,738.9,6.879166666666666,10.3,1.0,7.586442478326713,11.282182785677808,13.843483333333333,0.0,0.0,2.29,3.95,5.016666666666667,9.1,6.929166666666667,10.3,7.8025,8.971388888888889,4.300000000000001,0,0,0,0,0.0,0.0,LOW
Srinagar,34.0837,74.7973,2021-05-16,10.745,14.68,4.99,67.6525,85.7,1.6920833333333334,763.2,9.225,13.9,2.0,8.44094684826104,11.307063134204649,13.632877777777779,0.0,0.0,3.0300000000000002,4.99,6.7250000000000005,10.3,7.763888888888888,13.9,7.663333333333332,9.83361111111111,4.2266666666666675,0,0,0,0,0.0,0.0,LOW
Srinagar,34.0837,74.7973,2021-05-17,11.998333333333333,16.65,6.76,63.47208333333333,79.3,2.1475,828.55,9.508333333333333,12.8,4.6,9.304293467017926,12.841563808604812,15.701927777777776,0.0,0.0,0.33,6.76,7.583333333333333,12.4,8.5375,13.9,7.904166666666666,10.919722222222221,5.233333333333334,0,0,0,0,0.0,0.0,LOW
Srinagar,34.0837,74.7973,2021-05-18,12.171666666666667,18.33,5.28,66.41458333333334,89.31,2.4541666666666666,854.33,9.191666666666666,13.7,2.7,9.60501672715054,13.95899299418295,17.4416,0.0,0.0,1.31,5.28,7.875,13.7,9.308333333333332,13.9,8.398333333333333,11.638333333333334,5.676666666666667,0,0,0,0,0.0,0.0,LOW
Srinagar,34.0837,74.7973,2021-05-19,11.182083333333333,16.04,5.28,72.09,89.24,2.1533333333333333,826.83,8.954166666666667,12.1,4.2,9.147722168511907,12.874573795460321,15.22862222222222,0.0,0.0,0.85,5.28,8.483333333333333,12.1,9.218055555555557,13.7,8.751666666666667,11.784027777777778,5.773333333333333,0,0,0,0,0.0,0.0,LOW
Srinagar,34.0837,74.7973,2021-05-20,11.121250000000002,16.75,3.5,68.25875,86.11,2.5524999999999998,944.28,7.820833333333333,11.9,-0.2,8.78912548209479,13.085533386525197,15.867838888888892,0.0,0.0,11.92,3.5,6.675,11.9,8.655555555555557,13.7,8.94,11.491666666666667,4.686666666666667,0,0,0,0,0.0,0.0,LOW
Srinagar,34.0837,74.7973,2021-05-21,9.424166666666666,13.36,4.16,71.25291666666666,88.09,1.6445833333333333,704.12,8.025,11.2,1.1,7.4236393360604085,10.369380553306316,12.275138888888888,0.0,0.0,3.75,4.16,6.616666666666667,11.2,8.266666666666667,12.1,8.7,10.575833333333334,4.3133333333333335,0,0,0,0,0.0,0.0,LOW
Srinagar,34.0837,74.7973,2021-05-22,10.34125,14.46,5.3,64.375,86.03,1.95,646.4,8.108333333333333,13.5,1.5,7.83766691334787,11.143546881192423,13.409155555555559,0.0,0.0,0.26,5.3,5.7250000000000005,9.4,7.984722222222222,13.5,8.42,10.295555555555557,4.32,0,0,0,0,0.0,0.0,LOW
Srinagar,34.0837,74.7973,2021-05-23,9.553333333333333,14.36,3.07,65.38583333333334,78.94,2.2408333333333332,261.25,6.579166666666667,11.2,-0.5,7.1150824628924445,10.848297031835274,13.245366666666664,0.0,0.0,3.66,3.07,4.091666666666667,7.5,7.570833333333333,13.5,7.897499999999999,9.772916666666667,4.176666666666667,0,0,0,0,0.0,0.0,LOW
Srinagar,34.0837,74.7973,2021-05-24,10.729999999999999,16.15,3.65,58.07083333333333,80.16,1.9108333333333334,859.12,8.483333333333333,12.2,0.4,7.743173048003911,12.00183824768463,15.03733333333333,0.0,0.0,0.02,3.65,6.091666666666666,12.2,7.723611111111111,13.5,7.803333333333333,10.208194444444445,4.006666666666667,0,0,0,0,0.0,0.0,LOW
Srinagar,34.0837,74.7973,2021-05-25,12.037916666666668,17.1,5.66,55.962916666666665,69.78,1.9916666666666665,906.58,9.754166666666666,12.4,2.9,8.791923618994531,12.477839064877971,15.974755555555557,0.0,0.0,0.09,5.66,8.183333333333334,12.4,8.272222222222222,12.4,8.190000000000001,10.77375,4.126666666666668,0,0,0,0,0.0,0.0,LOW
Srinagar,34.0837,74.7973,2021-05-26,14.163333333333334,18.63,7.96,50.72208333333333,66.78,1.4845833333333334,1043.78,12.783333333333333,16.9,5.7,10.380003980330708,13.842956250734318,17.66010555555555,0.0,0.0,0.0,7.96,10.091666666666667,15.3,10.340277777777779,16.9,9.141666666666666,12.310416666666669,5.756666666666668,0,0,0,0,0.0,0.0,LOW
Srinagar,34.0837,74.7973,2021-05-27,15.652500000000002,20.87,9.14,48.61833333333334,67.5,1.9304166666666667,1001.53,13.387500000000001,17.5,6.1,11.512440110722503,15.41243683043987,20.019922222222224,0.0,0.0,0.0,9.14,10.674999999999999,16.9,11.975,17.5,10.1975,13.951250000000002,7.586666666666669,0,0,0,0,0.0,0.0,LOW
Srinagar,34.0837,74.7973,2021-05-28,17.242916666666666,22.15,9.96,46.937916666666666,67.25,1.7000000000000002,1039.2,15.5625,19.3,6.9,12.822946599045492,16.494180689722555,21.41956666666667,0.0,0.0,0.0,9.96,14.441666666666668,19.3,13.911111111111111,19.3,11.994166666666667,15.686250000000001,9.020000000000001,0,0,0,0,0.0,0.0,LOW
Srinagar,34.0837,74.7973,2021-05-29,16.235416666666666,21.41,9.62,58.709583333333335,79.32,1.9883333333333333,908.8,14.424999999999999,17.6,7.7,12.808956423536998,16.011652291034586,20.653611111111115,0.0,0.0,0.54,9.62,13.066666666666668,17.6,14.458333333333334,19.3,13.1825,16.376944444444444,9.573333333333334,0,0,0,0,0.0,0.0,LOW
Srinagar,34.0837,74.7973,2021-05-30,14.960833333333333,19.46,9.94,65.37583333333333,79.59,2.0295833333333335,1006.8,13.191666666666668,16.0,8.0,12.221758035126514,15.3471708509344,18.79061111111112,0.0,0.0,0.1,9.94,12.566666666666668,16.0,14.393055555555556,19.3,13.870000000000001,16.14638888888889,9.840000000000002,0,0,0,0,0.0,0.0,LOW
Srinagar,34.0837,74.7973,2021-05-31,13.944583333333334,18.01,8.25,66.82000000000001,82.6,1.8845833333333333,764.72,12.375,14.6,7.4,11.37323645713731,14.123340604814684,17.230077777777783,0.0,0.0,3.43,8.25,12.325000000000001,14.6,13.330555555555556,17.6,13.788333333333332,15.046944444444444,9.270000000000001,0,0,0,0,0.0,0.0,LOW
Srinagar,34.0837,74.7973,2021-06-01,11.345833333333333,14.75,7.38,77.21916666666667,92.45,1.9108333333333334,665.95,9.704166666666667,13.5,7.0,9.672240156527467,11.708050853377435,13.826855555555555,0.0,0.0,6.04,7.38,10.025,13.5,11.756944444444445,16.0,13.051666666666666,13.417083333333332,8.523333333333335,0,0,0,0,0.0,0.0,LOW
Srinagar,34.0837,74.7973,2021-06-02,12.910833333333334,17.21,8.06,73.015,86.81,1.85125,947.65,11.504166666666668,13.0,10.0,10.87695634113821,13.74333175263179,16.44146666666667,0.0,0.0,0.94,8.06,11.658333333333333,12.4,11.194444444444445,14.6,12.24,12.73375,7.896666666666667,0,0,0,0,0.0,0.0,LOW
Srinagar,34.0837,74.7973,2021-06-03,13.357083333333334,17.26,9.17,73.80791666666666,86.09,1.7770833333333333,876.22,12.179166666666667,13.3,10.3,11.352789206207882,13.90771852920866,16.535894444444445,0.0,0.0,4.96,9.17,11.725,13.3,11.129166666666668,13.5,11.790833333333333,12.537916666666668,8.203333333333333,0,0,0,0,0.0,0.0,LOW
Srinagar,34.0837,74.7973,2021-06-04,14.503333333333332,18.9,9.59,72.82416666666667,89.17,1.79,960.33,13.4,14.6,10.7,12.37328421422034,15.085839081153708,18.243022222222223,0.0,0.0,0.01,9.59,13.375,14.6,12.361111111111112,14.6,11.832500000000001,13.590416666666668,8.94,0,0,0,0,0.0,0.0,LOW
Srinagar,34.0837,74.7973,2021-06-05,15.530833333333334,21.43,10.85,67.66208333333333,85.66,1.67375,920.8,14.566666666666668,18.9,12.3,12.898641174970335,16.37783452776341,20.756555555555558,0.0,0.0,0.14,10.85,14.741666666666667,18.9,13.381944444444445,18.9,12.270833333333334,14.46375,9.87,0,0,0,0,0.0,0.0,LOW
Srinagar,34.0837,74.7973,2021-06-06,16.788333333333334,22.36,11.03,67.29375,87.88,1.8266666666666669,991.4,15.704166666666666,18.9,12.2,14.0313018696381,17.24271392179612,21.771461111111105,0.0,0.0,0.0,11.03,15.25,18.9,14.556944444444445,18.9,13.470833333333335,15.6075,10.49,0,0,0,0,0.0,0.0,LOW
Srinagar,34.0837,74.7973,2021-06-07,18.609583333333333,25.38,11.95,58.623333333333335,80.42,2.17,968.33,16.829166666666666,22.5,9.5,14.900607188387532,18.645432221516504,24.807805555555554,0.0,0.0,0.0,11.95,15.475,22.5,15.700000000000001,22.5,14.535833333333334,16.97625,11.276666666666666,0,0,0,0,0.0,0.0,LOW
Srinagar,34.0837,74.7973,2021-06-08,20.244583333333335,26.17,12.72,50.07874999999999,67.86,2.17125,979.25,18.25,22.2,10.3,15.673671102991023,19.429509189610673,25.735555555555557,0.0,0.0,0.0,12.72,16.066666666666666,21.1,16.927777777777777,22.5,15.75,18.5475,11.9,0,0,0,0,0.0,0.0,LOW
Srinagar,34.0837,74.7973,2021-06-09,20.18583333333333,25.78,13.01,54.43291666666667,73.89,2.165833333333333,978.3,18.333333333333332,21.7,11.1,16.078052355495004,19.83990516266147,25.462961111111113,0.0,0.0,0.0,13.01,16.583333333333332,21.6,17.804166666666664,22.5,16.736666666666668,19.68,12.56,0,0,0,0,0.0,0.0,LOW
Srinagar,34.0837,74.7973,2021-06-10,20.006249999999998,25.8,13.39,52.60333333333333,75.12,2.1545833333333335,989.75,18.125,21.7,11.9,15.732695645707347,19.582076672910198,25.42542777777777,0.0,0.0,0.54,13.39,16.525000000000002,21.3,18.23611111111111,22.2,17.44833333333333,20.145555555555557,13.040000000000001,0,0,0,0,0.0,0.0,LOW
Srinagar,34.0837,74.7973,2021-06-11,18.954166666666666,24.54,13.64,61.21125,85.41,2.32,952.7,17.016666666666666,20.5,13.0,15.46456584782598,18.451068617981335,24.026633333333333,0.0,0.0,2.13,13.64,16.441666666666666,20.0,17.825,21.7,17.710833333333333,19.715416666666666,13.346666666666666,0,0,0,0,0.0,0.0,LOW
Srinagar,34.0837,74.7973,2021-06-12,17.183333333333334,21.95,12.49,66.92375,88.17,1.7449999999999999,1004.53,16.175,18.4,13.8,14.382743927305983,16.956722840375235,21.35936666666666,0.0,0.0,10.88,12.49,15.700000000000001,18.1,17.105555555555558,21.7,17.58,18.714583333333334,13.173333333333334,0,0,0,0,0.0,0.0,LOW
Srinagar,34.0837,74.7973,2021-06-13,15.182916666666666,20.12,9.45,69.0575,87.12,2.6158333333333332,1004.78,12.654166666666667,15.5,10.2,12.704624535945383,15.76352661595897,19.460994444444456,0.0,0.0,2.51,9.45,13.075000000000001,15.5,15.281944444444443,20.5,16.460833333333333,17.106805555555557,11.86,0,0,0,0,0.0,0.0,LOW
Srinagar,34.0837,74.7973,2021-06-14,15.3125,20.08,10.02,61.524166666666666,85.11,1.5958333333333332,789.75,14.241666666666667,17.1,10.4,12.205921860584786,15.20776401892129,19.281477777777777,0.0,0.0,1.5,10.02,12.85,15.8,14.356944444444444,18.4,15.642500000000002,15.892916666666665,10.653333333333334,0,0,0,0,0.0,0.0,LOW
Srinagar,34.0837,74.7973,2021-06-15,15.219166666666666,20.27,10.9,61.875416666666666,79.5,1.7204166666666667,736.9,13.933333333333332,17.8,11.0,12.15640123504525,15.207634386885609,19.44817777777778,0.0,0.0,2.61,10.9,13.0,16.4,13.609722222222222,17.8,14.804166666666665,15.238194444444444,10.123333333333333,0,0,0,0,0.0,0.0,LOW
Srinagar,34.0837,74.7973,2021-06-16,13.834583333333333,18.65,8.04,66.81541666666666,83.41,2.1129166666666666,743.88,11.825000000000001,14.6,7.3,11.235842508190101,14.29590078799447,17.810049999999997,0.0,0.0,2.15,8.04,11.583333333333334,14.6,13.333333333333334,17.8,13.765833333333333,14.78875,9.653333333333334,0,0,0,0,0.0,0.0,LOW
Srinagar,34.0837,74.7973,2021-06-17,13.809166666666668,18.64,8.59,64.50458333333334,85.93,2.2158333333333333,629.12,11.4375,14.6,7.5,11.037890760652324,13.946405413087346,17.710011111111108,0.0,0.0,1.27,8.59,9.491666666666667,12.0,12.39861111111111,17.8,12.818333333333333,14.28763888888889,9.176666666666668,0,0,0,0,0.0,0.0,LOW
Srinagar,34.0837,74.7973,2021-06-18,14.39,19.92,8.7,62.66958333333333,88.59,2.475,800.72,11.583333333333334,14.1,7.6,11.36833527604589,14.626803295568767,18.976488888888888,0.0,0.0,0.0,8.7,10.008333333333333,13.4,11.615277777777777,14.6,12.604166666666668,14.011250000000002,8.443333333333333,0,0,0,0,0.0,0.0,LOW
Srinagar,34.0837,74.7973,2021-06-19,14.966666666666667,21.05,7.84,58.963750000000005,80.67,2.4633333333333334,900.72,12.174999999999999,15.6,5.1,11.614332905976426,15.569618965643432,20.221577777777775,0.0,0.0,0.21,7.84,10.549999999999999,15.1,11.731944444444444,15.6,12.190833333333334,14.388611111111112,8.376666666666667,0,0,0,0,0.0,0.0,LOW
Srinagar,34.0837,74.7973,2021-06-20,14.712499999999999,19.9,8.53,61.9975,82.71,2.11,948.2,12.629166666666668,15.3,5.4,11.69142469836234,15.148718115427746,19.103844444444437,0.0,0.0,0.89,8.53,11.725,15.3,12.129166666666668,15.6,11.93,14.68972222222222,8.356666666666666,0,0,0,0,0.0,0.0,LOW
Srinagar,34.0837,74.7973,2021-06-21,15.597916666666668,21.04,9.21,58.49583333333334,81.84,2.0470833333333336,853.83,13.5875,15.9,6.9,12.2096592630592,15.740607276405374,20.2581,0.0,0.0,1.1400000000000001,9.21,12.016666666666666,15.7,12.797222222222222,15.9,12.2825,15.09236111111111,8.526666666666666,0,0,0,0,0.0,0.0,LOW
Srinagar,34.0837,74.7973,2021-06-22,15.176250000000001,21.28,10.14,57.870416666666664,77.44,2.335,911.45,12.591666666666667,16.1,8.4,11.745831794881648,15.778828482934987,20.476144444444444,0.0,0.0,0.32,10.14,11.775,15.9,12.936111111111112,16.1,12.513333333333334,15.162222222222221,9.293333333333335,0,0,0,0,0.0,0.0,LOW
Srinagar,34.0837,74.7973,2021-06-23,16.64125,20.99,11.19,56.94083333333333,78.7,1.5720833333333333,926.08,15.495833333333332,17.2,11.1,13.0908775268244,15.856065568596694,20.228427777777767,0.0,0.0,2.44,11.19,14.383333333333333,17.2,13.891666666666666,17.2,13.295833333333334,15.80513888888889,10.18,0,0,0,0,0.0,0.0,LOW
Srinagar,34.0837,74.7973,2021-06-24,15.034999999999998,21.07,9.45,59.43083333333333,82.81,1.9745833333333334,915.92,13.216666666666667,17.1,9.1,11.747154619464682,15.635472858065318,20.250888888888888,0.0,0.0,0.23,9.45,12.391666666666666,17.1,13.768055555555556,17.2,13.504166666666668,15.6175,10.26,0,0,0,0,0.0,0.0,LOW
Srinagar,34.0837,74.7973,2021-06-25,15.889583333333334,20.82,10.35,59.86166666666667,82.2,2.2695833333333333,861.97,13.704166666666666,15.1,10.2,12.601020293778335,15.689813745518789,20.058138888888884,0.0,0.0,1.61,10.35,13.325000000000001,14.8,14.138888888888888,17.2,13.719166666666666,15.855277777777777,10.33,0,0,0,0,0.0,0.0,LOW
Srinagar,34.0837,74.7973,2021-06-26,15.178333333333335,19.75,10.61,61.05708333333333,83.33,2.1662500000000002,742.8,13.0625,14.0,10.0,12.065370208393837,14.938654670725567,18.923700000000004,0.0,0.0,0.41,10.61,12.85,14.0,13.327777777777778,17.1,13.614166666666666,15.367638888888889,10.136666666666665,0,0,0,0,0.0,0.0,LOW
Srinagar,34.0837,74.7973,2021-06-27,17.919999999999998,23.54,11.15,52.17041666666666,77.95,1.915,909.7,16.170833333333334,19.0,10.4,13.7843788190971,17.249268107037334,22.853522222222225,0.0,0.0,0.0,11.15,15.008333333333333,18.4,14.3125,19.0,14.330000000000002,16.329305555555557,10.703333333333333,0,0,0,0,0.0,0.0,LOW
Srinagar,34.0837,74.7973,2021-06-28,18.980416666666667,24.51,12.75,52.88958333333333,73.12,1.7341666666666666,944.4,17.583333333333332,20.2,12.2,14.827548369880509,17.96638801304498,23.898588888888888,0.0,0.0,0.0,12.75,16.466666666666665,19.4,15.605555555555554,20.2,14.747499999999999,17.359583333333333,11.503333333333332,0,0,0,0,0.0,0.0,LOW
Srinagar,34.0837,74.7973,2021-06-29,19.516666666666666,25.3,13.56,48.58708333333333,68.85,1.96875,968.17,17.729166666666668,21.0,12.9,14.897486933263105,18.51426826991492,24.742261111111116,0.0,0.0,0.0,13.56,16.416666666666668,20.0,17.16111111111111,21.0,15.65,18.805694444444445,12.486666666666666,0,0,0,0,0.0,0.0,LOW
Srinagar,34.0837,74.7973,2021-06-30,20.005,26.67,13.28,52.26541666666666,77.97,2.0729166666666665,977.58,18.325,22.2,13.5,15.604906678371334,19.52421546155113,26.22288888888889,0.0,0.0,0.37,13.28,17.008333333333333,21.5,17.879166666666666,22.2,16.574166666666667,19.500694444444445,13.196666666666667,0,0,0,0,0.0,0.0,LOW
Srinagar,34.0837,74.7973,2022-04-01,12.057083333333333,19.49,2.52,45.76500000000001,64.87,2.2354166666666666,962.35,8.725,16.8,-5.5,7.990494902934981,13.370021809541822,18.270511111111105,0.0,0.0,0.0,2.52,5.141666666666667,16.8,14.926388888888889,22.2,15.706666666666667,17.192916666666665,9.786666666666667,0,0,0,0,0.0,0.0,LOW
Srinagar,34.0837,74.7973,2022-04-02,9.9325,16.13,4.51,48.58041666666667,65.02,2.813333333333333,941.25,5.25,9.0,0.1,6.402865660166469,11.18487596958868,14.76571111111111,0.0,0.0,0.03,4.51,3.733333333333333,9.0,10.766666666666666,22.2,13.522499999999999,13.998194444444445,6.77,0,0,0,0,0.0,0.0,LOW
Srinagar,34.0837,74.7973,2022-04-03,9.894583333333333,15.1,4.24,47.346666666666664,60.58,2.32625,911.72,6.2,10.8,-0.3,6.270391265475578,10.31752211793355,13.609472222222223,0.0,0.0,0.0,4.24,3.5083333333333333,8.0,6.7250000000000005,16.8,11.245833333333334,10.628055555555555,3.7566666666666664,0,0,0,0,0.0,0.0,LOW
Srinagar,34.0837,74.7973,2022-04-04,11.648333333333333,17.69,4.12,46.69833333333333,64.97,1.8529166666666665,996.38,9.254166666666666,15.3,-0.4,7.772813893061717,12.237477314907999,16.40416111111111,0.0,0.0,0.0,4.12,7.058333333333334,15.3,6.901388888888889,15.3,9.550833333333333,10.491805555555556,4.29,0,0,0,0,0.0,0.0,LOW
Srinagar,34.0837,74.7973,2022-04-05,12.212083333333332,18.08,5.97,48.94416666666667,62.12,2.00125,977.5,9.695833333333335,13.3,2.7,8.446409824705908,12.846634370133366,16.90862222222222,0.0,0.0,0.0,5.97,7.558333333333334,13.3,8.383333333333335,15.3,7.825,11.251666666666665,4.776666666666666,0,0,0,0,0.0,0.0,LOW
Srinagar,34.0837,74.7973,2022-04-06,12.804583333333333,18.35,6.74,50.609166666666674,64.51,1.6420833333333336,949.92,11.170833333333334,15.6,4.4,9.107810246616168,13.179448008577472,17.233822222222226,0.0,0.0,0.0,6.74,9.766666666666667,15.6,10.04027777777778,15.6,8.314166666666667,12.221666666666666,5.609999999999999,0,0,0,0,0.0,0.0,LOW
Srinagar,34.0837,74.7973,2022-04-07,13.319583333333334,19.1,7.28,50.802083333333336,66.85,1.86625,956.85,11.229166666666666,15.6,5.7,9.567156337447416,13.684698698977162,18.02122222222222,0.0,0.0,0.0,7.28,9.25,15.5,10.698611111111113,15.6,9.51,12.77875,6.663333333333333,0,0,0,0,0.0,0.0,LOW
Srinagar,34.0837,74.7973,2022-04-08,13.641666666666666,18.81,8.11,45.201249999999995,60.88,1.7570833333333333,964.2,11.637500000000001,15.1,6.2,9.452612159090194,13.211697224604093,17.643472222222226,0.0,0.0,0.0,8.11,9.866666666666667,15.1,11.345833333333337,15.6,10.5975,13.255277777777778,7.376666666666666,0,0,0,0,0.0,0.0,LOW
Srinagar,34.0837,74.7973,2022-04-09,11.928333333333333,17.65,4.62,52.656666666666666,70.23,2.197083333333333,677.4,8.916666666666666,14.4,-0.4,8.407841139311707,12.60574081182369,16.47792222222222,0.0,0.0,0.0,4.62,7.3500000000000005,14.4,10.594444444444447,15.6,10.530000000000001,12.963194444444445,6.669999999999999,0,0,0,0,0.0,0.0,LOW
Srinagar,34.0837,74.7973,2022-04-10,13.615416666666667,20.48,4.2,42.47,73.65,2.035416666666667,964.33,10.654166666666667,18.3,-1.3,9.116589578154008,13.902280223373946,19.311533333333337,0.0,0.0,0.0,4.2,7.116666666666667,18.3,10.402777777777779,18.3,10.721666666666668,13.061805555555557,5.6433333333333335,0,0,0,0,0.0,0.0,LOW
Srinagar,34.0837,74.7973,2022-04-11,14.977916666666667,20.96,8.08,45.138749999999995,57.71,2.03625,933.15,12.466666666666667,18.0,4.1,10.590999924570523,14.745501156353612,19.932488888888898,0.0,0.0,0.0,8.08,10.816666666666668,18.0,10.679166666666667,18.3,10.980833333333333,13.507222222222223,5.633333333333333,0,0,0,0,0.0,0.0,LOW
Srinagar,34.0837,74.7973,2022-04-12,12.675833333333335,19.86,4.44,57.84,90.24,2.482083333333333,777.8,9.279166666666667,13.9,1.0,9.29679632708408,13.830531558866221,18.73711111111111,0.0,0.0,3.52,4.44,7.191666666666666,13.9,10.800000000000002,18.3,10.590833333333332,13.756388888888887,5.573333333333333,0,0,0,0,0.0,0.0,LOW
Srinagar,34.0837,74.7973,2022-04-13,10.894166666666665,15.92,4.41,56.92249999999999,90.3,2.765416666666667,685.75,6.7250000000000005,12.4,1.0,7.836190061155587,11.786847543225658,14.789555555555555,0.0,0.0,2.86,4.41,4.666666666666667,7.5,9.490277777777779,18.0,9.608333333333334,12.849305555555555,5.6433333333333335,0,0,0,0,0.0,0.0,LOW
Srinagar,34.0837,74.7973,2022-04-14,10.022083333333333,15.27,4.34,54.6175,68.94,2.0258333333333334,553.3,7.329166666666667,12.4,1.9,6.831842695496516,10.748473419444089,13.927550000000004,0.0,0.0,0.5,4.34,5.666666666666667,10.6,7.777777777777779,13.9,9.290833333333333,11.197361111111112,4.396666666666666,0,0,0,0,0.0,0.0,LOW
Srinagar,34.0837,74.7973,2022-04-15,10.34,15.48,4.21,55.127916666666664,69.09,1.64875,956.9,8.695833333333333,11.9,1.8,7.179407039122633,10.805741217411052,14.106066666666667,0.0,0.0,0.0,4.21,6.983333333333333,11.4,7.583333333333333,12.4,8.899166666666668,10.41875,4.319999999999999,0,0,0,0,0.0,0.0,LOW
Srinagar,34.0837,74.7973,2022-04-16,12.13875,18.57,5.24,46.300000000000004,67.78,1.6929166666666668,988.38,10.1875,16.4,3.2,8.107010896368722,12.377534225653871,17.219672222222226,0.0,0.0,0.0,5.24,8.391666666666667,16.4,8.737499999999999,16.4,8.443333333333333,10.83361111111111,4.596666666666666,0,0,0,0,0.0,0.0,LOW
Srinagar,34.0837,74.7973,2022-04-17,13.469166666666666,19.7,6.04,40.27583333333333,56.7,1.825,994.78,11.141666666666666,17.4,3.2,8.848455758500423,12.998750269102375,18.392694444444434,0.0,0.0,0.0,6.04,9.316666666666666,17.4,10.008333333333333,17.4,8.815833333333334,11.982638888888888,5.163333333333333,0,0,0,0,0.0,0.0,LOW
Srinagar,34.0837,74.7973,2022-04-18,14.137083333333335,20.02,7.84,48.20458333333334,61.95,1.9608333333333334,942.67,11.825000000000001,16.3,5.0,10.082267291767876,14.13838099987102,18.948883333333335,0.0,0.0,0.08,7.84,9.983333333333334,16.3,11.051388888888889,17.4,9.835833333333332,13.248333333333335,6.373333333333332,0,0,0,0,0.0,0.0,LOW
Srinagar,34.0837,74.7973,2022-04-19,12.015,17.28,6.11,55.58208333333334,69.7,1.9191666666666667,588.58,9.637500000000001,15.3,2.6,8.71411933178489,12.571523712749274,16.156566666666663,0.0,0.0,3.56,6.11,7.883333333333333,14.0,10.868055555555557,17.4,10.2975,13.207083333333335,6.663333333333333,0,0,0,0,0.0,0.0,LOW
Srinagar,34.0837,74.7973,2022-04-20,12.055833333333332,17.8,6.58,55.69583333333333,73.58,2.32125,684.5,9.004166666666666,13.7,3.8,8.740923994111805,12.561415666753774,16.59435555555556,0.0,0.0,7.48,6.58,7.733333333333333,13.7,10.155555555555557,16.3,10.359166666666667,12.735972222222221,6.843333333333334,0,0,0,0,0.0,0.0,LOW
Srinagar,34.0837,74.7973,2022-04-21,7.800833333333333,11.91,3.99,74.25208333333333,89.35,2.620416666666667,424.7,3.795833333333333,8.2,0.9,6.062270941915965,9.124516214285453,10.715650000000004,0.0,0.0,13.559999999999999,3.99,3.0,6.4,7.479166666666667,15.3,9.080833333333334,10.623888888888889,5.56,0,0,0,0,0.0,0.0,LOW
Srinagar,34.0837,74.7973,2022-04-22,8.110833333333334,13.54,2.55,68.49125,89.7,2.4566666666666666,433.45,4.358333333333333,8.5,-1.8,5.934447074716331,9.933572926591285,12.274694444444444,0.0,0.0,3.7399999999999998,2.55,2.1166666666666667,7.3,5.719444444444445,13.7,7.724166666666667,9.3225,4.373333333333332,0,0,0,0,0.0,0.0,LOW
Srinagar,34.0837,74.7973,2022-04-23,8.987916666666667,14.12,2.84,58.349583333333335,73.2,1.9858333333333331,618.95,6.416666666666667,10.6,-1.2,6.143432519260006,10.001922794272037,12.746366666666667,0.0,0.0,0.59,2.84,4.625,8.8,4.856944444444445,10.6,6.6425,8.299861111111111,3.1266666666666665,0,0,0,0,0.0,0.0,LOW
Srinagar,34.0837,74.7973,2022-04-24,12.095416666666667,18.77,3.36,46.05416666666667,70.03,2.03125,1012.95,9.433333333333334,15.9,0.1,8.06034863933899,12.695332046129488,17.475705555555553,0.0,0.0,0.0,3.36,7.258333333333333,15.9,6.736111111111112,15.9,6.601666666666667,9.731388888888889,2.916666666666666,0,0,0,0,0.0,0.0,LOW
Srinagar,34.0837,74.7973,2022-04-25,9.672916666666667,14.1,5.34,65.45,77.36,2.421666666666667,671.85,6.229166666666667,12.7,1.9,7.268084811422046,10.249076270230685,12.792516666666668,0.0,0.0,2.18,5.34,5.1,10.7,7.359722222222223,15.9,6.046666666666668,10.252083333333333,3.8466666666666662,0,0,0,0,0.0,0.0,LOW
Srinagar,34.0837,74.7973,2022-04-26,12.827916666666667,18.32,5.57,50.834583333333335,74.49,1.9258333333333333,989.1,10.516666666666667,14.8,2.3,9.113606068348178,13.042839816870899,17.16975,0.0,0.0,0.0,5.57,8.316666666666666,14.8,8.72638888888889,15.9,7.390833333333333,11.532083333333333,4.756666666666667,0,0,0,0,0.0,0.0,LOW
Srinagar,34.0837,74.7973,2022-04-27,15.072083333333333,21.06,7.35,45.06791666666667,68.07,1.8466666666666667,1010.72,13.004166666666668,17.0,4.8,10.670900954770156,14.874176817968396,20.060244444444454,0.0,0.0,0.0,7.35,10.916666666666666,16.0,9.91666666666667,17.0,9.120000000000001,12.524305555555557,6.086666666666666,0,0,0,0,0.0,0.0,LOW
Srinagar,34.0837,74.7973,2022-04-28,14.206249999999999,20.5,7.21,58.259166666666665,83.26,2.0029166666666667,952.7,11.933333333333332,17.2,3.6,10.871023588687706,15.154902278887764,19.623366666666673,0.0,0.0,11.21,7.21,9.4,16.4,11.818055555555555,17.2,10.223333333333334,14.035416666666668,6.71,0,0,0,0,0.0,0.0,LOW
Srinagar,34.0837,74.7973,2022-04-29,14.88375,20.72,7.16,51.30291666666667,73.23,1.6266666666666667,934.1,13.174999999999999,18.2,3.6,10.99483887660214,15.124685884333651,19.8170611111111,0.0,0.0,0.51,7.16,10.325000000000001,17.9,12.704166666666667,18.2,10.971666666666668,14.720694444444446,7.239999999999999,0,0,0,0,0.0,0.0,LOW
Srinagar,34.0837,74.7973,2022-04-30,14.349583333333333,19.59,8.02,54.26916666666667,69.3,1.9087500000000002,968.03,12.191666666666668,17.1,4.9,10.749802233003718,14.50886865674648,18.66388333333333,0.0,0.0,0.0,8.02,9.75,16.2,12.433333333333332,18.2,12.164166666666668,14.479861111111111,7.463333333333334,0,0,0,0,0.0,0.0,LOW
Srinagar,34.0837,74.7973,2022-05-01,15.716666666666667,21.4,7.99,48.69,69.0,1.6854166666666668,945.38,13.987499999999999,18.3,4.8,11.532926341419211,15.441818713282249,20.503438888888883,0.0,0.0,0.0,7.99,11.633333333333333,17.6,13.118055555555557,18.3,12.858333333333334,14.983333333333334,7.723333333333333,0,0,0,0,0.0,0.0,LOW
Srinagar,34.0837,74.7973,2022-05-02,16.52125,22.26,9.28,54.40708333333333,71.45,1.5170833333333331,944.3,15.299999999999999,19.8,6.0,12.736992761317714,16.361784289381223,21.491477777777774,0.0,0.0,1.0,9.28,13.966666666666667,19.8,13.826388888888891,19.8,13.3175,15.529166666666667,8.43,0,0,0,0,0.0,0.0,LOW
Srinagar,34.0837,74.7973,2022-05-03,14.228333333333333,19.43,8.07,60.21083333333333,82.74,1.4725000000000001,645.58,13.262500000000001,17.1,6.2,11.11630249164765,14.629831253924058,18.568566666666673,0.0,0.0,9.77,8.07,11.516666666666666,16.8,14.183333333333335,19.8,13.583333333333332,15.488749999999998,8.446666666666665,0,0,0,0,0.0,0.0,LOW
Srinagar,34.0837,74.7973,2022-05-04,11.3525,17.3,5.16,73.07875,93.22,2.3445833333333335,313.2,8.666666666666666,11.2,2.7,9.291485754937101,12.868735136559305,16.277005555555558,0.0,0.0,15.54,5.16,7.1000000000000005,11.2,12.409722222222223,19.8,12.681666666666667,14.034027777777775,7.503333333333333,0,0,0,0,0.0,0.0,LOW
Srinagar,34.0837,74.7973,2022-05-05,12.11875,17.2,5.37,65.93583333333333,84.0,1.8741666666666668,724.95,10.362499999999999,12.0,3.0,9.558414198931837,12.971185769509772,16.206433333333333,0.0,0.0,0.0,5.37,9.033333333333333,11.9,10.763888888888891,17.1,12.315833333333334,12.566527777777779,6.199999999999999,0,0,0,0,0.0,0.0,LOW
Srinagar,34.0837,74.7973,2022-05-06,12.460833333333333,17.86,7.46,58.861250000000005,84.67,1.8145833333333334,616.4,10.704166666666666,13.7,6.8,9.374916679550775,13.161333969573516,16.824333333333332,0.0,0.0,2.09,7.46,9.458333333333334,13.7,9.911111111111111,13.7,11.659166666666666,11.977361111111113,5.996666666666666,0,0,0,0,0.0,0.0,LOW
Srinagar,34.0837,74.7973,2022-05-07,14.063333333333333,19.47,8.04,54.623333333333335,65.27,1.8158333333333332,964.78,12.3125,15.1,6.9,10.561967040147513,14.465588599917837,18.553033333333335,0.0,0.0,0.04,8.04,10.516666666666667,13.9,11.12638888888889,15.1,11.061666666666666,12.880972222222221,6.956666666666666,0,0,0,0,0.0,0.0,LOW
Srinagar,34.0837,74.7973,2022-05-08,15.395000000000001,22.21,8.27,51.22375,72.08,2.315,986.62,12.691666666666668,17.7,5.4,11.376190641438859,15.985340725627385,21.351844444444435,0.0,0.0,0.0,8.27,10.841666666666667,17.7,11.90277777777778,17.7,10.9475,13.973055555555556,7.923333333333332,0,0,0,0,0.0,0.0,LOW
Srinagar,34.0837,74.7973,2022-05-09,15.084583333333333,21.47,8.3,57.7475,74.73,2.1308333333333334,917.58,12.8375,16.9,5.6,11.645833740457354,15.929801320403001,20.68279444444445,0.0,0.0,1.29,8.3,10.808333333333332,16.9,12.613888888888892,17.7,11.781666666666666,14.84763888888889,8.203333333333331,0,0,0,0,0.0,0.0,LOW
Srinagar,34.0837,74.7973,2022-05-10,15.697916666666666,21.96,8.47,47.89416666666667,69.97,2.089583333333333,952.17,13.241666666666667,17.4,6.5,11.416371797344157,15.5985273292054,21.04580555555556,0.0,0.0,0.0,8.47,10.658333333333333,16.3,12.923611111111114,17.7,12.3575,15.3925,8.346666666666666,0,0,0,0,0.0,0.0,LOW
Srinagar,34.0837,74.7973,2022-05-11,16.542916666666667,22.29,9.83,48.45041666666666,62.66,2.05875,871.12,14.258333333333333,17.7,7.2,12.276029897783735,16.500927022870922,21.550850000000008,0.0,0.0,0.0,9.83,12.566666666666668,17.6,13.445833333333335,17.7,13.068333333333333,15.775138888888888,8.866666666666665,0,0,0,0,0.0,0.0,LOW
Srinagar,34.0837,74.7973,2022-05-12,16.148333333333333,21.96,8.65,49.27333333333333,66.87,2.3075,840.62,13.391666666666666,16.9,5.4,11.963867966274854,16.223079750084207,21.19594444444445,0.0,0.0,0.0,8.65,11.316666666666668,16.8,13.630555555555558,17.7,13.284166666666668,16.12972222222222,8.983333333333333,0,0,0,0,0.0,0.0,LOW
Srinagar,34.0837,74.7973,2022-05-13,16.319583333333334,22.65,8.79,38.450833333333335,67.51,2.0970833333333334,915.72,13.504166666666665,18.4,4.9,11.174556893465882,15.67483653164506,21.698011111111107,0.0,0.0,0.0,8.79,10.65,18.0,13.718055555555557,18.4,13.446666666666667,16.336944444444445,9.089999999999998,0,0,0,0,0.0,0.0,LOW
Srinagar,34.0837,74.7973,2022-05-14,17.945,24.36,9.39,29.377499999999998,55.01,1.9608333333333334,887.92,15.291666666666666,20.9,5.3,11.615593192780407,15.678822191678718,23.334349999999997,0.0,0.0,0.0,9.39,12.858333333333334,20.9,14.0625,20.9,13.9375,16.804305555555555,8.943333333333333,0,0,0,0,0.0,0.0,LOW
Srinagar,34.0837,74.7973,2022-05-15,17.267500000000002,23.96,10.2,36.72083333333333,55.14,2.56,786.15,13.700000000000001,19.9,6.1,11.688174832215388,15.687426779098047,22.941349999999993,0.0,0.0,1.28,10.2,11.633333333333333,19.9,14.16527777777778,20.9,14.029166666666665,17.17736111111111,9.459999999999999,0,0,0,0,0.0,0.0,LOW
Srinagar,34.0837,74.7973,2022-05-16,16.5475,21.91,10.15,38.655833333333334,61.7,1.6916666666666667,829.88,14.529166666666667,17.7,6.2,11.401881445307495,15.054978160144877,20.885577777777776,0.0,0.0,0.24000000000000002,10.15,12.408333333333333,17.5,14.506944444444445,20.9,14.083333333333334,17.253333333333334,9.913333333333332,0,0,0,0,0.0,0.0,LOW
Srinagar,34.0837,74.7973,2022-05-17,14.673333333333332,20.86,7.58,50.18416666666667,71.79,2.2287500000000002,831.65,11.9,15.7,5.2,10.598816734696973,14.541810762570202,19.82275,0.0,0.0,3.44,7.58,10.033333333333333,15.7,13.376388888888892,19.9,13.785,16.162777777777777,9.31,0,0,0,0,0.0,0.0,LOW
Srinagar,34.0837,74.7973,2022-05-18,15.555,21.56,7.94,42.69291666666667,68.1,1.9766666666666666,828.78,13.154166666666667,16.6,5.7,10.879772744764281,14.998605478507471,20.546794444444444,0.0,0.0,0.0,7.94,10.858333333333334,16.1,13.194444444444445,17.7,13.715,15.591944444444444,8.556666666666667,0,0,0,0,0.0,0.0,LOW
Srinagar,34.0837,74.7973,2022-05-19,16.24833333333333,22.98,8.83,46.28958333333333,68.79,2.30625,527.2,13.329166666666666,18.2,5.4,11.637457400880104,15.759054541663126,22.037772222222223,0.0,0.0,3.64,8.83,10.975,18.1,12.794444444444444,18.2,13.3225,15.49222222222222,8.116666666666667,0,0,0,0,0.0,0.0,LOW
Srinagar,34.0837,74.7973,2022-05-20,13.35,19.21,7.15,64.41958333333334,84.12,2.8095833333333338,203.52,9.595833333333333,13.5,3.1,10.527760157659722,14.242422254244962,18.261155555555558,0.0,0.0,18.23,7.15,8.058333333333334,13.5,12.026388888888889,18.2,12.501666666666665,15.05111111111111,7.973333333333334,0,0,0,0,0.0,0.0,LOW
Srinagar,34.0837,74.7973,2022-05-21,12.611666666666666,18.39,6.77,57.1675,78.83,2.692083333333333,600.0,8.7875,14.4,4.0,9.297010815721045,12.954725226984626,17.191655555555556,0.0,0.0,0.55,6.77,6.883333333333333,10.9,10.570833333333333,18.2,11.353333333333333,14.069999999999999,7.583333333333333,0,0,0,0,0.0,0.0,LOW
Srinagar,34.0837,74.7973,2022-05-22,13.200416666666667,18.71,7.47,52.25208333333333,76.93,3.2595833333333335,639.65,8.466666666666667,12.7,4.4,9.523371410487618,13.360725195590206,17.602405555555553,0.0,0.0,1.75,7.47,8.075000000000001,12.7,8.950000000000001,14.4,10.666666666666666,13.054027777777778,7.129999999999999,0,0,0,0,0.0,0.0,LOW
Srinagar,34.0837,74.7973,2022-05-23,9.306666666666667,13.01,6.61,73.63708333333334,91.02,1.5233333333333334,706.5,8.258333333333333,11.9,3.8,7.479843286980984,9.745832316738456,11.791961111111114,0.0,0.0,7.1000000000000005,6.61,8.008333333333333,11.9,8.504166666666668,14.4,9.6875,11.706249999999999,6.949999999999999,0,0,0,0,0.0,0.0,LOW
Srinagar,34.0837,74.7973,2022-05-24,10.243333333333334,15.37,5.36,66.03416666666666,87.23,1.575,811.97,9.054166666666667,11.1,6.1,7.825780605470341,11.3258220967422,14.188994444444445,0.0,0.0,0.23,5.36,8.1,10.1,8.593055555555557,12.7,8.8325,10.916805555555555,6.4799999999999995,0,0,0,0,0.0,0.0,LOW
Srinagar,34.0837,74.7973,2022-05-25,14.147916666666667,20.95,5.93,54.72958333333333,76.41,2.169166666666667,971.67,11.904166666666667,14.6,6.1,10.506735410359882,14.92201285755224,19.96457222222221,0.0,0.0,0.0,5.93,11.066666666666668,14.4,9.738888888888889,14.6,9.294166666666666,11.232638888888888,5.966666666666666,0,0,0,0,0.0,0.0,LOW
Srinagar,34.0837,74.7973,2022-05-26,15.670833333333334,22.58,8.6,56.517500000000005,82.55,2.3925,892.6,13.266666666666666,16.0,8.6,12.014178973188057,16.3099197535576,21.75496111111111,0.0,0.0,1.36,8.6,12.241666666666667,16.0,11.408333333333333,16.0,10.190000000000001,13.354027777777778,6.63,0,0,0,0,0.0,0.0,LOW
Srinagar,34.0837,74.7973,2022-05-27,16.34125,22.53,9.38,58.88916666666666,79.71,2.2529166666666667,910.17,14.241666666666667,16.9,9.1,12.878246773788163,16.66013090355558,21.80388333333333,0.0,0.0,8.790000000000001,9.38,13.491666666666667,16.6,13.137500000000001,16.9,11.345,15.386666666666668,7.97,0,0,0,0,0.0,0.0,LOW
Srinagar,34.0837,74.7973,2022-05-28,15.775,22.14,9.82,57.305416666666666,82.2,1.9875,677.28,13.945833333333333,17.2,9.4,12.194668838865539,15.805946887704266,21.264694444444444,0.0,0.0,0.36000000000000004,9.82,12.583333333333334,16.3,13.818055555555555,17.2,12.4825,15.929027777777778,9.266666666666667,0,0,0,0,0.0,0.0,LOW
Srinagar,34.0837,74.7973,2022-05-29,14.411666666666667,20.19,7.89,59.94291666666666,85.94,2.17625,814.42,12.045833333333334,15.1,5.6,11.184110311396807,14.795228533443519,19.266961111111105,0.0,0.0,0.29,7.89,10.216666666666667,14.9,13.411111111111111,17.2,13.080833333333334,15.509305555555557,9.03,0,0,0,0,0.0,0.0,LOW
Srinagar,34.0837,74.7973,2022-05-30,13.887500000000001,20.31,7.57,58.901250000000005,81.26,2.0420833333333333,763.3,11.766666666666666,15.6,6.1,10.59062788423532,14.573581873915641,19.32376111111111,0.0,0.0,0.25,7.57,10.516666666666667,15.6,12.58611111111111,17.2,13.053333333333333,14.69138888888889,8.426666666666668,0,0,0,0,0.0,0.0,LOW
Srinagar,34.0837,74.7973,2022-05-31,14.49875,20.38,7.99,51.75333333333333,75.28,2.0795833333333333,710.92,12.095833333333333,15.5,6.0,10.616758290171331,14.39284989339527,19.338877777777775,0.0,0.0,1.66,7.99,10.183333333333334,15.2,11.969444444444443,15.6,12.819166666666666,14.265972222222222,7.816666666666666,0,0,0,0,0.0,0.0,LOW
Srinagar,34.0837,74.7973,2022-06-01,14.217083333333333,20.12,6.96,49.294999999999995,71.51,2.427916666666667,715.2,11.041666666666666,14.3,4.2,10.21866838924948,14.216433146565976,19.071677777777786,0.0,0.0,1.41,6.96,9.416666666666666,13.7,11.634722222222223,15.6,12.179166666666665,14.20111111111111,7.506666666666665,0,0,0,0,0.0,0.0,LOW
Srinagar,34.0837,74.7973,2022-06-02,15.233333333333334,21.47,7.46,42.772083333333335,68.24,2.015,862.28,12.741666666666667,16.9,4.9,10.54028922647611,14.557635519811939,20.373900000000006,0.0,0.0,0.0,7.46,10.441666666666668,16.6,11.959722222222224,16.9,11.938333333333333,14.649722222222222,7.469999999999999,0,0,0,0,0.0,0.0,LOW
Srinagar,34.0837,74.7973,2022-06-03,15.860833333333332,21.7,9.54,45.6675,65.9,2.1275,763.03,13.395833333333334,16.3,7.8,11.344423703854062,15.0888834675912,20.698183333333336,0.0,0.0,0.04,9.54,11.883333333333333,16.3,12.393055555555557,16.9,12.208333333333332,15.10375,7.9866666666666655,0,0,0,0,0.0,0.0,LOW
Srinagar,34.0837,74.7973,2022-06-04,15.607083333333334,21.15,9.07,47.43,68.27,1.9004166666666666,916.4,13.404166666666667,16.7,6.0,11.299097592054773,14.971164435191245,20.150888888888883,0.0,0.0,0.05,9.07,11.35,16.7,13.180555555555557,16.9,12.535833333333333,15.567083333333334,8.69,0,0,0,0,0.0,0.0,LOW
Srinagar,34.0837,74.7973,2022-06-05,17.465,23.04,9.98,39.807916666666664,68.76,2.0191666666666666,854.38,15.0,18.1,7.6,12.254456096003116,15.772971838088965,22.08444999999999,0.0,0.0,0.0,9.98,13.208333333333334,17.6,13.933333333333335,18.1,13.116666666666665,16.310972222222222,9.53,0,0,0,0,0.0,0.0,LOW
Srinagar,34.0837,74.7973,2022-06-06,18.471666666666668,24.11,11.15,38.43333333333333,64.43,1.7504166666666665,934.45,16.4375,20.3,8.7,13.004810828635717,16.48614402798886,23.232466666666667,0.0,0.0,0.33,11.15,14.516666666666666,19.4,14.947222222222223,20.3,14.195833333333335,17.181250000000002,10.066666666666665,0,0,0,0,0.0,0.0,LOW
Srinagar,34.0837,74.7973,2022-06-07,18.31125,24.83,10.55,42.787083333333335,70.89,2.0908333333333333,762.1,15.862499999999999,20.5,7.9,13.09928102754489,16.852273559041198,23.990522222222214,0.0,0.0,0.01,10.55,13.391666666666666,20.2,15.766666666666666,20.5,14.820000000000002,18.08263888888889,10.56,0,0,0,0,0.0,0.0,LOW
Srinagar,34.0837,74.7973,2022-06-08,17.60125,24.14,10.28,45.98166666666666,70.04,2.3445833333333335,682.75,14.758333333333333,19.1,7.5,12.825060972380717,16.842002025790364,23.331527777777772,0.0,0.0,0.01,10.28,12.200000000000001,18.0,15.68611111111111,20.5,15.092500000000001,18.12805555555556,10.659999999999998,0,0,0,0,0.0,0.0,LOW
Srinagar,34.0837,74.7973,2022-06-09,17.619583333333335,23.98,10.11,46.68625,69.84,1.8929166666666666,791.42,15.450000000000001,20.4,7.1,12.923370931412421,16.863770646750414,23.184249999999995,0.0,0.0,5.26,10.11,12.683333333333332,20.0,15.356944444444444,20.5,15.501666666666665,17.84402777777778,10.313333333333333,0,0,0,0,0.0,0.0,LOW
Srinagar,34.0837,74.7973,2022-06-10,17.645,24.47,10.23,47.574999999999996,73.66,2.097916666666667,916.15,15.295833333333334,20.3,7.9,12.96987573003043,16.886172991841693,23.647266666666653,0.0,0.0,9.83,10.23,12.516666666666666,19.2,15.168055555555556,20.4,15.560833333333335,17.62194444444444,10.206666666666665,0,0,0,0,0.0,0.0,LOW
Srinagar,34.0837,74.7973,2022-06-11,17.805,24.1,11.25,41.240833333333335,70.45,2.1141666666666667,906.22,15.375,19.6,9.8,12.665604724374804,16.725967479230587,23.266900000000003,0.0,0.0,0.34,11.25,13.741666666666667,19.1,15.373611111111112,20.4,15.348333333333334,17.689861111111114,10.53,0,0,0,0,0.0,0.0,LOW
Srinagar,34.0837,74.7973,2022-06-12,17.413333333333334,23.12,10.96,44.785,64.42,2.2091666666666665,700.28,14.866666666666667,18.0,9.6,12.611795555339468,16.174993626323094,22.215272222222218,0.0,0.0,1.59,10.96,12.899999999999999,17.6,15.179166666666667,20.3,15.149166666666668,17.62111111111111,10.813333333333333,0,0,0,0,0.0,0.0,LOW
Srinagar,34.0837,74.7973,2022-06-13,18.076249999999998,23.94,11.84,44.26291666666666,64.62,1.9208333333333334,827.95,16.058333333333334,20.0,10.9,13.23089473829169,17.088206029718084,23.182811111111107,0.0,0.0,0.22,11.84,14.049999999999999,18.6,15.433333333333332,20.0,15.409166666666668,17.764861111111113,11.35,0,0,0,0,0.0,0.0,LOW
Srinagar,34.0837,74.7973,2022-06-14,19.904166666666665,25.94,13.1,42.82916666666667,58.1,1.8399999999999999,948.67,18.120833333333334,21.5,11.8,14.657195723306073,18.317803177375165,25.307611111111115,0.0,0.0,0.11,13.1,16.808333333333334,21.4,16.34861111111111,21.5,15.943333333333333,18.464583333333334,11.966666666666667,0,0,0,0,0.0,0.0,LOW
Srinagar,34.0837,74.7973,2022-06-15,19.552083333333332,26.6,10.8,50.428333333333335,84.16,2.525,1011.22,17.116666666666667,21.5,9.8,14.873692229421003,18.728971998899198,25.99575,0.0,0.0,1.44,10.8,15.549999999999999,21.1,17.09861111111111,21.5,16.307499999999997,19.1775,11.913333333333332,0,0,0,0,0.0,0.0,LOW
Srinagar,34.0837,74.7973,2022-06-16,17.69625,23.0,11.78,57.12125,80.22,2.8095833333333338,833.55,14.862499999999999,17.1,11.5,14.003567601495531,17.1309774142966,22.338377777777787,0.0,0.0,4.63,11.78,14.858333333333334,17.0,16.7,21.5,16.205000000000002,19.050833333333333,11.89333333333333,0,0,0,0,0.0,0.0,LOW
Srinagar,34.0837,74.7973,2022-06-17,15.832500000000001,20.86,10.83,68.22916666666667,94.7,2.8433333333333333,635.92,12.633333333333333,14.9,9.4,13.177782933531518,15.685631850098183,20.079944444444447,0.0,0.0,1.84,10.83,12.299999999999999,14.9,14.870833333333332,21.5,15.758333333333331,17.693611111111114,11.136666666666665,0,0,0,0,0.0,0.0,LOW
Srinagar,34.0837,74.7973,2022-06-18,12.215000000000002,17.0,8.25,76.6275,94.61,2.6145833333333335,256.62,9.3125,11.8,8.4,10.397060399465353,13.005484286817104,16.071783333333332,0.0,0.0,22.5,8.25,9.058333333333334,9.8,12.269444444444444,17.1,14.409166666666668,15.247916666666669,10.286666666666667,0,0,0,0,0.0,0.0,LOW
Srinagar,34.0837,74.7973,2022-06-19,12.325000000000001,16.38,7.72,74.25666666666667,95.47,1.8529166666666665,421.33,10.862499999999999,13.3,6.7,10.356396764458994,12.628884659959818,15.445172222222219,0.0,0.0,5.62,7.72,9.483333333333333,12.4,10.936111111111112,14.9,12.9575,13.457500000000001,8.933333333333332,0,0,0,0,0.0,0.0,LOW
Srinagar,34.0837,74.7973,2022-06-20,9.752916666666666,12.9,5.43,77.13,90.98,3.4179166666666667,262.9,4.079166666666667,6.9,2.0,8.13040997978966,10.112678790643223,11.816138888888888,0.0,0.0,5.43,5.43,4.266666666666667,6.9,8.084722222222222,13.3,10.35,11.430972222222223,7.133333333333332,0,0,0,0,0.0,0.0,LOW
Srinagar,34.0837,74.7973,2022-06-21,11.129166666666668,15.61,6.72,72.79916666666666,93.91,3.594583333333333,260.0,5.266666666666667,7.7,1.1,9.09656046640029,11.198888887650678,14.363172222222223,0.0,0.0,51.19,6.72,4.833333333333333,7.7,6.736111111111111,13.3,8.430833333333334,11.069027777777778,6.623333333333332,0,0,0,0,0.0,0.0,LOW
Srinagar,34.0837,74.7973,2022-06-22,12.35125,16.94,8.46,67.80333333333333,90.73,3.0254166666666666,344.9,8.083333333333334,14.8,0.6,9.965110749091151,13.239237959442624,16.087544444444447,0.0,0.0,23.4,8.46,4.941666666666666,8.3,5.809722222222223,14.8,7.520833333333334,11.077777777777778,6.87,0,0,0,0,0.0,0.0,LOW
Srinagar,34.0837,74.7973,2022-06-23,15.44,21.21,9.32,54.517500000000005,70.16,1.99,904.08,13.383333333333333,16.8,6.6,11.76257352114353,15.840623811885914,20.428911111111105,0.0,0.0,0.09,9.32,11.291666666666666,16.6,8.911111111111111,16.8,8.334999999999999,12.973472222222222,8.166666666666666,0,0,0,0,0.0,0.0,LOW
Srinagar,34.0837,74.7973,2022-06-24,17.00875,22.94,10.51,52.887499999999996,67.87,2.01375,970.4,15.041666666666666,18.7,8.7,13.039571814704411,17.01840836149703,22.254361111111113,0.0,0.0,0.0,10.51,13.450000000000001,18.7,12.169444444444444,18.7,9.170833333333333,14.933333333333332,9.43,0,0,0,0,0.0,0.0,LOW
Srinagar,34.0837,74.7973,2022-06-25,18.167083333333334,24.3,11.89,57.70083333333333,79.53,2.3295833333333333,970.88,16.1375,18.9,10.8,14.496926531620053,18.43373817327256,23.788222222222227,0.0,0.0,0.0,11.89,14.966666666666667,18.9,14.854166666666666,18.9,11.5825,16.87194444444444,10.573333333333332,0,0,0,0,0.0,0.0,LOW
Srinagar,34.0837,74.7973,2022-06-26,18.274166666666666,23.08,12.85,66.29875,81.84,1.9325,893.28,17.1125,19.7,12.4,15.396496983285326,18.506729219429012,22.74101666666666,0.0,0.0,0.0,12.85,16.233333333333334,19.1,16.097222222222225,19.7,13.951666666666668,17.816666666666666,11.75,0,0,0,0,0.0,0.0,LOW
Srinagar,34.0837,74.7973,2022-06-27,19.3075,24.65,14.16,65.80041666666666,83.86,1.87875,977.12,18.337500000000002,21.1,15.2,16.306491210161138,19.657577165833732,24.403261111111114,0.0,0.0,0.0,14.16,17.575,20.6,17.195833333333336,21.1,16.0025,18.582916666666666,12.966666666666667,0,0,0,0,0.0,0.0,LOW
Srinagar,34.0837,74.7973,2022-06-28,19.919583333333332,25.61,14.18,68.06791666666666,88.12,2.0075,1000.38,19.004166666666666,21.6,15.6,17.05739670518331,20.568363711415838,25.46813888888889,0.0,0.0,0.0,14.18,17.883333333333333,21.1,18.15138888888889,21.6,17.126666666666665,19.167083333333334,13.729999999999999,0,0,0,0,0.0,0.0,LOW
Srinagar,34.0837,74.7973,2022-06-29,20.158333333333335,25.93,14.72,67.64291666666666,88.81,2.124166666666667,987.65,19.058333333333334,21.7,16.2,17.230275550947226,20.5330189370262,25.74781111111112,0.0,0.0,0.27,14.72,18.275000000000002,21.4,18.8,21.7,17.93,19.79513888888889,14.353333333333332,0,0,0,0,0.0,0.0,LOW
Srinagar,34.0837,74.7973,2022-06-30,20.235,26.52,14.9,72.80416666666666,96.56,2.600416666666667,940.35,18.833333333333332,22.0,16.2,17.73981356148506,21.204416287698812,26.43127777777778,0.0,0.0,0.76,14.9,18.25,21.9,18.965277777777775,22.0,18.469166666666666,20.104305555555555,14.6,0,0,0,0,0.0,0.0,LOW
Srinagar,34.0837,74.7973,2023-04-01,3.452083333333333,6.49,-0.5,85.13416666666667,96.18,1.7220833333333332,419.15,1.5374999999999999,4.1,-0.8,2.4975111159635777,4.852080345665319,5.12625555555556,0.0,0.0,14.16,-0.5,1.675,4.1,13.143055555555556,22.0,15.354166666666668,14.615138888888888,9.706666666666665,0,0,0,0,0.0,0.0,LOW
Srinagar,34.0837,74.7973,2023-04-02,4.754166666666666,8.77,-0.92,74.72166666666666,96.88,1.58375,651.88,3.204166666666667,6.4,-1.7,3.162827610615396,6.28413862126198,7.302383333333332,0.0,0.0,0.39,-0.92,1.2750000000000001,5.2,7.858333333333333,22.0,12.3275,9.480416666666665,4.493333333333332,0,0,0,0,0.0,0.0,LOW
Srinagar,34.0837,74.7973,2023-04-03,4.948333333333333,9.35,0.85,80.04208333333334,92.64,2.205,181.0,1.7750000000000001,5.0,-0.8,3.63654706159611,6.9031663366118305,7.993127777777776,0.0,0.0,10.55,0.85,1.6583333333333332,3.3,2.1722222222222225,6.4,8.881666666666668,4.38486111111111,-0.1900000000000012,0,0,0,0,0.0,0.0,LOW
Srinagar,34.0837,74.7973,2023-04-04,3.01625,7.97,-1.72,71.68791666666667,92.09,2.5433333333333334,438.75,-1.8083333333333333,3.8,-6.8,1.3545227494212009,5.762931247933324,6.5213444444444475,0.0,0.0,5.4799999999999995,-1.72,-2.7999999999999994,1.9,1.0569444444444447,6.4,4.708333333333333,4.239583333333333,-0.5966666666666679,0,0,0,0,0.0,0.0,LOW
Srinagar,34.0837,74.7973,2023-04-05,4.529583333333333,10.34,-1.47,61.96541666666667,84.59,2.299583333333333,895.8,0.3791666666666666,6.8,-6.4,2.2202646648230773,6.696928823059465,8.601683333333334,0.0,0.0,3.7199999999999998,-1.47,-1.6000000000000003,6.8,0.1152777777777778,6.8,1.0175,4.164722222222222,-0.7800000000000011,0,0,0,0,0.0,0.0,LOW
Srinagar,34.0837,74.7973,2023-04-06,3.5366666666666666,7.93,-0.62,66.8575,85.86,2.4233333333333333,664.53,-1.1624999999999999,6.4,-6.8,1.5846833188749192,5.196933401750185,6.25278888888889,0.0,0.0,2.34,-0.62,-4.516666666666667,-1.8,-0.8638888888888889,6.8,0.4775000000000002,3.6941666666666664,-1.2700000000000011,0,0,0,0,0.0,0.0,LOW
Srinagar,34.0837,74.7973,2023-04-07,7.160833333333334,13.48,-0.19,50.02875,63.49,2.200833333333333,1022.47,3.3208333333333333,12.2,-6.5,3.9455895915613244,8.731536179323552,11.793266666666675,0.0,0.0,0.0,-0.19,0.23333333333333328,12.2,0.8458333333333335,12.2,0.5008333333333334,5.075694444444445,-0.7600000000000011,0,0,0,0,0.0,0.0,LOW
Srinagar,34.0837,74.7973,2023-04-08,8.80125,14.72,1.64,52.835,68.03,1.7695833333333333,971.0,6.533333333333334,11.9,-3.9,5.595524459586161,9.865037559817429,13.18259444444445,0.0,0.0,0.0,1.64,4.408333333333333,11.9,2.8972222222222226,12.2,1.4525000000000001,6.499583333333334,0.27666666666666545,0,0,0,0,0.0,0.0,LOW
Srinagar,34.0837,74.7973,2023-04-09,8.329166666666667,13.2,3.43,65.74083333333333,82.5,1.7445833333333332,939.15,6.520833333333333,10.6,0.5,6.0151981699621055,9.686948805561688,11.899388888888886,0.0,0.0,0.0,3.43,5.558333333333334,10.6,5.458333333333333,12.2,3.1183333333333336,8.097083333333334,1.6266666666666654,0,0,0,0,0.0,0.0,LOW
Srinagar,34.0837,74.7973,2023-04-10,8.927916666666667,14.11,3.61,63.074999999999996,78.66,1.795,912.85,6.954166666666667,10.2,0.7,6.392753022933249,10.170680223617788,12.78889444444444,0.0,0.0,0.0,3.61,5.233333333333333,10.2,6.669444444444444,11.9,4.433333333333334,8.686111111111112,2.893333333333332,0,0,0,0,0.0,0.0,LOW
Srinagar,34.0837,74.7973,2023-04-11,8.15125,11.82,3.65,62.79791666666667,81.14,1.73125,799.3,6.220833333333334,11.8,1.7,5.720700057434982,8.810705738746561,10.441966666666664,0.0,0.0,0.0,3.65,3.775,9.0,6.565277777777777,11.8,5.91,8.469444444444445,3.563333333333332,0,0,0,0,0.0,0.0,LOW
Srinagar,34.0837,74.7973,2023-04-12,10.569166666666666,16.21,4.28,56.41708333333333,70.33,1.9354166666666668,863.65,8.174999999999999,12.5,-0.5,7.4728881086457335,11.717953683570768,15.001500000000002,0.0,0.0,0.0,4.28,5.991666666666667,12.5,7.116666666666667,12.5,6.880833333333333,9.216111111111111,3.8466666666666653,0,0,0,0,0.0,0.0,LOW
Srinagar,34.0837,74.7973,2023-04-13,11.380833333333333,18.08,3.88,48.43416666666667,72.81,1.9024999999999999,981.55,8.620833333333334,16.7,-1.3,7.6216782877102816,12.581118025711078,16.838644444444444,0.0,0.0,0.0,3.88,4.758333333333333,16.7,7.672222222222222,16.7,7.298333333333334,10.03375,3.9366666666666656,0,0,0,0,0.0,0.0,LOW
Srinagar,34.0837,74.7973,2023-04-14,12.910833333333334,19.83,5.62,50.66375,70.59,1.7170833333333333,969.12,10.820833333333333,18.8,1.4,9.084640756656933,13.594005276088723,18.648755555555542,0.0,0.0,0.0,5.62,7.858333333333333,17.6,9.205555555555556,18.8,8.158333333333333,11.62027777777778,4.593333333333333,0,0,0,0,0.0,0.0,LOW
Srinagar,34.0837,74.7973,2023-04-15,11.579583333333334,17.1,5.73,64.83208333333333,91.69,2.125,910.45,9.204166666666667,13.5,2.8,8.965670386903733,12.767065268482606,16.05047777777778,0.0,0.0,1.11,5.73,8.308333333333334,13.5,9.548611111111112,18.8,8.608333333333333,11.957083333333335,5.076666666666665,0,0,0,0,0.0,0.0,LOW
Srinagar,34.0837,74.7973,2023-04-16,8.928749999999999,13.92,4.84,75.57416666666667,97.17,2.37375,293.62,5.766666666666667,11.0,2.5,7.209229101218984,10.843702883205049,12.89688333333333,0.0,0.0,3.83,4.84,4.258333333333334,7.1,8.597222222222223,18.8,8.5175,11.139722222222224,5.396666666666666,0,0,0,0,0.0,0.0,LOW
Srinagar,34.0837,74.7973,2023-04-17,11.185416666666667,16.57,5.18,70.09666666666666,92.67,2.1033333333333335,824.17,8.8125,13.0,1.9,8.961014211822457,12.406161501485414,15.50664444444444,0.0,0.0,5.890000000000001,5.18,7.016666666666667,13.0,7.927777777777778,13.5,8.645,10.564583333333333,5.249999999999999,0,0,0,0,0.0,0.0,LOW
Srinagar,34.0837,74.7973,2023-04-18,7.364999999999999,10.21,5.87,88.64541666666666,94.57,2.8808333333333334,337.0,2.841666666666667,5.3,-0.6,6.579099025467922,8.680236706236384,9.309644444444444,0.0,0.0,31.48,5.87,3.025,5.3,5.8069444444444445,13.0,7.489166666666667,9.159722222222223,5.296666666666665,0,0,0,0,0.0,0.0,LOW
Srinagar,34.0837,74.7973,2023-04-19,5.7558333333333325,7.72,3.36,89.74916666666667,94.79,1.3949999999999998,214.65,5.141666666666667,7.7,1.8,5.0559510887671015,6.694260936141817,6.76256111111111,0.0,0.0,43.53,3.36,5.041666666666667,7.1,5.598611111111111,13.0,6.3533333333333335,8.102083333333333,4.803333333333332,0,0,0,0,0.0,0.0,LOW
Srinagar,34.0837,74.7973,2023-04-20,4.37875,7.63,0.73,78.8875,91.25,1.7625,375.0,2.2041666666666666,6.9,-2.6,3.0540578221784855,5.7941859503798225,6.31236666666667,0.0,0.0,7.61,0.73,1.8416666666666666,6.9,3.395833333333334,7.7,4.953333333333333,5.833194444444445,3.319999999999999,0,0,0,0,0.0,0.0,LOW
Srinagar,34.0837,74.7973,2023-04-21,4.40375,9.2,-0.89,69.08291666666666,82.34,2.3558333333333334,631.42,0.29583333333333334,6.4,-7.5,2.506749350543574,6.450990586100746,7.675638888888888,0.0,0.0,2.36,-0.89,-1.1416666666666666,6.4,2.547222222222223,7.7,3.859166666666667,4.846111111111111,1.0666666666666653,0,0,0,0,0.0,0.0,LOW
Srinagar,34.0837,74.7973,2023-04-22,5.07125,10.79,-2.12,59.48166666666666,75.6,2.0100000000000002,569.12,1.5583333333333336,9.9,-12.1,2.5857512718099476,7.312102955132824,9.18781111111111,0.0,0.0,0.3,-2.12,-3.4333333333333336,5.3,1.3527777777777785,9.9,2.4083333333333337,4.617916666666667,-0.7600000000000012,0,0,0,0,0.0,0.0,LOW
Srinagar,34.0837,74.7973,2023-04-23,8.377916666666666,15.24,-1.98,43.74,69.96,2.5883333333333334,1077.8,3.295833333333333,12.3,-12.1,4.653820016181397,9.908766757647463,13.634222222222224,0.0,0.0,0.0,-1.98,-2.441666666666667,7.2,1.7166666666666675,12.3,2.4991666666666665,5.950972222222222,-1.6633333333333347,0,0,0,0,0.0,0.0,LOW
Srinagar,34.0837,74.7973,2023-04-24,9.466666666666667,16.22,2.66,57.518750000000004,79.43,2.1629166666666664,1022.78,6.3999999999999995,13.1,-2.5,6.480569608536906,11.486863638835965,14.889777777777779,0.0,0.0,0.0,2.66,4.108333333333333,13.1,3.7513888888888887,13.1,2.7508333333333335,7.6386111111111115,-0.4800000000000013,0,0,0,0,0.0,0.0,LOW
Srinagar,34.0837,74.7973,2023-04-25,9.030416666666667,14.71,2.78,67.715,80.04,1.8395833333333333,957.28,7.091666666666666,12.5,-1.6,6.799127166970188,10.989535960530146,13.537150000000004,0.0,0.0,0.13,2.78,5.691666666666666,12.5,5.595833333333334,13.1,3.728333333333333,8.958333333333334,1.1533333333333322,0,0,0,0,0.0,0.0,LOW
Srinagar,34.0837,74.7973,2023-04-26,8.917916666666667,14.09,3.02,72.28916666666667,91.1,2.46,552.65,5.6499999999999995,11.5,-0.1,6.953018748640488,10.905644997373956,13.051505555555558,0.0,0.0,30.53,3.02,5.266666666666667,11.5,6.3805555555555555,13.1,4.799166666666666,9.138333333333334,2.8199999999999985,0,0,0,0,0.0,0.0,LOW
Srinagar,34.0837,74.7973,2023-04-27,7.098333333333333,11.55,2.26,69.79833333333333,91.22,1.4633333333333332,682.45,5.820833333333333,11.9,-1.8,5.118634801346436,8.774661220184035,10.3126,0.0,0.0,12.48,2.26,2.575,9.4,6.1875,12.5,5.6516666666666655,8.34888888888889,2.686666666666665,0,0,0,0,0.0,0.0,LOW
Srinagar,34.0837,74.7973,2023-04-28,7.529166666666666,12.94,2.34,70.37333333333333,88.85,2.25625,362.17,4.166666666666667,11.0,-2.5,5.542437045124224,9.665113819076662,11.72618888888889,0.0,0.0,10.37,2.34,2.3666666666666667,11.0,5.2125,11.9,5.825833333333333,7.848472222222221,2.5399999999999987,0,0,0,0,0.0,0.0,LOW
Srinagar,34.0837,74.7973,2023-04-29,9.71375,15.21,2.94,53.305416666666666,66.5,1.6791666666666665,609.88,7.779166666666666,12.0,-0.5,6.492365016218089,10.94638270240158,13.935705555555554,0.0,0.0,0.0,2.94,5.175,11.9,5.922222222222222,12.0,6.101666666666666,8.113750000000001,2.5133333333333323,0,0,0,0,0.0,0.0,LOW
Srinagar,34.0837,74.7973,2023-04-30,10.478333333333333,15.66,3.16,66.25416666666666,89.68,1.85375,929.58,8.6875,11.2,0.1,8.06063977513064,11.784315219604482,14.568572222222226,0.0,0.0,0.45999999999999996,3.16,7.591666666666668,10.8,6.877777777777777,12.0,6.4208333333333325,9.240416666666667,2.813333333333332,0,0,0,0,0.0,0.0,LOW
Srinagar,34.0837,74.7973,2023-05-01,8.15,12.09,4.52,83.24875,94.0,1.23875,468.4,8.029166666666667,12.0,5.2,6.966013542919313,9.488503141882184,10.95777777777778,0.0,0.0,4.43,4.52,7.458333333333333,10.2,8.165277777777776,12.0,6.8966666666666665,9.447361111111112,3.5399999999999987,0,0,0,0,0.0,0.0,LOW
Srinagar,34.0837,74.7973,2023-05-02,6.916666666666667,10.83,4.18,86.2925,95.09,1.65125,371.17,5.733333333333333,7.3,3.8,5.968072920772538,8.933757309696787,9.854561111111114,0.0,0.0,4.96,4.18,6.108333333333333,7.3,7.483333333333333,12.0,6.879166666666667,8.515,3.953333333333332,0,0,0,0,0.0,0.0,LOW
Srinagar,34.0837,74.7973,2023-05-03,7.162916666666667,10.53,4.13,85.10625,93.81,1.50875,527.35,6.333333333333333,8.1,4.7,6.147673779252692,8.447384215902936,9.442572222222228,0.0,0.0,1.8599999999999999,4.13,6.1499999999999995,7.7,6.69861111111111,12.0,7.3125,7.409861111111113,4.276666666666665,0,0,0,0,0.0,0.0,LOW
Srinagar,34.0837,74.7973,2023-05-04,7.131666666666667,10.72,3.62,78.6025,92.82,1.7825,254.23,5.366666666666667,8.2,1.3,5.682933919390539,8.501357146317684,9.61841111111111,0.0,0.0,1.1,3.62,3.9499999999999997,7.5,5.811111111111111,8.2,6.83,7.0704166666666675,3.9766666666666652,0,0,0,0,0.0,0.0,LOW
Srinagar,34.0837,74.7973,2023-05-05,8.481666666666667,12.11,3.76,75.02708333333334,85.21,2.6091666666666664,695.3,4.8875,8.6,0.9,6.780214731392249,9.787404680191715,11.110594444444446,0.0,0.0,0.04,3.76,4.075,7.3,5.529166666666666,8.6,6.069999999999999,7.592083333333334,3.8366666666666656,0,0,0,0,0.0,0.0,LOW
Srinagar,34.0837,74.7973,2023-05-06,7.999583333333334,12.74,2.66,79.99083333333333,94.03,2.7108333333333334,271.05,4.0,8.3,-2.5,6.5944971453367325,9.853344911041095,11.643011111111115,0.0,0.0,9.24,2.66,3.5,7.2,4.751388888888889,8.6,5.264166666666666,7.870972222222224,3.3466666666666653,0,0,0,0,0.0,0.0,LOW
Srinagar,34.0837,74.7973,2023-05-07,5.755416666666666,9.69,2.69,83.71791666666667,93.9,2.700416666666667,605.75,1.6583333333333334,4.6,-5.4,4.677281424654547,7.538682077186206,8.472616666666669,0.0,0.0,18.01,2.69,3.0833333333333335,4.6,3.515277777777778,8.6,4.449166666666666,7.412222222222223,3.0366666666666653,0,0,0,0,0.0,0.0,LOW
Srinagar,34.0837,74.7973,2023-05-08,4.480833333333334,8.68,-0.56,79.0025,94.35,3.216666666666667,539.1,-1.6708333333333334,3.7,-5.7,3.1398379917820036,6.432196214804312,7.316705555555553,0.0,0.0,10.95,-0.56,-2.65,2.5,1.3291666666666666,8.3,2.848333333333333,6.078611111111112,1.5966666666666656,0,0,0,0,0.0,0.0,LOW
Srinagar,34.0837,74.7973,2023-05-09,6.389583333333333,11.13,0.0,62.57541666666666,75.88,1.99,563.28,3.4583333333333335,7.5,-6.5,4.0280893710239285,8.002708474182116,9.701211111111105,0.0,0.0,0.0,0.0,0.4250000000000001,7.1,1.1486111111111112,7.5,2.4666666666666663,5.541944444444446,0.7099999999999987,0,0,0,0,0.0,0.0,LOW
Srinagar,34.0837,74.7973,2023-05-10,9.561666666666666,16.15,0.28,38.352916666666665,68.63,2.3575,907.42,5.325,13.7,-6.8,5.438264748408187,10.6479389279371,14.634438888888887,0.0,0.0,0.0,0.28,1.5250000000000001,9.3,2.3708333333333336,13.7,2.5541666666666663,6.810694444444445,-0.09333333333333453,0,0,0,0,0.0,0.0,LOW
Srinagar,34.0837,74.7973,2023-05-11,12.505416666666667,18.76,4.2,37.750416666666666,55.12,1.6229166666666668,910.55,10.241666666666667,17.5,-0.5,7.912235766151571,12.645881332060043,17.459483333333335,0.0,0.0,0.0,4.2,5.966666666666666,11.6,6.341666666666668,17.5,3.8024999999999998,9.485555555555555,1.4933333333333323,0,0,0,0,0.0,0.0,LOW
Srinagar,34.0837,74.7973,2023-05-12,13.598333333333334,18.37,6.6,47.02125,62.2,1.8545833333333333,779.8,11.4,15.7,2.1,9.572816108653837,12.8062564428489,17.14458888888889,0.0,0.0,0.0,6.6,9.691666666666666,15.7,8.988888888888889,17.5,5.750833333333333,11.888472222222221,3.693333333333332,0,0,0,0,0.0,0.0,LOW
Srinagar,34.0837,74.7973,2023-05-13,10.892916666666666,15.34,4.91,68.85458333333334,83.33,2.512916666666667,565.53,7.3999999999999995,13.8,0.0,8.649277726002024,12.302948078896735,14.505361111111107,0.0,0.0,5.96,4.91,5.358333333333333,10.7,9.680555555555555,17.5,7.5649999999999995,12.332222222222223,5.2366666666666655,0,0,0,0,0.0,0.0,LOW
Srinagar,34.0837,74.7973,2023-05-14,9.936666666666666,14.42,4.98,67.61791666666666,81.03,2.6129166666666666,585.65,6.1625000000000005,12.6,1.1,7.671886627905363,11.333451318293717,13.442183333333336,0.0,0.0,1.49,4.98,4.716666666666667,8.8,8.320833333333333,15.7,8.105833333333333,11.475972222222223,5.496666666666665,0,0,0,0,0.0,0.0,LOW
Srinagar,34.0837,74.7973,2023-05-15,11.59125,16.29,5.85,60.67583333333334,72.52,2.325416666666667,854.25,8.575000000000001,13.0,2.4,8.741919559279525,12.572477420290136,15.331027777777775,0.0,0.0,0.0,5.85,6.583333333333333,11.1,7.379166666666667,13.8,8.755833333333333,10.806944444444445,5.246666666666665,0,0,0,0,0.0,0.0,LOW
Srinagar,34.0837,74.7973,2023-05-16,11.447916666666666,17.78,6.16,71.72333333333333,91.36,2.158333333333333,813.1,8.920833333333333,16.0,2.7,9.31685371156731,13.543135995546372,16.85513888888889,0.0,0.0,0.0,6.16,7.483333333333333,16.0,7.886111111111112,16.0,8.491666666666667,10.991944444444444,5.663333333333331,0,0,0,0,0.0,0.0,LOW
Srinagar,34.0837,74.7973,2023-05-17,11.833333333333334,16.59,7.08,70.21916666666667,82.1,1.6854166666666668,926.38,10.575000000000001,14.4,4.4,9.6412190152255,12.946233944306757,15.674799999999998,0.0,0.0,2.22,7.08,9.066666666666666,14.4,9.356944444444444,16.0,8.326666666666666,11.624166666666667,6.363333333333332,0,0,0,0,0.0,0.0,LOW
Srinagar,34.0837,74.7973,2023-05-18,9.529166666666667,13.58,5.85,72.54875,85.56,1.1808333333333334,397.38,9.354166666666666,13.2,4.9,7.618490003180084,10.648163683284173,12.568055555555556,0.0,0.0,2.28,5.85,8.158333333333333,13.2,9.616666666666665,16.0,8.7175,10.936805555555557,6.363333333333332,0,0,0,0,0.0,0.0,LOW
Srinagar,34.0837,74.7973,2023-05-19,12.436250000000001,18.15,6.53,64.15541666666667,78.65,1.9529166666666666,1001.7,10.616666666666667,13.1,5.5,9.730393718789125,13.687078874321516,17.20391111111111,0.0,0.0,1.18,6.53,9.616666666666667,13.1,10.181944444444445,14.4,9.608333333333333,11.266250000000001,6.4866666666666655,0,0,0,0,0.0,0.0,LOW
Srinagar,34.0837,74.7973,2023-05-20,14.545,19.78,6.66,46.788333333333334,78.36,1.7845833333333332,1039.28,12.6625,15.3,6.1,10.392655159288198,14.277552303654502,18.770788888888887,0.0,0.0,0.0,6.66,11.508333333333333,15.3,10.877777777777778,15.3,10.425833333333333,12.170138888888891,6.346666666666665,0,0,0,0,0.0,0.0,LOW
Srinagar,34.0837,74.7973,2023-05-21,16.00166666666667,20.82,9.58,49.69416666666667,65.49,1.8716666666666668,1024.95,14.049999999999999,16.8,7.8,11.935287833365374,15.56713315665613,20.01557777777777,0.0,0.0,0.0,9.58,12.383333333333333,16.8,12.443055555555555,16.8,11.451666666666664,14.32763888888889,7.589999999999999,0,0,0,0,0.0,0.0,LOW
Srinagar,34.0837,74.7973,2023-05-22,16.125833333333333,21.48,10.11,57.572916666666664,77.39,2.105,1016.47,13.958333333333334,17.9,7.5,12.63213496880598,16.392930891726827,20.791188888888886,0.0,0.0,0.13,10.11,12.316666666666668,17.9,13.556944444444445,17.9,12.128333333333334,15.5575,8.783333333333331,0,0,0,0,0.0,0.0,LOW
Srinagar,34.0837,74.7973,2023-05-23,14.131666666666668,19.29,9.16,73.54333333333334,92.24,2.24875,431.0,11.991666666666667,16.3,8.1,12.022030480418437,15.206215456263022,18.61797222222222,0.0,0.0,8.690000000000001,9.16,11.308333333333332,16.3,13.333333333333334,17.9,12.655833333333332,15.419722222222225,9.616666666666665,0,0,0,0,0.0,0.0,LOW
Srinagar,34.0837,74.7973,2023-05-24,11.5525,15.72,8.72,84.82083333333334,100.0,2.8554166666666667,262.8,8.3375,10.6,4.1,10.40808985604504,13.209516457933727,15.107444444444447,0.0,0.0,12.82,8.72,9.591666666666667,10.6,11.429166666666667,17.9,12.2,13.936666666666667,9.33,0,0,0,0,0.0,0.0,LOW
Srinagar,34.0837,74.7973,2023-05-25,10.274166666666666,13.13,6.76,78.45,95.36,1.7395833333333333,616.67,8.987499999999999,11.7,5.3,8.734556079189693,10.734078382767493,12.220061111111113,0.0,0.0,7.819999999999999,6.76,7.491666666666667,9.5,9.77222222222222,16.3,11.465,11.986111111111112,8.213333333333333,0,0,0,0,0.0,0.0,LOW
Srinagar,34.0837,74.7973,2023-05-26,8.768749999999999,13.83,2.55,79.96291666666666,98.83,2.209166666666667,543.58,6.304166666666667,12.3,-0.6,7.317114395486647,10.843150337089472,12.821122222222224,0.0,0.0,10.07,2.55,5.883333333333333,12.3,7.876388888888887,12.3,9.915833333333333,10.198472222222223,6.009999999999999,0,0,0,0,0.0,0.0,LOW
Srinagar,34.0837,74.7973,2023-05-27,10.20375,15.4,4.2,65.52208333333333,79.61,2.1395833333333334,693.12,7.583333333333333,10.9,1.5,7.745231452771223,11.604062120208418,14.304505555555554,0.0,0.0,0.27,4.2,5.2250000000000005,9.5,7.625,12.3,8.640833333333333,9.74888888888889,4.503333333333333,0,0,0,0,0.0,0.0,LOW
Srinagar,34.0837,74.7973,2023-05-28,13.044166666666667,17.88,5.24,64.94458333333334,83.64,1.9608333333333334,993.95,11.200000000000001,13.9,2.7,10.375905238361264,13.598192604635335,16.954433333333334,0.0,0.0,0.0,5.24,10.341666666666667,13.7,8.362499999999999,13.9,8.4825,10.672222222222224,3.996666666666666,0,0,0,0,0.0,0.0,LOW
Srinagar,34.0837,74.7973,2023-05-29,10.915833333333333,13.97,7.08,81.07583333333334,95.62,1.6658333333333333,712.5,9.9,12.2,6.5,9.554780693890436,11.636540255644219,13.177483333333335,0.0,0.0,10.4,7.08,9.4,11.4,9.561111111111112,13.9,8.795,11.38791666666667,5.506666666666665,0,0,0,0,0.0,0.0,LOW
Srinagar,34.0837,74.7973,2023-05-30,9.969166666666666,13.79,7.34,81.84125,93.92,2.225,411.25,7.4875,12.9,5.2,8.661932717172252,11.40765091892871,12.979938888888888,0.0,0.0,10.92,7.34,6.341666666666666,7.7,9.529166666666667,13.9,8.495000000000001,11.309722222222225,6.553333333333332,0,0,0,0,0.0,0.0,LOW
Srinagar,34.0837,74.7973,2023-05-31,8.681666666666667,13.16,4.01,84.50375,97.73,2.0208333333333335,245.7,6.616666666666667,9.6,1.4,7.561705206123114,10.55417105948379,12.187683333333336,0.0,0.0,16.62,4.01,5.166666666666667,7.9,8.001388888888888,12.9,8.557500000000001,9.855555555555556,6.1433333333333335,0,0,0,0,0.0,0.0,LOW
Srinagar,34.0837,74.7973,2023-06-01,8.31,11.98,4.56,80.49916666666667,92.48,2.42375,278.42,5.0874999999999995,9.9,1.6,6.956816978778821,9.94826430323336,11.093711111111112,0.0,0.0,9.16,4.56,4.25,8.4,6.397222222222221,12.9,8.058333333333334,8.986944444444445,5.303333333333332,0,0,0,0,0.0,0.0,LOW
Srinagar,34.0837,74.7973,2023-06-02,10.212083333333334,14.07,5.88,80.36583333333333,93.13,2.138333333333333,772.33,8.091666666666667,12.0,5.6,8.803151316180251,11.430254794760474,13.177816666666663,0.0,0.0,1.61,5.88,8.708333333333334,12.0,6.5986111111111105,12.0,7.436666666666667,9.067916666666669,4.8166666666666655,0,0,0,0,0.0,0.0,LOW
Srinagar,34.0837,74.7973,2023-06-03,11.490833333333333,15.34,7.08,76.28708333333334,92.28,1.6770833333333333,779.25,10.458333333333334,12.6,7.4,9.75615807047052,12.454741904816498,14.532777777777776,0.0,0.0,1.73,7.08,9.525,11.3,7.8791666666666655,12.6,7.548333333333334,10.004305555555558,5.839999999999999,0,0,0,0,0.0,0.0,LOW
Srinagar,34.0837,74.7973,2023-06-04,12.38125,16.45,7.0,65.51458333333333,88.68,1.5604166666666668,994.05,11.308333333333332,15.3,4.0,9.856475424682376,13.147816277203033,15.646983333333331,0.0,0.0,0.0,7.0,9.275,13.1,9.952777777777778,15.3,8.3125,11.36138888888889,6.653333333333333,0,0,0,0,0.0,0.0,LOW
Srinagar,34.0837,74.7973,2023-06-05,13.118333333333332,17.65,7.67,60.1575,71.15,1.7058333333333333,886.97,11.633333333333333,15.0,5.0,10.130127647977295,13.568052448155967,16.76175,0.0,0.0,1.28,7.67,9.799999999999999,13.5,11.133333333333333,15.3,9.315833333333334,12.33013888888889,7.25,0,0,0,0,0.0,0.0,LOW
Srinagar,34.0837,74.7973,2023-06-06,11.175833333333335,15.77,7.26,76.69583333333334,95.64,1.6208333333333333,904.83,10.25,12.6,8.1,9.460837930252243,12.49639063261149,14.888800000000003,0.0,0.0,1.72,7.26,10.299999999999999,12.6,11.063888888888888,15.3,10.348333333333333,12.22513888888889,7.31,0,0,0,0,0.0,0.0,LOW
Srinagar,34.0837,74.7973,2023-06-07,12.1925,16.16,8.59,77.43124999999999,92.46,1.52375,661.97,11.466666666666667,13.3,9.0,10.5102591294342,13.012807603906642,15.373677777777779,0.0,0.0,1.28,8.59,11.891666666666666,12.8,11.116666666666667,15.0,11.023333333333333,12.162222222222224,7.839999999999999,0,0,0,0,0.0,0.0,LOW
Srinagar,34.0837,74.7973,2023-06-08,13.935,17.83,9.45,71.34333333333333,89.13,1.5529166666666667,990.53,13.183333333333332,15.2,7.1,11.754777570459538,14.421600765750092,17.167594444444443,0.0,0.0,0.0,9.45,12.241666666666667,15.2,11.633333333333333,15.2,11.568333333333332,12.434444444444447,8.433333333333332,0,0,0,0,0.0,0.0,LOW
Srinagar,34.0837,74.7973,2023-06-09,16.526666666666667,22.46,9.79,56.99208333333333,77.55,2.0433333333333334,979.67,14.604166666666666,19.1,7.2,12.959408582256081,16.899535127668724,21.78850555555556,0.0,0.0,0.0,9.79,12.924999999999999,19.1,13.08472222222222,19.1,12.2275,14.218055555555557,9.276666666666666,0,0,0,0,0.0,0.0,LOW
Srinagar,34.0837,74.7973,2023-06-10,16.762916666666666,22.18,11.26,63.01708333333334,84.11,1.70625,943.17,15.658333333333333,19.2,9.5,13.645371692732326,16.981410590279058,21.541344444444448,0.0,0.0,0.34,11.26,15.058333333333332,19.2,14.481944444444443,19.2,13.032499999999999,15.741527777777778,10.166666666666664,0,0,0,0,0.0,0.0,LOW
Srinagar,34.0837,74.7973,2023-06-11,15.896666666666667,20.9,10.3,71.34833333333333,86.71,1.865,796.38,14.795833333333334,17.6,10.6,13.557656973993465,17.007412091240067,20.47226666666667,0.0,0.0,0.45,10.3,14.183333333333332,17.6,15.019444444444446,19.2,13.941666666666666,16.39541666666667,10.450000000000001,0,0,0,0,0.0,0.0,LOW
Srinagar,34.0837,74.7973,2023-06-12,16.568749999999998,21.5,10.86,71.37833333333333,88.41,1.9395833333333332,906.6,15.379166666666668,17.4,11.0,14.198316389540706,17.271327515216942,21.04975555555556,0.0,0.0,0.15,10.86,15.0,17.4,15.277777777777779,19.2,14.724166666666667,16.409444444444443,10.806666666666667,0,0,0,0,0.0,0.0,LOW
Srinagar,34.0837,74.7973,2023-06-13,15.8075,20.38,9.66,74.27958333333333,91.22,2.4916666666666667,787.83,13.695833333333333,16.1,7.8,13.72664413084208,16.821325444382943,19.982777777777773,0.0,0.0,4.84,9.66,13.016666666666666,15.9,14.623611111111112,17.6,14.826666666666668,16.090972222222224,10.273333333333333,0,0,0,0,0.0,0.0,LOW
Srinagar,34.0837,74.7973,2023-06-14,14.992916666666666,19.0,10.47,75.84875,92.45,2.325833333333333,804.85,13.079166666666666,16.5,9.6,13.083944743700242,15.667987354301761,18.48928888888889,0.0,0.0,2.22,10.47,13.458333333333334,16.5,14.051388888888889,17.4,14.521666666666667,15.789722222222222,10.33,0,0,0,0,0.0,0.0,LOW
Srinagar,34.0837,74.7973,2023-06-15,14.89125,19.01,11.34,76.51,91.08,2.146666666666667,796.78,13.2875,14.2,11.8,13.034640236764977,15.665246682844915,18.506066666666673,0.0,0.0,0.65,11.34,13.025,14.2,13.354166666666666,16.5,14.047500000000003,15.230555555555554,10.49,0,0,0,0,0.0,0.0,LOW
Srinagar,34.0837,74.7973,2023-06-16,16.021666666666665,20.56,11.75,75.58333333333333,97.14,2.0075,844.33,14.799999999999999,17.4,12.2,14.016003324452543,16.54353882952789,20.05283333333333,0.0,0.0,0.0,11.75,14.608333333333334,17.4,13.722222222222221,17.4,14.048333333333336,15.301944444444445,11.186666666666667,0,0,0,0,0.0,0.0,LOW
Srinagar,34.0837,74.7973,2023-06-17,16.549583333333334,20.55,12.52,75.55916666666667,93.54,1.8079166666666666,926.38,15.695833333333333,17.1,14.7,14.552478781965524,16.87064033901983,20.141055555555564,0.0,0.0,0.0,12.52,15.683333333333332,17.1,14.594444444444443,17.4,14.111666666666668,15.820833333333335,11.87,0,0,0,0,0.0,0.0,LOW
Srinagar,34.0837,74.7973,2023-06-18,17.31125,21.86,12.68,73.9075,90.79,1.8716666666666668,960.22,16.408333333333335,18.8,14.6,15.12846733257809,17.892433604148774,21.505288888888888,0.0,0.0,2.71,12.68,16.358333333333334,18.8,15.634722222222221,18.8,14.654166666666669,16.6275,12.316666666666665,0,0,0,0,0.0,0.0,LOW
Srinagar,34.0837,74.7973,2023-06-19,17.949583333333333,23.14,12.74,69.26291666666667,90.49,1.8583333333333334,991.78,16.991666666666667,18.8,13.3,15.338661967397867,18.517249533065446,22.791611111111106,0.0,0.0,0.3,12.74,16.091666666666665,18.7,16.365277777777777,18.8,15.436666666666667,17.27013888888889,12.646666666666667,0,0,0,0,0.0,0.0,LOW
Srinagar,34.0837,74.7973,2023-06-20,18.589166666666667,23.88,12.79,67.5325,84.32,2.004583333333333,969.65,17.408333333333335,19.6,12.5,15.78486304485182,19.204847854825122,23.605349999999994,0.0,0.0,0.0,12.79,16.333333333333332,19.5,16.936111111111114,19.6,16.260833333333334,17.950000000000003,12.736666666666666,0,0,0,0,0.0,0.0,LOW
Srinagar,34.0837,74.7973,2023-06-21,19.6925,24.87,13.65,67.665,85.99,2.0308333333333333,972.35,18.650000000000002,20.5,13.6,16.830865702459423,19.90712161954111,24.638733333333345,0.0,0.0,0.05,13.65,17.849999999999998,20.5,17.683333333333334,20.5,17.030833333333334,18.743750000000002,13.06,0,0,0,0,0.0,0.0,LOW
Srinagar,34.0837,74.7973,2023-06-22,20.452083333333334,25.51,14.38,69.3575,88.99,2.1374999999999997,994.67,19.491666666666667,21.3,15.1,17.705211305492806,20.814865057594602,25.438038888888894,0.0,0.0,0.0,14.38,18.433333333333334,20.8,18.51666666666667,21.3,17.79,19.577916666666667,13.606666666666667,0,0,0,0,0.0,0.0,LOW
Srinagar,34.0837,74.7973,2023-06-23,20.970000000000002,25.89,15.2,67.12625,85.09,2.1858333333333335,980.38,19.904166666666665,21.7,16.0,18.00582136145145,21.1313902817132,25.85003333333333,0.0,0.0,0.0,15.2,19.108333333333334,21.3,19.34861111111111,21.7,18.48916666666667,20.371527777777775,14.409999999999998,0,0,0,0,0.0,0.0,LOW
Srinagar,34.0837,74.7973,2023-06-24,20.072916666666668,24.97,15.45,73.83958333333334,95.26,2.1149999999999998,932.5,19.208333333333332,21.8,16.0,17.73666933955441,20.550497814777117,24.89991666666666,0.0,0.0,2.43,15.45,18.166666666666668,20.9,19.534722222222218,21.8,18.9325,20.498333333333335,15.01,0,0,0,0,0.0,0.0,LOW
Srinagar,34.0837,74.7973,2023-06-25,18.289583333333333,22.53,14.41,80.53416666666666,96.88,2.8329166666666663,917.35,16.3875,17.6,14.4,16.64689113610856,19.196677490585614,22.448827777777776,0.0,0.0,31.04,14.41,16.191666666666666,17.6,18.5,21.8,18.72833333333333,19.7775,15.019999999999998,0,0,0,0,0.0,0.0,LOW
Srinagar,34.0837,74.7973,2023-06-26,15.796666666666667,18.53,12.46,83.54208333333334,96.42,1.9579166666666667,566.0,14.862499999999999,16.7,11.7,14.49292085264647,16.15253796915927,18.22142222222222,0.0,0.0,1.9,12.46,14.033333333333333,16.6,16.819444444444443,21.8,17.970833333333335,18.053055555555556,14.106666666666667,0,0,0,0,0.0,0.0,LOW
Srinagar,34.0837,74.7973,2023-06-27,16.619583333333335,20.16,13.11,79.52708333333334,96.57,2.0966666666666667,831.9,15.424999999999999,16.9,13.6,14.952158998870857,16.8573618673389,19.805794444444444,0.0,0.0,3.19,13.11,14.566666666666668,16.3,15.558333333333332,17.6,17.1575,16.901944444444442,13.326666666666666,0,0,0,0,0.0,0.0,LOW
Srinagar,34.0837,74.7973,2023-06-28,17.339583333333334,21.48,13.42,78.64999999999999,95.44,2.3816666666666664,702.78,15.783333333333333,17.1,14.3,15.542575564754785,17.86078686868686,21.197216666666666,0.0,0.0,1.01,13.42,15.466666666666667,17.1,15.356944444444443,17.1,16.333333333333332,16.58527777777778,12.996666666666664,0,0,0,0,0.0,0.0,LOW
Srinagar,34.0837,74.7973,2023-06-29,16.350416666666668,20.97,12.05,78.74833333333333,93.7,2.4304166666666664,789.88,14.704166666666666,16.6,13.0,14.621289325773814,17.578956044275714,20.695227777777774,0.0,0.0,0.39,12.05,14.325000000000001,16.0,15.304166666666665,17.1,15.4325,16.769861111111112,12.86,0,0,0,0,0.0,0.0,LOW
Srinagar,34.0837,74.7973,2023-06-30,16.6725,21.97,10.77,73.66458333333334,96.64,1.9000000000000001,840.97,15.6625,18.1,11.3,14.466525778375543,17.648132148938345,21.56127222222222,0.0,0.0,0.18,10.77,14.983333333333334,17.8,15.383333333333331,18.1,15.2875,16.787499999999998,12.079999999999998,0,0,0,0,0.0,0.0,LOW
Srinagar,34.0837,74.7973,2024-04-01,6.607500000000001,11.97,1.57,64.50708333333334,77.32,1.9570833333333333,981.95,3.975,7.4,-2.7,4.335600915075904,8.562451367974457,10.540122222222221,0.0,0.0,0.0,1.57,1.9083333333333332,7.1,11.447222222222221,18.1,13.11,13.21013888888889,8.129999999999999,0,0,0,0,0.0,0.0,LOW
Srinagar,34.0837,74.7973,2024-04-02,6.904583333333334,12.49,1.97,66.80083333333333,84.23,2.1475,813.08,3.8541666666666665,8.1,-1.8,4.72232075590902,8.852418568683557,11.05493888888889,0.0,0.0,0.01,1.97,2.408333333333333,8.1,7.830555555555555,18.1,10.795833333333333,10.061527777777778,4.77,0,0,0,0,0.0,0.0,LOW
Srinagar,34.0837,74.7973,2024-04-03,5.796666666666667,10.24,1.36,75.68458333333334,88.3,3.1641666666666666,290.88,0.47500000000000003,6.6,-7.5,4.201176340481458,7.13828933344361,8.72825,0.0,0.0,4.74,1.36,0.48333333333333334,5.7,2.7680555555555544,8.1,7.734166666666667,6.436250000000001,1.6333333333333329,0,0,0,0,0.0,0.0,LOW
Srinagar,34.0837,74.7973,2024-04-04,6.992916666666667,11.45,1.05,61.255,84.55,1.84875,594.5,4.608333333333333,8.2,-2.4,4.493915299463031,7.914752304999784,9.91407222222222,0.0,0.0,0.0,1.05,2.908333333333333,4.6,2.9791666666666656,8.2,5.715000000000001,6.564722222222223,1.4599999999999993,0,0,0,0,0.0,0.0,LOW
Srinagar,34.0837,74.7973,2024-04-05,6.425833333333333,11.22,0.67,59.55375,72.47,2.0587500000000003,548.97,3.2916666666666665,7.4,-4.5,3.873488163925279,7.8200398478858455,9.707550000000001,0.0,0.0,0.31,0.67,1.675,7.4,2.7916666666666656,8.2,3.2408333333333332,6.405138888888889,1.0266666666666662,0,0,0,0,0.0,0.0,LOW
Srinagar,34.0837,74.7973,2024-04-06,7.5945833333333335,12.74,0.6,60.00208333333333,73.31,1.67875,956.72,5.6000000000000005,11.0,-4.8,4.9833055860374715,9.096333779840991,11.318905555555554,0.0,0.0,0.03,0.6,2.983333333333333,11.0,4.499999999999999,11.0,3.565833333333333,7.004444444444445,0.7733333333333329,0,0,0,0,0.0,0.0,LOW
Srinagar,34.0837,74.7973,2024-04-07,7.495416666666666,12.49,0.83,55.57208333333333,67.29,1.91125,902.28,4.820833333333334,8.9,-4.7,4.651469948376765,8.838571739933974,11.052066666666668,0.0,0.0,0.03,0.83,2.6416666666666666,8.9,4.570833333333332,11.0,3.7591666666666668,7.171944444444445,0.6999999999999994,0,0,0,0,0.0,0.0,LOW
Srinagar,34.0837,74.7973,2024-04-08,8.649583333333334,14.91,0.59,42.265,63.73,1.63375,1004.92,6.241666666666667,14.7,-5.2,4.835496911315949,9.505767395743991,13.223177777777774,0.0,0.0,0.0,0.59,2.4,11.8,5.554166666666666,14.7,4.9125000000000005,7.9131944444444455,0.6733333333333328,0,0,0,0,0.0,0.0,LOW
Srinagar,34.0837,74.7973,2024-04-09,9.513333333333334,15.33,2.87,51.74125,68.41,2.027083333333333,983.67,6.708333333333333,12.5,-1.8,6.200988446403,10.58637559455343,13.906305555555555,0.0,0.0,0.0,2.87,4.883333333333334,12.5,5.92361111111111,14.7,5.3325000000000005,8.552777777777779,1.4299999999999995,0,0,0,0,0.0,0.0,LOW
Srinagar,34.0837,74.7973,2024-04-10,8.9575,14.6,3.51,62.60916666666666,83.16,1.7070833333333333,790.78,7.183333333333334,11.3,0.7,6.368162776841026,10.293408289832275,13.229194444444445,0.0,0.0,0.68,3.51,5.691666666666666,11.3,6.711111111111111,14.7,6.110833333333334,9.04013888888889,2.323333333333333,0,0,0,0,0.0,0.0,LOW
Srinagar,34.0837,74.7973,2024-04-11,6.63,10.78,3.15,75.28666666666668,88.14,2.2666666666666666,612.2,3.3791666666666664,9.1,-0.3,5.0079028614368815,8.129894038288944,9.495888888888889,0.0,0.0,0.67,3.15,1.9416666666666667,3.5,5.756944444444443,12.5,5.666666666666666,8.366944444444444,3.176666666666666,0,0,0,0,0.0,0.0,LOW
Srinagar,34.0837,74.7973,2024-04-12,8.605833333333333,13.58,3.27,69.00791666666667,79.44,1.67,677.88,6.875,12.6,-0.3,6.490156899825325,10.342193320383679,12.434627777777779,0.0,0.0,0.87,3.27,4.6,12.6,5.812499999999999,12.6,6.0775,8.064444444444446,3.309999999999999,0,0,0,0,0.0,0.0,LOW
Srinagar,34.0837,74.7973,2024-04-13,7.451666666666667,12.14,3.16,79.88416666666667,91.58,3.15875,519.95,2.1166666666666667,6.1,-0.2,6.073475339779745,9.666182688837354,11.096333333333336,0.0,0.0,14.95,3.16,1.6416666666666666,3.9,4.12361111111111,12.6,5.2524999999999995,7.5625,3.193333333333333,0,0,0,0,0.0,0.0,LOW
Srinagar,34.0837,74.7973,2024-04-14,6.52875,10.17,3.49,86.01791666666666,94.22,2.4583333333333335,113.12,2.908333333333333,6.4,0.3,5.554928341636706,8.36801944837165,9.17738888888889,0.0,0.0,23.44,3.49,1.9166666666666667,4.0,3.9666666666666655,12.6,4.4925,7.52875,3.306666666666666,0,0,0,0,0.0,0.0,LOW
Srinagar,34.0837,74.7973,2024-04-15,7.124583333333334,9.24,4.6,90.75666666666666,97.61,2.7566666666666664,156.18,2.904166666666667,5.8,-0.3,6.46567900879655,8.19809095329881,8.398588888888888,0.0,0.0,35.66,4.6,3.9249999999999994,5.8,2.6430555555555544,6.4,3.6366666666666667,7.035000000000001,3.7499999999999996,0,0,0,0,0.0,0.0,LOW
Srinagar,34.0837,74.7973,2024-04-16,6.502083333333334,11.28,-0.03,73.02499999999999,96.04,1.7354166666666666,633.1,4.358333333333333,10.9,-8.7,4.755878534120666,8.742994936587209,10.105683333333333,0.0,0.0,0.1,-0.03,1.333333333333333,8.2,3.390277777777776,10.9,3.8325000000000005,6.718472222222222,2.686666666666666,0,0,0,0,0.0,0.0,LOW
Srinagar,34.0837,74.7973,2024-04-17,9.59125,14.87,-0.13,55.76208333333333,73.6,1.7604166666666667,787.17,7.341666666666666,13.5,-9.3,6.5327747024183305,10.607620431296803,13.555177777777775,0.0,0.0,0.59,-0.13,4.341666666666667,13.5,4.868055555555554,13.5,3.9258333333333333,7.739305555555557,1.4799999999999993,0,0,0,0,0.0,0.0,LOW
Srinagar,34.0837,74.7973,2024-04-18,7.689583333333334,12.78,2.36,73.28666666666668,91.95,2.5416666666666665,207.3,3.6750000000000003,7.7,-3.0,5.832704203669652,9.153509289827673,11.415716666666663,0.0,0.0,9.84,2.36,2.5416666666666665,7.7,5.124999999999998,13.5,4.2375,7.9276388888888905,0.7333333333333326,0,0,0,0,0.0,0.0,LOW
Srinagar,34.0837,74.7973,2024-04-19,7.534166666666667,13.84,2.06,78.93916666666667,95.14,2.9933333333333336,342.92,2.754166666666667,6.7,-3.1,6.04642719611348,10.316470659425724,12.651955555555558,0.0,0.0,24.75,2.06,1.741666666666667,4.4,4.590277777777776,13.5,4.206666666666667,8.271666666666668,1.429999999999999,0,0,0,0,0.0,0.0,LOW
Srinagar,34.0837,74.7973,2024-04-20,7.4975,11.57,1.36,67.35333333333334,94.98,1.8983333333333334,624.78,5.0874999999999995,10.7,-2.6,5.354883366994801,8.688983668857395,10.306399999999998,0.0,0.0,2.48,1.36,2.433333333333333,4.0,3.8388888888888872,10.7,4.643333333333333,7.573750000000001,1.9266666666666659,0,0,0,0,0.0,0.0,LOW
Srinagar,34.0837,74.7973,2024-04-21,9.325416666666667,13.48,4.44,67.56,82.95,1.51875,745.45,8.208333333333334,11.1,2.3,7.09534451667426,10.376404842607753,12.366405555555563,0.0,0.0,3.02,4.44,6.683333333333334,9.6,5.349999999999999,11.1,5.413333333333334,8.119027777777779,2.6199999999999997,0,0,0,0,0.0,0.0,LOW
Srinagar,34.0837,74.7973,2024-04-22,8.501666666666667,12.66,4.33,71.60166666666667,85.36,1.745,946.42,6.8875,10.3,3.9,6.57282811975907,9.743243716192062,11.504877777777775,0.0,0.0,0.87,4.33,5.433333333333334,7.7,6.727777777777777,11.1,5.3225,8.441527777777779,3.3766666666666665,0,0,0,0,0.0,0.0,LOW
Srinagar,34.0837,74.7973,2024-04-23,8.442083333333334,12.44,4.36,70.255,81.05,1.5879166666666666,962.6,7.2,9.3,4.2,6.435151121551715,9.55047562799397,11.26888333333333,0.0,0.0,0.06,4.36,6.325,9.3,7.4319444444444445,11.1,6.0275,8.75638888888889,4.376666666666666,0,0,0,0,0.0,0.0,LOW
Srinagar,34.0837,74.7973,2024-04-24,8.217916666666666,12.36,4.3,70.82375,81.52,1.9316666666666666,936.53,6.075,9.9,2.7,6.27086871192724,9.69236312274576,11.258694444444444,0.0,0.0,0.15,4.3,5.45,9.9,6.720833333333332,10.3,6.691666666666667,8.387222222222222,4.329999999999999,0,0,0,0,0.0,0.0,LOW
Srinagar,34.0837,74.7973,2024-04-25,10.952083333333334,15.93,4.83,63.837916666666665,76.85,1.6900000000000002,979.1,9.508333333333333,12.9,2.8,8.364123745927879,12.140255806271139,14.898211111111111,0.0,0.0,0.0,4.83,8.341666666666667,12.9,7.594444444444444,12.9,7.575833333333333,9.20402777777778,4.496666666666666,0,0,0,0,0.0,0.0,LOW
Srinagar,34.0837,74.7973,2024-04-26,9.039583333333335,14.03,2.96,75.03875000000001,96.53,2.63625,698.75,5.220833333333333,9.7,0.7,7.261272870512832,10.7112350812904,12.880799999999997,0.0,0.0,7.88,2.96,5.133333333333334,9.7,6.934722222222221,12.9,6.9783333333333335,9.403194444444447,4.03,0,0,0,0,0.0,0.0,LOW
Srinagar,34.0837,74.7973,2024-04-27,5.239166666666667,10.18,1.74,86.00041666666665,94.96,3.3783333333333334,181.57,-1.4291666666666665,3.1,-4.4,4.296154995625847,8.283259012781064,9.14739444444444,0.0,0.0,24.72,1.74,-1.1333333333333333,3.1,4.433333333333333,12.9,5.3149999999999995,8.41027777777778,3.176666666666666,0,0,0,0,0.0,0.0,LOW
Srinagar,34.0837,74.7973,2024-04-28,6.0008333333333335,10.01,1.56,84.99541666666666,92.46,4.049166666666667,414.62,-1.8,3.2,-5.8,4.985195085375362,8.09599860663482,8.940027777777779,0.0,0.0,29.85,1.56,-2.658333333333333,0.7,0.6638888888888883,9.7,3.5149999999999997,6.759861111111113,2.086666666666666,0,0,0,0,0.0,0.0,LOW
Srinagar,34.0837,74.7973,2024-04-29,3.5204166666666663,6.11,1.09,82.81791666666668,90.91,2.6804166666666664,129.7,-1.6791666666666665,6.0,-7.4,2.4447345854096434,4.771124926287256,4.851083333333336,0.0,0.0,43.31,1.09,-3.1833333333333336,2.5,-1.6361111111111117,6.0,1.9641666666666666,4.92013888888889,1.463333333333333,0,0,0,0,0.0,0.0,LOW
Srinagar,34.0837,74.7973,2024-04-30,4.095833333333333,7.75,0.56,73.61208333333333,85.82,2.5920833333333335,452.35,-0.7541666666666668,6.1,-5.7,2.474899275576843,5.605108714081543,6.303594444444446,0.0,0.0,4.7700000000000005,0.56,-2.2666666666666666,0.8,-1.4111111111111116,6.1,-0.0883333333333333,4.539027777777778,1.0699999999999994,0,0,0,0,0.0,0.0,LOW
Srinagar,34.0837,74.7973,2024-05-01,5.492083333333333,9.56,1.41,68.11291666666666,77.09,1.5454166666666669,1017.65,3.966666666666667,7.3,-3.7,3.5385759721782932,7.0252373614150425,8.177911111111113,0.0,0.0,0.35000000000000003,1.41,1.6416666666666666,6.5,0.5111111111111106,7.3,-0.33916666666666656,4.369444444444445,1.0199999999999994,0,0,0,0,0.0,0.0,LOW
Srinagar,34.0837,74.7973,2024-05-02,10.362499999999999,16.09,1.81,54.284166666666664,70.36,1.8508333333333333,1031.03,7.8999999999999995,13.8,-3.7,7.187379632887712,12.012312221304372,14.989611111111113,0.0,0.0,0.0,1.81,3.966666666666667,13.8,3.7041666666666657,13.8,1.5266666666666666,6.65013888888889,1.2599999999999996,0,0,0,0,0.0,0.0,LOW
Srinagar,34.0837,74.7973,2024-05-03,11.139166666666666,18.04,5.22,66.51333333333334,89.67,2.3679166666666664,633.53,8.158333333333333,14.8,2.3,8.61778328828863,13.481130546843024,17.06881111111111,0.0,0.0,0.09,5.22,7.258333333333334,14.8,6.675,14.8,3.5183333333333335,8.997916666666667,2.8133333333333326,0,0,0,0,0.0,0.0,LOW
Srinagar,34.0837,74.7973,2024-05-04,9.59375,14.31,5.73,73.4675,88.87,1.9395833333333332,395.52,7.55,12.0,3.3,7.73215580114535,11.38702508535,13.382805555555551,0.0,0.0,0.52,5.73,4.9750000000000005,8.1,7.869444444444444,14.8,5.364166666666667,10.36513888888889,4.253333333333333,0,0,0,0,0.0,0.0,LOW
Srinagar,34.0837,74.7973,2024-05-05,12.481666666666667,17.51,6.1,62.24166666666667,74.16,1.81125,1013.67,10.745833333333332,14.7,3.4,9.694166389492482,13.701767958099655,16.67276666666667,0.0,0.0,0.0,6.1,8.658333333333333,14.7,8.818055555555555,14.8,7.664166666666667,11.07152777777778,5.683333333333333,0,0,0,0,0.0,0.0,LOW
Srinagar,34.0837,74.7973,2024-05-06,13.563333333333333,17.89,7.88,64.47208333333333,78.07,1.6404166666666666,984.67,12.408333333333333,14.6,5.8,10.880094224828506,14.181804076844825,17.133327777777776,0.0,0.0,0.0,7.88,11.083333333333334,14.6,10.234722222222222,14.7,9.3525,11.879583333333334,6.57,0,0,0,0,0.0,0.0,LOW
Srinagar,34.0837,74.7973,2024-05-07,13.981666666666667,19.1,8.36,65.79791666666667,80.07,1.9833333333333334,1010.45,12.133333333333333,16.9,5.7,11.331621728342268,14.998157581767487,18.37998888888889,0.0,0.0,0.0,8.36,10.566666666666666,16.9,11.762499999999998,16.9,10.199166666666667,13.342222222222224,7.446666666666665,0,0,0,0,0.0,0.0,LOW
Srinagar,34.0837,74.7973,2024-05-08,15.120416666666666,21.06,8.64,60.29708333333334,76.96,2.03125,1018.6,13.120833333333332,18.1,6.1,11.937174156709156,16.30316342845923,20.397600000000004,0.0,0.0,0.0,8.64,11.183333333333332,18.1,12.554166666666665,18.1,11.191666666666666,14.221805555555555,8.293333333333331,0,0,0,0,0.0,0.0,LOW
Srinagar,34.0837,74.7973,2024-05-09,14.838333333333333,20.14,9.63,61.78125,73.97,1.9691666666666665,1015.65,13.025,16.6,7.7,11.850284292665577,15.857494097649614,19.504144444444446,0.0,0.0,0.19,9.63,11.116666666666667,16.1,12.759722222222223,18.1,12.286666666666665,14.646805555555554,8.876666666666667,0,0,0,0,0.0,0.0,LOW
Srinagar,34.0837,74.7973,2024-05-10,14.180833333333332,18.48,9.81,64.24166666666666,74.99,1.6879166666666665,476.73,12.929166666666667,16.9,8.7,11.427619414273773,15.056141530440934,17.904788888888884,0.0,0.0,0.54,9.81,11.941666666666668,16.2,13.025,18.1,12.723333333333333,14.713194444444445,9.36,0,0,0,0,0.0,0.0,LOW
Srinagar,34.0837,74.7973,2024-05-11,10.845416666666667,15.16,4.09,74.38041666666668,87.3,1.7341666666666666,910.25,9.329166666666667,14.1,-4.0,9.011185531231101,12.401702794331388,14.36872222222222,0.0,0.0,5.970000000000001,4.09,7.158333333333334,14.1,11.761111111111111,16.9,12.1075,13.288194444444445,7.843333333333334,0,0,0,0,0.0,0.0,LOW
Srinagar,34.0837,74.7973,2024-05-12,8.51125,12.58,4.41,73.02458333333333,82.57,2.825416666666667,634.7,4.258333333333334,10.3,1.0,6.709715642614285,10.519792307044726,11.704100000000004,0.0,0.0,9.97,4.41,3.3333333333333335,5.6,8.83888888888889,16.9,10.5325,11.179166666666667,6.103333333333333,0,0,0,0,0.0,0.0,LOW
Srinagar,34.0837,74.7973,2024-05-13,10.805833333333332,15.89,4.6,52.29333333333333,70.84,1.8854166666666667,998.45,8.383333333333335,12.9,1.2,7.447504510789333,11.586927884009237,14.689711111111112,0.0,0.0,0.0,4.6,5.308333333333334,11.5,7.323611111111113,14.1,9.585000000000003,10.054166666666667,4.366666666666666,0,0,0,0,0.0,0.0,LOW
Srinagar,34.0837,74.7973,2024-05-14,13.644166666666665,19.07,6.06,51.20375000000001,70.93,1.8754166666666665,1031.5,11.525,16.5,2.6,9.948380412788794,14.221139064377617,18.128405555555545,0.0,0.0,0.0,6.06,9.475,16.5,8.055555555555557,16.5,9.285,10.987083333333336,5.0233333333333325,0,0,0,0,0.0,0.0,LOW
Srinagar,34.0837,74.7973,2024-05-15,14.606666666666667,20.35,9.0,60.44958333333333,76.5,2.25,1046.9,12.200000000000001,15.4,6.7,11.503230556619704,15.939060724202522,19.70250555555556,0.0,0.0,0.0,9.0,10.299999999999999,15.3,10.702777777777778,16.5,9.139166666666668,13.018888888888888,6.553333333333332,0,0,0,0,0.0,0.0,LOW
Srinagar,34.0837,74.7973,2024-05-16,15.249166666666667,20.15,9.46,55.77,74.86,1.5366666666666668,992.75,14.041666666666666,18.1,7.4,11.77732038458752,15.476505548773382,19.409916666666657,0.0,0.0,0.0,9.46,12.174999999999999,17.5,12.588888888888889,18.1,10.081666666666667,14.5,8.173333333333332,0,0,0,0,0.0,0.0,LOW
Srinagar,34.0837,74.7973,2024-05-17,15.560416666666667,20.65,9.27,56.365,71.33,1.70375,967.22,14.012500000000001,17.8,6.5,12.06738692852945,15.821958299607214,19.93145555555556,0.0,0.0,0.0,9.27,11.808333333333332,17.7,13.418055555555556,18.1,12.032500000000002,15.138750000000002,9.243333333333332,0,0,0,0,0.0,0.0,LOW
Srinagar,34.0837,74.7973,2024-05-18,15.896666666666667,20.86,9.45,61.72083333333333,76.52,1.71875,886.72,14.5375,18.5,6.8,12.79636265897326,16.420105171509288,20.228349999999995,0.0,0.0,0.48,9.45,12.483333333333334,18.5,14.197222222222223,18.5,13.263333333333332,15.568750000000001,9.393333333333333,0,0,0,0,0.0,0.0,LOW
Srinagar,34.0837,74.7973,2024-05-19,15.502083333333333,19.79,10.59,65.09791666666666,79.52,2.0533333333333332,842.3,13.708333333333334,16.0,8.3,12.717659907579197,15.782337225467462,19.19512777777778,0.0,0.0,5.12,10.59,12.141666666666666,15.4,14.086111111111114,18.5,13.7,15.653055555555556,9.769999999999998,0,0,0,0,0.0,0.0,LOW
Srinagar,34.0837,74.7973,2024-05-20,14.893749999999999,19.68,8.25,61.31,80.73,2.1708333333333334,984.12,12.670833333333334,16.1,5.8,11.862386422462393,15.494243493855258,19.01355,0.0,0.0,0.46,8.25,10.533333333333333,14.9,13.638888888888891,18.5,13.794166666666666,15.430833333333334,9.43,0,0,0,0,0.0,0.0,LOW
Srinagar,34.0837,74.7973,2024-05-21,15.799583333333333,20.66,8.51,56.8975,74.35,1.8445833333333332,1022.42,14.025,17.9,6.2,12.345189226556846,16.12719626379154,20.0234,0.0,0.0,0.0,8.51,11.383333333333333,16.5,13.468055555555557,17.9,13.790833333333333,15.398472222222223,9.116666666666665,0,0,0,0,0.0,0.0,LOW
Srinagar,34.0837,74.7973,2024-05-22,16.830000000000002,21.97,10.56,62.56833333333333,81.86,2.0058333333333334,1001.85,15.120833333333332,18.4,7.9,13.732096327066294,17.407108553669758,21.48189444444445,0.0,0.0,0.0,10.56,13.25,18.3,13.938888888888888,18.4,14.0125,15.841111111111113,9.106666666666667,0,0,0,0,0.0,0.0,LOW
Srinagar,34.0837,74.7973,2024-05-23,16.390833333333333,21.67,9.78,56.384166666666665,80.55,2.1141666666666667,998.85,14.204166666666666,18.2,7.2,12.809876642918441,16.57415755944341,21.015072222222223,0.0,0.0,0.0,9.78,12.066666666666665,18.2,14.449999999999998,18.4,13.945833333333335,16.34013888888889,9.616666666666665,0,0,0,0,0.0,0.0,LOW
Srinagar,34.0837,74.7973,2024-05-24,15.7675,20.83,9.11,63.12416666666667,81.75,2.0079166666666666,952.83,13.991666666666667,17.4,7.9,12.776246614162034,16.411137000196074,20.246433333333332,0.0,0.0,1.11,9.11,12.275,17.4,14.438888888888888,18.4,14.002500000000001,16.329444444444448,9.816666666666665,0,0,0,0,0.0,0.0,LOW
Srinagar,34.0837,74.7973,2024-05-25,15.972916666666668,21.62,8.84,55.66375,78.13,2.315,1005.38,13.358333333333334,17.4,5.2,12.35200991434369,16.54188620878455,20.964772222222226,0.0,0.0,0.0,8.84,10.716666666666667,16.5,13.85138888888889,18.2,14.14,16.043750000000003,9.243333333333332,0,0,0,0,0.0,0.0,LOW
Srinagar,34.0837,74.7973,2024-05-26,16.7975,22.93,9.44,48.40375,70.54,2.1804166666666664,1018.45,14.158333333333333,19.2,6.0,12.48887983638407,17.05698504074164,22.25406666666667,0.0,0.0,0.0,9.44,11.108333333333334,18.4,13.83611111111111,19.2,14.166666666666666,16.17930555555556,9.129999999999997,0,0,0,0,0.0,0.0,LOW
Srinagar,34.0837,74.7973,2024-05-27,17.407500000000002,23.72,9.21,47.843333333333334,63.08,2.4575,1022.2,14.458333333333334,19.2,5.7,12.968922558113443,17.744695064980313,23.124894444444443,0.0,0.0,0.0,9.21,12.241666666666667,19.2,13.991666666666667,19.2,14.034166666666668,16.725972222222225,9.163333333333332,0,0,0,0,0.0,0.0,LOW
Srinagar,34.0837,74.7973,2024-05-28,16.68916666666667,22.54,8.89,46.08416666666667,64.04,2.267916666666667,971.7,13.870833333333332,19.2,4.7,12.160997227440054,16.37821477255397,21.74673333333333,0.0,0.0,0.0,8.89,11.791666666666666,19.2,14.1625,19.2,13.967499999999998,16.964722222222225,9.18,0,0,0,0,0.0,0.0,LOW
Srinagar,34.0837,74.7973,2024-05-29,16.448333333333334,21.97,9.37,46.22125,64.87,2.4125,926.92,13.325000000000001,17.0,5.4,11.947693450949588,15.669382180700268,21.06568333333333,0.0,0.0,1.74,9.37,10.983333333333334,17.0,13.884722222222223,19.2,13.834166666666667,16.848333333333336,9.156666666666666,0,0,0,0,0.0,0.0,LOW
Srinagar,34.0837,74.7973,2024-05-30,15.675416666666665,21.41,8.65,41.08625,64.45,2.736666666666667,991.03,11.795833333333334,15.6,4.0,10.922326834774031,15.316234248735187,20.472138888888892,0.0,0.0,0.0,8.65,9.091666666666667,14.1,12.997222222222222,19.2,13.521666666666667,16.270972222222223,8.969999999999999,0,0,0,0,0.0,0.0,LOW
Srinagar,34.0837,74.7973,2024-05-31,15.995416666666666,21.17,8.43,44.530833333333334,64.74,1.7958333333333334,815.7,13.783333333333333,18.4,4.4,11.41898353626373,15.276096660131447,20.25618333333334,0.0,0.0,0.11,8.43,10.908333333333333,18.3,12.968055555555557,18.4,13.446666666666667,16.039722222222224,8.816666666666665,0,0,0,0,0.0,0.0,LOW
Srinagar,34.0837,74.7973,2024-06-01,15.247083333333334,21.29,8.03,48.56666666666666,67.21,2.1925,894.5,12.420833333333334,17.6,4.0,11.028424582194768,15.22284104013809,20.35032222222223,0.0,0.0,0.0,8.03,9.741666666666665,17.6,12.666666666666666,18.4,13.039166666666668,15.639305555555557,8.37,0,0,0,0,0.0,0.0,LOW
Srinagar,34.0837,74.7973,2024-06-02,16.324583333333333,21.91,8.72,43.43875,68.09,2.0370833333333334,945.7,13.870833333333332,17.3,5.2,11.635873116374121,15.56443976405397,20.993155555555553,0.0,0.0,0.0,8.72,11.666666666666666,17.1,13.358333333333334,18.4,13.039166666666665,15.855694444444445,8.393333333333333,0,0,0,0,0.0,0.0,LOW
Srinagar,34.0837,74.7973,2024-06-03,17.26125,23.62,10.42,47.22083333333333,69.33,2.02625,893.97,15.083333333333334,18.6,8.6,12.692235492695715,16.738193308548503,22.819844444444445,0.0,0.0,0.03,10.42,12.85,18.5,13.791666666666666,18.6,13.390833333333333,16.27763888888889,9.056666666666667,0,0,0,0,0.0,0.0,LOW
Srinagar,34.0837,74.7973,2024-06-04,17.124583333333334,22.35,11.1,43.06666666666666,60.83,1.9579166666666667,855.85,14.958333333333334,17.3,10.7,12.332981087175947,15.918335115571605,21.47793888888889,0.0,0.0,0.72,11.1,14.116666666666667,17.2,14.637500000000001,18.6,14.023333333333332,16.903472222222224,10.08,0,0,0,0,0.0,0.0,LOW
Srinagar,34.0837,74.7973,2024-06-05,13.978333333333333,20.39,6.87,66.73666666666666,91.57,2.2641666666666667,335.7,11.558333333333332,16.8,5.5,11.278244179973006,15.392788220430104,19.612555555555552,0.0,0.0,12.04,6.87,9.858333333333333,16.8,13.866666666666667,18.6,13.578333333333333,16.12138888888889,9.463333333333333,0,0,0,0,0.0,0.0,LOW
Srinagar,34.0837,74.7973,2024-06-06,12.378333333333332,17.51,7.25,70.61874999999999,87.7,2.151666666666667,664.55,10.058333333333334,14.5,4.7,10.152725233906514,13.62937039297249,16.664411111111107,0.0,0.0,4.27,7.25,7.341666666666666,12.7,12.191666666666665,17.3,13.105833333333333,14.49375,8.406666666666666,0,0,0,0,0.0,0.0,LOW
Srinagar,34.0837,74.7973,2024-06-07,13.424166666666666,18.28,7.95,62.71458333333334,80.92,2.450416666666667,633.85,10.416666666666666,14.9,5.1,10.528159276370644,13.826784475920885,17.382161111111106,0.0,0.0,2.38,7.95,8.625,12.9,10.677777777777777,16.8,12.415000000000001,13.260277777777778,7.3566666666666665,0,0,0,0,0.0,0.0,LOW
Srinagar,34.0837,74.7973,2024-06-08,13.498750000000001,18.97,6.98,58.61833333333333,81.61,2.8662499999999995,666.85,9.612499999999999,13.7,4.1,10.279443992571002,14.099869326543073,18.03045,0.0,0.0,1.08,6.98,7.216666666666666,10.3,10.029166666666667,14.9,11.320833333333333,13.100416666666668,7.3933333333333335,0,0,0,0,0.0,0.0,LOW
Srinagar,34.0837,74.7973,2024-06-09,15.115,20.45,7.95,48.78,72.44,1.7483333333333333,836.33,13.2125,17.6,5.8,10.997478736035868,14.696445825914216,19.47410555555556,0.0,0.0,0.0,7.95,10.424999999999999,16.0,11.080555555555554,17.6,10.971666666666666,14.012638888888892,7.626666666666666,0,0,0,0,0.0,0.0,LOW
Srinagar,34.0837,74.7973,2024-06-10,15.373333333333333,21.44,9.73,54.007083333333334,75.98,2.0029166666666667,795.6,13.154166666666667,18.1,7.4,11.58634369134451,15.579580426416618,20.57119999999999,0.0,0.0,0.0,9.73,11.075000000000001,17.4,11.993055555555555,18.1,11.290833333333333,14.662361111111112,8.22,0,0,0,0,0.0,0.0,LOW
Srinagar,34.0837,74.7973,2024-06-11,16.722916666666666,21.64,10.37,49.54333333333333,68.87,1.78,905.88,14.9375,17.9,8.4,12.543330609446313,15.912386152530493,20.829061111111102,0.0,0.0,0.0,10.37,13.1,17.7,13.768055555555556,18.1,12.266666666666667,15.737083333333336,9.35,0,0,0,0,0.0,0.0,LOW
Srinagar,34.0837,74.7973,2024-06-12,16.97791666666667,22.92,10.28,55.05041666666667,71.02,2.1529166666666666,972.22,14.829166666666667,18.7,7.7,13.184499169640736,17.24325045676132,22.2932,0.0,0.0,1.54,10.28,13.25,18.7,14.306944444444445,18.7,13.149166666666668,16.358055555555556,10.126666666666667,0,0,0,0,0.0,0.0,LOW
Srinagar,34.0837,74.7973,2024-06-13,15.695416666666667,22.41,8.29,55.43416666666667,76.2,2.2375000000000003,569.78,13.129166666666668,19.1,4.8,11.985302157839312,16.55397059380331,21.671100000000003,0.0,0.0,1.6400000000000001,8.29,11.4,19.1,14.298611111111112,19.1,13.852500000000001,16.46541666666667,9.646666666666667,0,0,0,0,0.0,0.0,LOW
Srinagar,34.0837,74.7973,2024-06-14,17.223333333333333,23.12,9.42,46.395833333333336,68.3,1.7537500000000001,825.33,15.320833333333333,19.6,6.7,12.651218409948848,16.774430816597878,22.3487,0.0,0.0,1.5,9.42,12.741666666666667,19.4,14.426388888888889,19.6,14.274166666666668,16.632222222222225,9.33,0,0,0,0,0.0,0.0,LOW
Srinagar,34.0837,74.7973,2024-06-15,17.56083333333333,23.06,10.81,49.38291666666667,67.35,1.9691666666666665,843.47,15.4625,18.7,8.0,13.256972754187473,17.138886608577042,22.39393333333333,0.0,0.0,0.22,10.81,13.216666666666667,18.5,14.637500000000001,19.6,14.735833333333336,16.82652777777778,9.506666666666666,0,0,0,0,0.0,0.0,LOW
Srinagar,34.0837,74.7973,2024-06-16,19.850416666666668,25.71,11.77,46.12083333333334,66.33,1.7170833333333333,885.97,18.241666666666667,22.1,9.5,14.948714061096455,18.74173919462517,25.174461111111118,0.0,0.0,0.0,11.77,16.033333333333335,21.4,16.341666666666665,22.1,15.396666666666667,18.21152777777778,10.666666666666666,0,0,0,0,0.0,0.0,LOW
Srinagar,34.0837,74.7973,2024-06-17,19.469166666666666,25.08,12.87,49.13916666666666,68.26,1.7795833333333333,806.53,17.883333333333333,21.3,12.1,14.917415625735172,18.55411105318514,24.549611111111105,0.0,0.0,0.13,12.87,16.116666666666667,21.3,17.195833333333333,22.1,16.0075,18.960138888888892,11.816666666666665,0,0,0,0,0.0,0.0,LOW
Srinagar,34.0837,74.7973,2024-06-18,18.48125,24.8,11.71,53.1275,71.22,1.9454166666666666,813.97,16.7,20.9,9.3,14.373310708539869,18.63076959765829,24.30819444444444,0.0,0.0,0.02,11.71,14.641666666666666,20.9,17.608333333333334,22.1,16.721666666666668,19.266944444444444,12.116666666666667,0,0,0,0,0.0,0.0,LOW
Srinagar,34.0837,74.7973,2024-06-19,18.3075,24.59,10.97,50.76916666666667,73.26,2.4983333333333335,435.15,15.683333333333332,19.2,9.7,13.926516627975332,17.621675363451168,23.914522222222217,0.0,0.0,4.77,10.97,13.916666666666666,19.0,16.755555555555556,21.3,16.794166666666666,18.752638888888892,11.85,0,0,0,0,0.0,0.0,LOW
Srinagar,34.0837,74.7973,2024-06-20,15.89,20.53,10.18,58.42875,82.2,1.8108333333333333,776.65,14.225,17.6,8.4,12.447228588943446,15.234858828182587,19.67986666666667,0.0,0.0,3.75,10.18,12.25,16.4,15.536111111111111,20.9,16.546666666666663,17.559583333333336,10.953333333333333,0,0,0,0,0.0,0.0,LOW
Srinagar,34.0837,74.7973,2024-06-21,15.115416666666667,19.85,10.56,64.42083333333333,80.2,1.7612500000000002,290.98,13.75,16.8,9.4,12.252183284144303,15.133798093445012,19.076522222222227,0.0,0.0,2.83,10.56,12.049999999999999,15.8,14.552777777777777,19.2,15.648333333333332,16.43763888888889,10.57,0,0,0,0,0.0,0.0,LOW
Srinagar,34.0837,74.7973,2024-06-22,16.664583333333333,20.86,11.9,61.907916666666665,79.67,2.092916666666667,690.92,14.845833333333333,17.1,11.5,13.540654498356604,16.28868130562273,20.24522777777777,0.0,0.0,0.8,11.9,14.141666666666666,16.7,14.27361111111111,17.6,15.040833333333333,15.89,10.88,0,0,0,0,0.0,0.0,LOW
Srinagar,34.0837,74.7973,2024-06-23,17.497083333333332,22.22,12.48,62.913333333333334,80.68,1.8229166666666667,762.5,16.254166666666666,18.0,12.3,14.375644025720609,17.22688194581074,21.668638888888882,0.0,0.0,0.87,12.48,15.5,17.6,14.950000000000001,18.0,14.951666666666664,16.425694444444446,11.646666666666667,0,0,0,0,0.0,0.0,LOW
Srinagar,34.0837,74.7973,2024-06-24,18.71,24.0,12.97,52.49666666666667,82.22,1.8491666666666668,787.72,17.1125,20.5,11.5,14.54492431179027,17.683354212091885,23.362883333333343,0.0,0.0,0.06,12.97,15.325000000000001,19.0,16.070833333333336,20.5,15.2375,17.62388888888889,12.450000000000001,0,0,0,0,0.0,0.0,LOW
Srinagar,34.0837,74.7973,2024-06-25,19.13375,24.06,13.55,53.67625,73.6,1.8279166666666666,919.17,17.620833333333334,20.3,12.4,15.051943628105178,18.002184255931454,23.494977777777777,0.0,0.0,1.62,13.55,16.008333333333333,19.9,16.995833333333334,20.5,15.916666666666668,18.446944444444444,13.0,0,0,0,0,0.0,0.0,LOW
Srinagar,34.0837,74.7973,2024-06-26,19.502916666666668,24.53,14.15,58.67166666666666,81.85,1.8775000000000002,738.33,18.179166666666667,20.8,14.0,15.806093770061716,18.4993056266529,24.03678333333333,0.0,0.0,1.4,14.15,16.833333333333332,19.7,17.6375,20.8,16.802500000000002,19.115555555555556,13.556666666666667,0,0,0,0,0.0,0.0,LOW
Srinagar,34.0837,74.7973,2024-06-27,19.978333333333335,26.14,14.67,61.37916666666666,86.52,2.14,876.58,18.55,21.6,15.1,16.424689696952676,19.657462157082854,25.73643333333334,0.0,0.0,0.34,14.67,17.55,21.2,18.116666666666664,21.6,17.543333333333333,19.538333333333338,14.123333333333335,0,0,0,0,0.0,0.0,LOW
Srinagar,34.0837,74.7973,2024-06-28,20.570416666666667,27.43,14.51,61.124583333333334,84.6,2.1145833333333335,698.5,19.304166666666667,22.9,16.1,16.943388816989444,20.775461762554208,27.17952222222222,0.15610628019323608,0.006504428341384837,0.37,14.51,18.525000000000002,22.9,18.677777777777777,22.9,18.153333333333336,20.017222222222223,14.443333333333333,0,0,0,0,0.0,0.0,LOW
Srinagar,34.0837,74.7973,2024-06-29,20.1575,25.81,15.08,62.395833333333336,83.04,2.125,677.67,18.804166666666667,21.8,16.6,16.743995449663462,19.944792044986944,25.518677777777782,0.0,0.0,0.06,15.08,18.041666666666668,21.0,18.88611111111111,22.9,18.491666666666667,20.23541666666667,14.753333333333332,0,0,0,0,0.0,0.0,LOW
Srinagar,34.0837,74.7973,2024-06-30,20.358333333333334,26.38,15.1,67.165,90.22,2.4433333333333334,743.67,18.833333333333332,22.1,15.8,17.34197668435705,20.637114771266354,26.18510555555555,0.0,0.0,8.72,15.1,17.900000000000002,21.3,18.980555555555558,22.9,18.73416666666667,20.362083333333334,14.896666666666667,0,0,0,0,0.0,0.0,LOW
